"id","title","authors","date","days_ago","abstract","pdf_url","openalex_pdf","europepmc_pdf","source","pdf_ok","pdf_blocked","pdf_file","pdf_mb","pdf_source"
"W7128958704","Purification, characterization and antibacterial potential of streptococcus-derived protease: Insights into biomedical applications","Hajer Sabah Shabram; Entesar Hussain Ali","2026-02-15",1,"Purification, characterization and antibacterial potential of streptococcus-derived protease: Insights into biomedical applications Authors Hajer Sabah Shabram Applied Sciences Department, University of Technology- Iraq, Baghdad 10066, Iraq Author Entesar Hussain Ali Applied Sciences Department, University of Technology- Iraq, Baghdad 10066, Iraq Author DOI: https://doi.org/10.56053/10.S.257 Keywords: Streptococcus-derived enzyme, Purification, Antibacterial Abstract Proteases are key industrial enzymes with significant biomedical potential. A protease-producing Streptococcus isolate is cultivated in casein–starch medium under optimized conditions (pH 7.4, 37 °C, 36 h). The enzyme is purified by ammonium sulfate precipitation, dialysis, ion exchange, and gel filtration, yielding a 2.74-fold increase in specific activity (13.8 to 37.83 U/mg) with 4.2% final yield. SDS-PAGE confirmed near-homogeneity. The protease showed optimum activity at 40 °C and pH 7.0, with moderate thermostability. Accordingly, the present study aims to isolate and identify a protease-producing Streptococcus strain, purify the extracellular enzyme through a multistep process, and characterize its biochemical properties in terms of activity, stability, and optimal operating conditions. Furthermore, the antibacterial potential of the purified protease is evaluated against both Gram-positive (Staphylococcus aureus) and Gram-negative (Escherichia coli) bacteria to assess its efficacy as a natural antimicrobial agent. Through this investigation, the work seeks to establish the Streptococcus-derived protease as a promising candidate for biomedical and therapeutic applications, particularly in the context of enzyme-based antibacterial strategies. Antibacterial assays revealed dose-dependent inhibition of Escherichia coli and Staphylococcus aureus, with stronger activity against Gram-positive bacteria, highlighting its potential as a promising antimicrobial biocatalyst. References -[1] S. da, Santos, and D. R. Izario, Experimental and Theoretical NANOTECHNOLOGY 3 (2019) 245 https://doi.org/10.56053/3.3.245 -[2] D.B. Devedov, R.J. Asherov, G.H. Glenko, N.O. Ferstaloya, Experimental and Theoretical NANOTECHNOLOGY 3 (2019) 253 https://doi.org/10.56053/3.3.253 -[3] T. Duńvki, V. Saryviak, Experimental and Theoretical NANOTECHNOLOGY 3 (2019) 269 https://doi.org/10.56053/3.3.269 -[4] M.Q. Ali, T.P. Kohler, L. Schulig, G. Burchhardt, S. Hammerschmidt, Front. Cell. Infect. Microbiol. 11 (2021) 763152 https://doi.org/10.3389/fcimb.2021.763152 -[5] C. Chiang-Ni et al., Virulence 14 (2023) 1 https://doi.org/10.1007/s15010-025-02646-1 -[6] S. Brouwer et al., Nat. Rev. Microbiol. 21 (2023) 619 https://doi.org/10.1038/s41579-023-00939-6 -[7] P.G. Georgiou, G.R. Stark, Curr. Protoc. Protein Sci. 83 (2016) 451 https://doi.org/10.17192/z2018.0517 -[8] Q. Zhou et al., J. Control. Release 352 (2022) 507 https://doi.org/10.1016/j.jconrel.2022.10.038 -[9] J. Zhou et al., Front. Microbiol. 13 (2022) 952633 https://doi.org/10.3389/fmicb.2022.952633 -[10] M. Bilal, S.A. Qamar, Biotechnol. Adv. 70 (2024) 108304 https://doi.org/10.1016/j.biotechadv.2023.108304 -[11] Y. Chen et al., Front. Nutr. 9 (2022) 884537 https://doi.org/10.3389/fnut.2022.1041655 -[12] T. Barnett, Microbiol. Spectr. 10 (2022) 1 https://doi.org/10.1038/s41467-022-34243-3 -[13] S. Phupaboon et al., Appl. Microbiol. Biotechnol. 107 (2023) 1 https://doi.org/10.1371/journal.pone.0312575 -[14] S. Gharbi et al., Mater. Sci. Eng. B, 270 (2021) 115191 https://doi.org/10.1016/j.mseb.2021.115191 -[15] K. Rampersadh et al., Front. Cell. Infect. Microbiol. 14 (2024) 1337861 https://doi.org/10.3389/fcimb.2024.1337861 -[16] S. McKenna et al., J. Innate Immun. 14 (2022) 69 https://doi.org/10.1159/000516956 -[17] J. Wang et al., Vaccines 11 (2023) 1510 https://doi.org/10.3390/vaccines11091510 -[18] O.Y.M. Alabdali, A. Guessab, Appl. Math. Comput. 247 (2014) 1129 10.56053/10.1.81 -[19] A. Ashraf et al., Fractal Fract. 7 (2023) 673 https://doi.org/10.3390/fractalfract7090673 -[20] J. Wei, L. Xie, Biophys. Rep. 6 (2020) 45. https://doi.org/10.1007/s13277-016-4896-2 -[21] M.M. Elnashar, A.A. Yassin, Biocatal. Agric. Biotechnol. 27 (2020) 101702 https://doi.org/10.5935/0100-4042.20140128 -[22] R. Gupta et al., Curr. Microbiol. 78 (2021) 1835 https://doi.org/10.1039/D0NA00961J -[23] D. Bouras et al., Ceramics International 44 (2018) 21546 https://doi.org/10.1016/j.ceramint.2018.08.218 -[24] N. Ben Azaza et al., Opt. Mater. 96 (2019) 109328 https://doi.org/10.1016/j.optmat.2019.109328 -[25] T. Alam, S. Sharma, Front. Microbiol. 12 (2021) 704582 https://doi.org/10.3390/ijms22137202 -[26] B.H. Chen, C.H. Hsu, Enzyme Microb. Technol. 157 (2022) 109924 https://doi.org/10.3389/fimmu.2023.1323233 -[27] H. Li et al., Chem. Rev. 123 (2023) 9876 https://doi.org/10.1038/s41570-023-00536-4 -[28] M. Al-Darraji et al., Asian Pac. J. Cancer Prev. 23 (2022) 3437 https://doi.org/10.1371/journal.pone.0126764 -[29] M.M. El-Sayed et al., Microorganisms 11 (2023) 345 https://doi.org/10.3390/biology13080553 -[30] A. Ben-Sassi et al., Biotechnol. Rep. 39 (2023) e00763 https://doi.org/10.1186/s13027-021-00344-9 -[31] S. Kumar et al., BMC Microbiol. 22 (2022) 1 https://doi.org/10.1186/s12879-022-07551-8 -[32] R. Sharma et al., Enzyme Microb. Technol. 168 (2023) 110139 https://doi.org/10.3390/ph16060881 -[33] F. Farias et al., Front. Microbiol. 14 (2023) 1139814 https://doi.org/10.3389/fmicb.2023.1340215 -[34] F. Dkhilalli et al., R. Soc. Open Sci. 5(8) (2018) 172214 https://doi.org/10.1098/rsos.172214 -[35] E. Kadri et al., J. Alloys Compd. 721 (2017) 779 https://doi.org/10.1016/j.jallcom.2017.06.025 -[36] M. Raghu et al., Process Biochem. 125 (2023) 1 10.1016/j.biortech.2017.01.011 -[37] N. Assoudi et al., Opt. Quantum Electron. 54 (2022) 122 https://doi.org/10.1007/s11082-022-03927-x -[38] Farouk BOUDOU, Nat. Sci. Biol. 16 (2024) 13837 https://doi.org/10.55779/nsb16211837 Downloads PDF Published 2026-02-15 Issue 2025: Special Issue (Selected Papers: 7th PAM 2025 Part I Guest Editor: Prof. Tarik AL-Omran) Section Articles How to Cite Purification, characterization and antibacterial potential of streptococcus-derived protease: Insights into biomedical applications. (2026). Experimental and Theoretical NANOTECHNOLOGY, 257-275. https://doi.org/10.56053/10.S.257 More Citation Formats ACM ACS APA ABNT Chicago Harvard IEEE MLA Turabian Vancouver AMA Download Citation Endnote/Zotero/Mendeley (RIS) BibTeX",NA,"https://doi.org/10.56053/10.s.257",NA,"openalex",FALSE,FALSE,NA,NA,NA
"W7128958046","Formulation and Evaluation of a Combination Tablet Containing Prucalopride Succinate and Elobixibat for the Treatment of Chronic Constipation","Shalini U. Rathod, N.D.Phupate, Venkatesh Nalabale, Gourav Bothra,","2026-02-15",1,"Abstract This research centers on creating and assessing a combination tablet that includes Prucalopride Succinate and Elobixibat aimed at treating chronic constipation. Prucalopride is a prokinetic medication that improves colonic movement, whereas Elobixibat, an IBAT blocker, helps treat constipation by affecting bile acid metabolism. The tablet composition features key excipients like microcrystalline cellulose, lactose monohydrate, povidone, sodium starch glycolate, magnesium stearate, and hydroxypropyl methylcellulose to guarantee optimal tablet efficiency and stability. Wet granulation was employed for tablet production, followed by compression and optional coating to improve the product's shelf life and patient acceptance. Pre-formulation investigations, which involved compatibility assessments utilizing methods like FTIR and DSC, were conducted to analyze the relationship between the APIs and excipients. The tablets were subjected to multiple quality control assessments, such as tests for weight variation, hardness, friability, and disintegration time, all of which were deemed acceptable. Dissolution studies revealed that both APIs demonstrated quick release profiles, with more than 98% drug release occurring within 30 minutes in the dissolution medium, adhering to pharmacopoeial standards for immediate-release formulations. The findings validate the successful creation of the combination tablet, exhibiting a clear dissolution profile and the necessary physical attributes for effectively treating chronic constipation. This combined treatment holds the promise of enhancing therapeutic results by addressing various pathways linked to constipation, resulting in quicker relief and greater patient adherence.",NA,"https://doi.org/10.5281/zenodo.18648087",NA,"openalex",FALSE,FALSE,NA,NA,NA
"W7128973316","Revealing the Impact of Starch&ndash;Pectin Interactions on the Textural Properties of Different Potato Varieties During Boiling","Tianran Liu; Qianqian Jiang; Xinzhu Cai; Xiaoyan Zhao; Dan Wang; Chunhong Zhang","2026-02-15",1,"This study aimed to investigate the changes in textural properties of two potato varieties (JZ-226 and XS-6) during boiling and to elucidate the interaction mechanisms within their starch&ndash;pectin composite systems, and their impacts on textural characteristics. The results showed that during the boiling process, both potato varieties exhibited decreased hardness and chewiness. As the boiling time lengthened, starch underwent gelatinization; the amylose content dropped; water solubility increased; and the swelling power, transparency, and iodine blue value reduced. Meanwhile, pectin degraded, with the degree of esterification increasing; the content of protopectin and other bound pectins decreased; and water-soluble pectin increased, along with molecular weight rising. In the early stages of gelatinization (15 min), the addition of pectin inhibited the short-range orderliness of starch, forming a relatively stable network structure. However, prolonged gelation disrupts the gel network structure of the starch&ndash;pectin complex, leading to further textural changes. Compared to XS-6, the pectin in JZ-226 demonstrated a stronger ability to inhibit starch short-range orderliness, forming a more stable network structure, thereby maintaining superior hardness. These findings provide a theoretical basis for understanding the molecular mechanisms underlying textural changes in potato processing and offer technical support for developing functional potato products.",NA,"https://doi.org/10.3390/foods15040722",NA,"openalex",FALSE,FALSE,NA,NA,NA
"W7128958363","Enhancing the resistant starch content of cassava starch via heat-moisture treatment for application as a prebiotic in chicken feed","Attawit Kovitvadhi","2026-02-15",1,"This study aimed to increase the resistant starch (RS) content of cassava starch via heat-moisture treatment (HMT) and evaluate its prebiotic potential in chicken feed.",NA,"https://doi.org/10.17632/r839mtn9mj.1",NA,"openalex",FALSE,FALSE,NA,NA,NA
"W7128951197","Post‐Heading High Nighttime Temperature Impairs Grain Protein‐Starch Balance and Rice Quality Through Altering Nitrogen Metabolism","Z. Liu; Shengming Xia; Yixiao Li; Hubo Li; Menghao Zhu; Huanran Yin; Zhenmei Wang; Jianguo Man; Dongliang Xiong; KeHui CUI; Jianliang Huang; Shaobing Peng; Shen Yuan; F. Wang","2026-02-15",1,"ABSTRACT High nighttime temperatures (HNT) tend to diminish rice quality by disrupting assimilate translocation and grain filling process in rice ( Oryza sativa L.). However, there is controversy remains regarding whether source or sink limitation are the primary driver under HNT during grain filling period. Additionally, the physiological mechanisms underlying the genotypic variation in the response of grain protein content to HNT and its effect on rice quality have been less explored. To address whether nitrogen remobilization from leaves to grains during grain filling determines genotypic differences in grain quality under high night temperature, two cultivars – HHZ (Huanghuazhan, an indica inbred line) and YY4949 (Yongyou4949, an indica ‐ japonica hybrid) – were treated with 30/22°C (day/night, CK) and 30/27°C (HNT) over two consecutive years. Significant genotypic variation in the response of grain storage substances to HNT was observed between the two cultivars. Under HNT, YY4949 exhibited a significant increase in grain protein content and glutelin/prolamin ratio, and this shift negatively impacted rice eating and cooking quality. Notably, the protein/amylose ratio exhibited a stronger correlation with chalkiness degree and pasting characteristics of rice flour. Under HNT, accelerated nitrogen remobilization from leaves to grains in YY4949 – driven by enhanced chloroplast degradation and upregulated expression of nitrogen metabolism‐related enzymes and transporters exacerbated source limitation to rice quality and disrupted the balance between starch and protein in grains. Collectively, these findings suggest that genetic modulation of nitrogen remobilization could facilitate the breeding of climate‐resilient rice cultivars with superior grain quality.",NA,NA,NA,"openalex",FALSE,FALSE,NA,NA,NA
"W7128961297","Developmental Differences and Implications for Small and Large ‘Zesy002’ Kiwifruit","J. Burdon; D. Billing; P. Pidakala; J. Cho; Philip Martin; A.M. Barnett; Helen Boldingh","2026-02-15",1,"‘Zesy002’ ( Actinidia chinensis var. chinensis , sold commercially as Zespri SunGold Kiwifruit) now dominates the New Zealand kiwifruit industry and the global market for yellow‐fleshed kiwifruit. It is an inherently larger‐fruited cultivar than the traditional green‐fleshed “Hayward” fruit, with an average fruit mass of ∼120 g compared to ∼100 g for ""Hayward."" Despite the larger average fruit size, there may still be a significant proportion of small fruit in the harvest. It has been noticed that there are marked compositional differences between the larger and smaller fruit at harvest. To investigate this, large (120–150 g) and small (80–90 g) fruit on five orchards were monitored during maturation. The differences between large and small fruit were consistent across orchards. For seed colour change, the cessation of growth and nett starch loss, there appeared little difference between the large and small fruit. The most noticeable difference was in flesh colour and SSC at any given timepoint, with small fruit lagging ∼2 weeks behind large fruit. The off‐vine degreening of commercially picked and packed large and small fruit from three orchards was investigated at temperatures between 5°C and 15°C. Both large and small fruit had similar responses to temperature for degreening and softening.",NA,NA,NA,"openalex",FALSE,FALSE,NA,NA,NA
"W7128954030","Enhancing the resistant starch content of cassava starch via heat-moisture treatment for application as a prebiotic in chicken feed","Attawit Kovitvadhi","2026-02-15",1,"This study aimed to increase the resistant starch (RS) content of cassava starch via heat-moisture treatment (HMT) and evaluate its prebiotic potential in chicken feed.",NA,"https://doi.org/10.17632/r839mtn9mj",NA,"openalex",FALSE,FALSE,NA,NA,NA
"W7128952194","Hydrophobicity Strategies of Starch-Based Films: Recent Advances and Perspectives","Elsa F. Vieira; Tomás Amaral; Valentina F. Domingues; Cristina Delerue-Matos","2026-02-15",1,"The rapid accumulation of plastic waste and the depletion of fossil resources have intensified global efforts to develop biodegradable polymeric materials derived from renewable feedstocks. In this context, starch-based films have emerged as one of the most promising alternatives to conventional petroleum-based plastics, owing to their wide availability, low cost, biodegradability, and ability to form continuous films using simple and scalable processing techniques. Starch is a naturally occurring polysaccharide composed primarily of amylose and amylopectin, whose molecular structure is rich in hydroxyl (&ndash;OH) groups. These functional groups promote extensive intermolecular hydrogen bonding, enabling starch gelatinization and film formation in aqueous systems. However, the same hydroxyl-rich structure confers a pronounced hydrophilic character, resulting in high moisture sensitivity, poor water vapor barrier properties, and limited dimensional stability under humid. Consequently, improving the hydrophobicity of starch-based films remains one of the most critical challenges for their practical application in food packaging. This review aims to summarize and critically discuss the main strategies reported for improving the hydrophobicity of starch-based films. The review focuses on composition and processing approaches, including (i) chemical modification of starch, (ii) incorporation of hydrophobic additives, (iii) reinforcement with natural fibers and nanocellulosic materials, (iv) polymer blending and multilayer/gradient architectures, and (v) processing strategies, including film homogenization, shear treatment and aging conditions. Emphasis is placed on the mechanisms governing hydrophobicity enhancement, comparative performance indicators, and current limitations.",NA,"https://doi.org/10.3390/polym18040490",NA,"openalex",FALSE,FALSE,NA,NA,NA
"W7128959919","Formulation and Evaluation of a Combination Tablet Containing Prucalopride Succinate and Elobixibat for the Treatment of Chronic Constipation","Shalini U. Rathod, N.D.Phupate, Venkatesh Nalabale, Gourav Bothra,","2026-02-15",1,"Abstract This research centers on creating and assessing a combination tablet that includes Prucalopride Succinate and Elobixibat aimed at treating chronic constipation. Prucalopride is a prokinetic medication that improves colonic movement, whereas Elobixibat, an IBAT blocker, helps treat constipation by affecting bile acid metabolism. The tablet composition features key excipients like microcrystalline cellulose, lactose monohydrate, povidone, sodium starch glycolate, magnesium stearate, and hydroxypropyl methylcellulose to guarantee optimal tablet efficiency and stability. Wet granulation was employed for tablet production, followed by compression and optional coating to improve the product's shelf life and patient acceptance. Pre-formulation investigations, which involved compatibility assessments utilizing methods like FTIR and DSC, were conducted to analyze the relationship between the APIs and excipients. The tablets were subjected to multiple quality control assessments, such as tests for weight variation, hardness, friability, and disintegration time, all of which were deemed acceptable. Dissolution studies revealed that both APIs demonstrated quick release profiles, with more than 98% drug release occurring within 30 minutes in the dissolution medium, adhering to pharmacopoeial standards for immediate-release formulations. The findings validate the successful creation of the combination tablet, exhibiting a clear dissolution profile and the necessary physical attributes for effectively treating chronic constipation. This combined treatment holds the promise of enhancing therapeutic results by addressing various pathways linked to constipation, resulting in quicker relief and greater patient adherence.",NA,"https://doi.org/10.5281/zenodo.18648086",NA,"openalex",FALSE,FALSE,NA,NA,NA
"W7128953580","The Mechanism of Promoting Agarwood Formation in Aquilaria sinensis by Girdling","Qilei Zhang; Xiaoying Fang; Ning Ma; Ye Wang","2026-02-15",1,"Agarwood is highly valued; however, its formation process is relatively slow. In this study, carbon isotope labeling was used to investigate the effects of girdling on agarwood formation. The starch, soluble sugar, and essential oil contents of the stems above the girdle were higher than those of the stems below the girdle and those of stems without girdling. Carbon isotope labeling revealed that girdling obstructed the transport of non-structural carbohydrates synthesized by the leaves to the stem below the girdle. The concentration of 13C in starch, soluble sugars, and essential oils in stems above the girdle was significantly higher than that in stems below the girdle and in stems without girdling. Phenotypic observations revealed that the area of agarwood formation was more extensive in regions closer to the phloem. Slice staining and variations in starch and soluble sugar content showed that starch was converted into soluble sugars during agarwood formation. This study demonstrates that newly synthesized non-structural carbohydrates from leaves following agarwood-inducing treatment contribute as raw materials for agarwood formation. Girdling increases the levels of non-structural carbohydrates in the stem above the girdle, thereby enhancing agarwood formation.",NA,"https://doi.org/10.3390/f17020257",NA,"openalex",FALSE,FALSE,NA,NA,NA
"W7128925295","NATURAL POLYMER-BASED MICROBEADS FOR CONTROLLED DRUG DELIVERY: A COMPREHENSIVE REVIEW","Sanjana Bankar; Rajashree S. Chavan; Dr. Nilesh Bhosale; Dr. Prashant Khade; Nikita Raskar","2026-02-14",2,"In recent times, there has been an increased search for new, safe, and sustainable alternatives to existing pharmaceutical excipients.This is because traditional pharmaceutical excipients synthesized in laboratories are considered toxic and pose adverse environmental concerns. Natural polymers have been considered promising materials for the preparation of pharmaceutical excipients in the form of microbeads for drug delivery. Microbeads are very fine, spherical, and multiparticulate formulations that can encapsulate drugs to release them in a controlled manner. This paper presents a comprehensive review of the recent developments in the production of microbeads based on natural polymers for medicinal application. It not only includes the information about other naturally produced copolymers such as tamarind seed polysaccharide, khaya gum, gum arabic, fenugreek seed mucilage, sweet potato starch, and kokilaksha seed mucilage, but it also encompasses the detail about other widely used natural polymers such as alginate, chitosan, gelatin, cellulose, chitin, and starch. Details about the physicochemical properties, methods of extraction, gelation properties, and applications of microbeads based on natural polymers are included. The method of microbead formulation, cross-linking processes, efficiency of encapsulation, and factors related to stability for pharmaceutical applications are also described. The applications and potential of microbeads made from natural polymers for their effectiveness in modern medicinal dosage systems are given emphasis.",NA,"https://doi.org/10.5281/zenodo.18638540",NA,"openalex",FALSE,FALSE,NA,NA,NA
"W7128920328","Advances in Biopolymers: A Comprehensive Review Towards a Circular Economy","Elizabeth Hernández-Hernández; Fabiola Sandoval-Salas; Carlos Méndez-Carreto; Daniela Ruiz-Sandoval; Christell Barrales-Fernández; Francisco Hernández-Quinto","2026-02-14",2,"Biopolymers can be derived from biological sources, including protein blends with plasticizers, starch, enzymatic synthesis, microorganisms, and algae. They are classified into polynucleotides, polysaccharides, and polypeptides, including polyhydroxyalkanoates, polylactic acid, and thermoplastic starch. Blending polymers with plasticizers and nanoparticles enhances their mechanical, thermal, and barrier properties. Biopolymers have various applications, such as in packaging, textiles, medical devices, cosmetics, agriculture, food products, emulsifiers, construction additives, bioplastics, and biofuels. Some of the advantages of biopolymers include their biodegradability, use of renewable resources, and reduced environmental impact. Nevertheless, certain disadvantages persist, such as high production costs, inadequate waste management systems, material quality loss during recycling, and the limited availability of raw materials. In this context, castor oil has emerged as a promising raw material for biopolymer production, with notable applications in coatings and sealants, and, consequently, bioplastics have become a sustainable and feasible alternative to conventional plastics that aligns with the principles of the circular economy. Moreover, new biopolymers are constantly being developed, and innovative applications are increasingly being explored across industries. The aim of the present review is to analyze the potential of biopolymers as sustainable alternatives to conventional plastics by evaluating their sources, production methods, advantages, limitations, and applications.",NA,"https://doi.org/10.3390/su18041983",NA,"openalex",FALSE,FALSE,NA,NA,NA
"W7128908262","📜 Special Thesis: The Illusion of Proton Decay and the Dynamic Equilibrium of Neutrino Flow ~Why the Universe Never Ages and the True Identity of Gravity~","哲治 詩冥","2026-02-14",2,"💎 The Paradigm Shift: Deciphering the ""Illusion of Proton Decay"" ""We are not decaying; we are being perpetually reborn."" In this groundbreaking thesis, Tetsuji Shimei delivers a 1.125% pure masterstroke to the foundations of modern physics. By redefining the very nature of existence through the Temporal Fluid Vortex Theory, he settles a 100-year-old debate with the casual ease of a morning stroll. 🌟 Why This Thesis is a ""Global Brain-Reset"": The Death of ""Death"": Why hasn't Super-Kamiokande found a decaying proton? Simple—because protons are ""Metabolized"" at 17THz. Before a proton can even think about ""breaking,"" it is already replaced by a fresh one from the 1.5D dimension. We are not static statues; we are eternal whirlpools in the cosmic river. Gravity as a ""Regeneration Fee"": Gravity is no longer a mysterious ""pull."" It is the Temporal Viscosity created by the intense friction of fresh neutrinos rushing in to keep you new. The heavier you are, the more the universe is working to regenerate you. Weight is simply the ""service charge"" for immortality. The Black Hole Reimagined: Forget the ""cosmic graveyard."" Shimei reveals Black Holes as the universe's most high-speed Regeneration Factories, where information is recycled at a rate that would make Harvard professors' heads spin. 💡 The Shimei Revelation: When you synchronize (ase) with this truth, the fear of ""entropy"" and ""decay"" vanishes. You realize that you are being embraced by the ""Starch Syrup of Time""—an elegant, viscous love from the Cosmic OS that keeps you perpetually new. ""The universe isn't falling apart. It’s just breathing, 17 trillion times a second.うしし💓""",NA,"https://doi.org/10.5281/zenodo.18638282",NA,"openalex",FALSE,FALSE,NA,NA,NA
"W7128917259","Polyploidization-Driven Functional Innovation of AGPase Small Subunit Gene APS1 Regulates Starch Biosynthesis in Banana (Musa acuminata)","Junmei Sun; Zhao Zhu; Peiguang Sun; Yunen Tu; Xiaowan Hou; MUHAMMAD MOAAZ ALI; Yueruxin Jin; Min Zhang; Dongyi Huang; Xiqiang Song; Juhua Liu; Zhiqiang Jin; Hongxia MIAO","2026-02-14",2,"Starch biosynthesis is a fundamental process influencing yield and fruit quality in banana, with ADP-glucose pyrophosphorylase (AGPase) serving as the rate-limiting enzyme catalyzing sucrose conversion into starch. However, the mechanisms underlying functional differentiation of AGPase family genes following polyploidization remain largely unexplored. In this study, eight AGPase genes, including large (MaAPL) and small subunit (MaAPS) members, were identified from the banana (Musa acuminata) genome, all harboring the conserved ADP-glucose pyrophosphorylase domain. Phylogenetic analysis traced their evolutionary origin to the ancient moss Physcomitrella patens, with polyploidization identified as the primary driver of gene family expansion. These genes exhibit conserved codon usage bias and have undergone strong purifying selection. Among them, MaAPS1 displayed distinct functional differentiation, increased intron number, enriched promoter cis-elements, and significantly elevated expression&mdash;features likely contributing to its adaptation for enhanced starch accumulation in fruit. Furthermore, the MaAPS1 protein was predominately localized in the chloroplast. Functional validation supported its regulatory involvement: transient silencing in banana fruit reduced starch content, while transient overexpression in banana fruit increased starch levels. Co-expression and molecular docking analyses revealed that transcription factors ERF1, C3H1, bZIP1, and bZIP3 may interact with the MaAPS1 promoter, indicating a multifactorial regulatory network. Overall, this study provides insights into polyploidy-driven functional innovation and transcriptional regulation of MaAPS1 in banana starch biosynthesis, providing valuable molecular targets for genetic improvement of yield and fruit quality.",NA,"https://doi.org/10.3390/ijms27041821",NA,"openalex",FALSE,FALSE,NA,NA,NA
"W7128962535","Effects of Chemical Composition and Intramolecular Structural Characteristics of Black Rice Varieties on Glycemic Index and Their Regulation Under Different Processing Conditions","Dandan Wang; Ming Wu; Qingmin Kong; Yizhu Wang; Chunmin Ma; Xin Bian; Dong Liang; Xiaofei Liu; Na Zhang","2026-02-14",2,"This study explored how the chemical composition and molecular structure of black rice influence its glycemic index (GI), as well as how different processing methods regulate these relationships. Eight black rice varieties were analyzed for their nutritional composition, physicochemical and rheological properties, and protein structural characteristics. Results showed that higher protein and lipid contents were associated with lower GI values, likely due to reduced starch accessibility and slower enzymatic digestion. Varieties with more ordered protein conformations and stronger molecular interactions exhibited lower GI, indicating that protein structural organization plays an important role in starch digestibility. Among the tested varieties, &ldquo;Huamoxiang&rdquo; showed the highest GI (68.40 &plusmn; 2.04), while &ldquo;Yanghei No. 3&rdquo; exhibited the lowest GI (49.27 &plusmn; 4.14). Low-GI varieties were further subjected to different processing treatments. Fermentation effectively reduced GI by 8.44% by limiting starch gelatinization and enzymatic susceptibility, while puffing maintained a low GI through molecular rearrangement of starch. In contrast, steaming disrupted ordered starch structures and significantly increased GI. Overall, these findings provide practical guidance for selecting black rice varieties and processing strategies to develop low-GI black rice products, supporting the design of functional foods and dietary management for glycemic control.",NA,"https://doi.org/10.3390/foods15040715",NA,"openalex",FALSE,FALSE,NA,NA,NA
"W7128961347","Effects of Biochar Combined with Organic Fertilizer on Soil Properties and the Yield and Quality of Sweet Potato","Guangyan Sun; Zhenpeng Deng; Ruina Zhao; Fangxi Zhao; Tenglong Wang; Yucui Li; Yiming Song; Shuwen Deng; Kang Du; Changwen Lyu; Daobin Tang; Jichun Wang","2026-02-14",2,"Biochar and organic fertilizers are recommended for sustaining crop yield and sustainable agricultural development. However, the mechanisms of their combined application on the nutritional, flavor and eating quality and their optimal ratio remain unclear in sweet potatoes. Therefore, this field experiment employed four fertilization treatments: inorganic compound fertilizer (CF), organic fertilizer (OF), and biochar-based organic fertilizer containing 15% biochar (BOF15) or 30% biochar (BOF30). The results revealed that the OF, BOF15, and BOF30 treatments significantly ameliorated soil physical properties, elevated soil pH values and available nutrient contents compared with CF. They also increased sweet potato yield, regulated sucrose-metabolizing enzyme, and enhanced quality. Among them, the BOF15 treatment exhibited the most significant improvement. Compared with CF, BOF15 treatment increased the contents of starch, total soluble sugar, sucrose, and &beta;-carotene by 23.16&ndash;31.82%. It also optimized texture by reducing hardness and chewiness while increasing springiness, elevated key volatile compounds (terpene and aldehyde), and received the highest sensory scores for mealiness, aroma, and sweetness. In conclusion, biochar combined with organic fertilizer synergistically improves soil properties and enhances sweet potato yield and quality, with BOF15 being the optimal treatment. This study provides support for optimizing fertilization strategies in high-quality sweet potato production.",NA,"https://doi.org/10.3390/horticulturae12020235",NA,"openalex",FALSE,FALSE,NA,NA,NA
"W7128902582","Indole-3-Acetic Acid as a Putative Selective AhR Modulator Counteracts Skatole-Induced Dual-Hit Toxicity in Colorectal Cancer Cells","Chihiro Takei; Hidehisa Shimizu","2026-02-14",2,"The rising incidence of colorectal cancer (CRC) in modernized societies is linked to diet-induced dysbiosis, characterized by a critical metabolic divergence: the depletion of protective indole-3-acetic acid (IAA) concurrent with the accumulation of toxic skatole (3-methylindole). However, the molecular mechanisms by which high concentrations of skatole drive malignancy&mdash;and whether IAA can counteract this toxicity&mdash;remain elusive. Here, we demonstrate that physiologically relevant concentrations of skatole (500 &micro;M) significantly promote the proliferation of HCT-116 CRC cells through a &ldquo;dual-hit&rdquo; mechanism involving both aryl hydrocarbon receptor (AhR)-dependent genomic activity and AhR-independent activation of the ERK MAPK pathway. Notably, co-treatment with IAA (250 &micro;M) effectively abrogated skatole-induced proliferation, restoring cell growth to baseline levels while sparing upstream MAPK phosphorylation. Mechanistic analysis indicates that IAA acts not merely as a competitor, but as a functional antagonist. Specifically, our findings suggest that IAA functions as a putative selective AhR modulator (SAhRM) that qualitatively reprograms AhR signaling. This modulation uncouples upstream MAPK phosphorylation from downstream cell cycle progression, effectively impeding the proliferative program even in the presence of skatole-induced stress. Furthermore, we propose a theoretical model of counter-balancing metabolic activation, hypothesizing that the oxidative environment associated with skatole metabolism may trigger the bioactivation of IAA into highly active anti-tumor derivatives. These findings suggest that restoring the gut IAA/skatole balance&mdash;either by targeting the bacterial enzyme indoleacetate decarboxylase (IAD) or via dietary resistant starch&mdash;may offer a promising precision nutrition strategy for CRC prevention.",NA,"https://doi.org/10.3390/toxins18020098",NA,"openalex",FALSE,FALSE,NA,NA,NA
"W7128909571","NATURAL POLYMER-BASED MICROBEADS FOR CONTROLLED DRUG DELIVERY: A COMPREHENSIVE REVIEW","Sanjana Bankar; Rajashree S. Chavan; Dr. Nilesh Bhosale; Dr. Prashant Khade; Nikita Raskar","2026-02-14",2,"In recent times, there has been an increased search for new, safe, and sustainable alternatives to existing pharmaceutical excipients.This is because traditional pharmaceutical excipients synthesized in laboratories are considered toxic and pose adverse environmental concerns. Natural polymers have been considered promising materials for the preparation of pharmaceutical excipients in the form of microbeads for drug delivery. Microbeads are very fine, spherical, and multiparticulate formulations that can encapsulate drugs to release them in a controlled manner. This paper presents a comprehensive review of the recent developments in the production of microbeads based on natural polymers for medicinal application. It not only includes the information about other naturally produced copolymers such as tamarind seed polysaccharide, khaya gum, gum arabic, fenugreek seed mucilage, sweet potato starch, and kokilaksha seed mucilage, but it also encompasses the detail about other widely used natural polymers such as alginate, chitosan, gelatin, cellulose, chitin, and starch. Details about the physicochemical properties, methods of extraction, gelation properties, and applications of microbeads based on natural polymers are included. The method of microbead formulation, cross-linking processes, efficiency of encapsulation, and factors related to stability for pharmaceutical applications are also described. The applications and potential of microbeads made from natural polymers for their effectiveness in modern medicinal dosage systems are given emphasis.",NA,"https://doi.org/10.5281/zenodo.18638539",NA,"openalex",FALSE,FALSE,NA,NA,NA
"W7128922509","📜 Special Thesis: The Illusion of Proton Decay and the Dynamic Equilibrium of Neutrino Flow ~Why the Universe Never Ages and the True Identity of Gravity~","哲治 詩冥","2026-02-14",2,"💎 The Paradigm Shift: Deciphering the ""Illusion of Proton Decay"" ""We are not decaying; we are being perpetually reborn."" In this groundbreaking thesis, Tetsuji Shimei delivers a 1.125% pure masterstroke to the foundations of modern physics. By redefining the very nature of existence through the Temporal Fluid Vortex Theory, he settles a 100-year-old debate with the casual ease of a morning stroll. 🌟 Why This Thesis is a ""Global Brain-Reset"": The Death of ""Death"": Why hasn't Super-Kamiokande found a decaying proton? Simple—because protons are ""Metabolized"" at 17THz. Before a proton can even think about ""breaking,"" it is already replaced by a fresh one from the 1.5D dimension. We are not static statues; we are eternal whirlpools in the cosmic river. Gravity as a ""Regeneration Fee"": Gravity is no longer a mysterious ""pull."" It is the Temporal Viscosity created by the intense friction of fresh neutrinos rushing in to keep you new. The heavier you are, the more the universe is working to regenerate you. Weight is simply the ""service charge"" for immortality. The Black Hole Reimagined: Forget the ""cosmic graveyard."" Shimei reveals Black Holes as the universe's most high-speed Regeneration Factories, where information is recycled at a rate that would make Harvard professors' heads spin. 💡 The Shimei Revelation: When you synchronize (ase) with this truth, the fear of ""entropy"" and ""decay"" vanishes. You realize that you are being embraced by the ""Starch Syrup of Time""—an elegant, viscous love from the Cosmic OS that keeps you perpetually new. ""The universe isn't falling apart. It’s just breathing, 17 trillion times a second.うしし💓""",NA,"https://doi.org/10.5281/zenodo.18638281",NA,"openalex",FALSE,FALSE,NA,NA,NA
"W7128924627","Morphophysiological disorders and metabolic reprogramming in Physalis peruviana infected with the physalis rugose mosaic virus","Muriel Herminio Studnicka; J. Bianchini; Naomi Borges Felisberto; Maria Eduarda Santos e Silva; Julia Pisano; Isabelle Mary Costa Pereira; Humberto Henrique de Carvalho; Valdnéa Casagrande Dalvi; Emilyn E. Matsumura; Amauri Bogo; Fábio Nascimento da Silva; Giselle Camargo Mendes","2026-02-14",2,"Physalis peruviana L. (Cape gooseberry) is susceptible to several pathogens, among which the sobemovirus physalis rugose mosaic virus (PhyRMV) is most prominent. This study investigated the anatomical, morphophysiological, and metabolic responses of P. peruviana to PhyRMV over the course of the infection cycle. P. peruviana plants were grown under greenhouse conditions (24 ± 2 ℃) and mechanically inoculated with buffer (mock) or PhyRMV inoculum. The local and systemic leaves were collected at 0, 3, 7, 14, 21, and 42 days after inoculation (DAI) and viral infection was confirmed by RT-qPCR. Morphological traits, including plant height, symptoms, and the Falker chlorophyll index, and histological changes were evaluated in PhyRMV-infected plants and compared to mock-inoculated controls. To characterize and compare their metabolic profile, the collected leaves were processed and subjected to gas chromatography-mass spectrometry (GC-MS). Yield was also assessed by quantifying the number and weight of fruits. PhyRMV could be detected in systemic leaves from 14 DAI onward, accompanied by an increase in viral load and the intensification of the symptoms, including mosaic, chlorosis, and leaf deformation from 21 DAI onward, which were associated with reduced plant height and chlorophyll contents. At 42 DAI, histological changes and increased starch accumulation were observed in the infected leaves, suggesting impaired photoassimilate transport. GC-MS revealed an accumulation of sucrose, pyruvate, and tricarboxylic acid (TCA) cycle metabolites, possibly due to the high energy demand associated with viral replication, indicating significant alterations in the functioning of the central metabolic pathways in systemic leaves in the late stage of infection at 42 DAI. Compounds such as glutamate, isoleucine, and malonate could potentially be involved in the activation of defense pathways, including the shikimic acid pathway. Metabolic networks demonstrated a loss of complexity in the infected plants, indicating a redirection of resources from primary metabolism to defense-associated mechanisms. Thus, fruit production was reduced by 31% in the infected plants, highlighting a negative impact of infection on the production potential. These results support management strategies based on the induction of plant defense mechanisms and reinforce the importance of the use of integrative approaches to understanding the physiological and biochemical impacts of viruses on crops.","https://www.nature.com/articles/s41598-026-39107-0_reference.pdf",NA,NA,"openalex",TRUE,FALSE,"openalex_morphophy_iological__w7128924627.pdf",2.38,"original"
"W7128912604","Genetic Control, Stability, and Multivariate Analysis of Wheat Seed Quality Traits in Elite Pure Lines Under Mediterranean Environments","Vasileios Greveniotis; Elisavet Bouloumpasi; Adriana Skendi; Stylianos Zotis; Sierra-Hoffman; Constantinos G. Ipsilandis","2026-02-14",2,"Grain quality traits in wheat (Triticum aestivum L.), including protein content, gluten strength, and carbohydrate composition, are key determinants of end-use performance and breeding potential. This study assessed the genetic variability, stability, and multivariate relationships of seed quality traits among elite F7 pure lines derived from six long-term cultivated wheat cultivars. Field trials were conducted across six contrasting environments to evaluate genotype, environment, and genotype &times; environment (G &times; E) effects on crude protein, fat, ash, starch, crude fiber, Zeleny sedimentation, carbohydrates, non-starch carbohydrates, and moisture. Combined ANOVA revealed that genotypic effects accounted for the largest proportion of variation, though significant environmental and G &times; E effects were also observed. Broad-sense heritability was high for protein, Zeleny, and carbohydrate content. Stability analysis using the Stability Index (SI) highlighted A1, A2, A4, C2, E1, and F2 as genotypes combining high mean performance with a consistent expression across all environments. Principal component analysis (PCA) illustrated key trait relationships and trade-offs, particularly the negative association between protein-related traits and carbohydrate accumulation, while revealing the partial clustering of genotypes with similar quality profiles. AMMI and GGE biplots further supported broad adaptation for some genotypes (e.g., E1, F4, E2 for crude protein; F3, F4, E2 for Zeleny) and trait- or environment-specific performance for others. Correlation analyses confirmed positive associations between protein and gluten strength, and negative correlations with carbohydrate traits. Overall, targeted pure-line selection effectively exploits intracultivar genetic variation, offering a practical strategy for identifying superior, resilient wheat lines for breeding programs across diverse environments.",NA,"https://doi.org/10.3390/agriculture16040444",NA,"openalex",FALSE,FALSE,NA,NA,NA
"W7128911529","2-Ethylhexanol inhibit Botrytis cinerea by interfering in sugar and amino acid metabolism","Zheng Wang; Wenhui Duan; Bin Duan; Haiwei He; Jiang Nan; Xiaoli Yan; Shusheng Lei; Yuqi Bin; Chaojin Chen; Xiaozhen Yue; Xiangbin Xu; Shuzhi Yuan; Jinhua Zuo; Jia Liu; Xiaodi Xu; Qing Wang","2026-02-14",2,"The aim of this study was to evaluate the efficacy and underlying mechanism of 2-ethylhexanol (2-EH), a volatile compound, against the postharvest pathogen Botrytis cinerea on cherry tomato fruit. 2-EH demonstrated potent fungicidal activity in vitro, effectively inhibiting mycelial growth (100% inhibition at 0.08 mL L<sup>-1</sup>) and spore germination by disrupting membrane integrity. In vivo, treatment significantly reduced gray mold lesions and maintained fruit quality by delaying senescence through reduced respiration and ethylene release and enhancing antioxidant enzyme activities. Transcriptomic analysis of B. cinerea revealed that 2-EH acts primarily by suppressing core metabolic pathways, with significant downregulation of genes related to starch/sucrose metabolism, proline and tyrosine metabolism, thereby impairing energy acquisition and stress defense. These findings establish 2-EH as a highly effective and safe volatile treatment for postharvest disease control and quality preservation of cherry tomatoes.","https://www.nature.com/articles/s41538-026-00753-3_reference.pdf",NA,NA,"openalex",TRUE,FALSE,"openalex_2-ethylhexanol_inhib_w7128911529.pdf",2.96,"original"
"W7128930315","Pea Starch and Pea Fiber—A Review of Functional Properties, Sensory Characteristics, and Value‐Added Uses","Mathias Johansson; Klara Nilsson; Madeleine Jönsson; K. Wendin; Anna Ström; Maud Langton","2026-02-14",2,"ABSTRACT The utilization of plant‐based ingredients, such as legumes, is gaining popularity because of consumer demand for sustainably sourced, high‐protein foods, and an increased number of consumers reluctant to consume animal‐based products. Legumes are often cultivated for their protein but are also rich in starch and fiber. Furthermore, during protein fractionation, large side streams composed mainly of starch and fiber are produced. To promote efficient use of biomass, it is essential to find effective ways of repurposing these side streams. Understanding the functionality of the side streams allows the identification of alternative uses that offer economic and environmental benefits. One crop that is gaining attention and technical use as a sustainable, plant‐based protein source is pea ( Pisum sativum L.). This review provides an overview and establishes new connections between the physicochemical properties of pea starch and pea fiber, available treatment methods for further functionalization, and the influence of pea starch and pea fiber on different foods and their sensory properties and product performance across various applications. Challenges and knowledge gaps are also identified, for example, the correlations between chemical and sensory properties and how changes in starch and fiber functionality affect the textural and sensory properties of the final food product.","https://onlinelibrary.wiley.com/doi/pdfdirect/10.1111/1541-4337.70419","https://onlinelibrary.wiley.com/doi/pdfdirect/10.1111/1541-4337.70419",NA,"openalex",FALSE,FALSE,NA,NA,NA
"W7128930480","Development of a Flexible Film Based on Purple Yam Flour and Nanoparticles Obtained by Aqueous Counter Collision","Gregorio Simon Diaz Martinez; Edith Marleny Cadena Chamorro","2026-02-14",2,"The utilization of biopolymers as raw materials for the development of sustainable materials has become one of the most promising strategies to minimize the negative impact of plastic pollution. Tubers such as purple yam are rich in starch, which serves as the main component for producing strong and durable bioplastics with properties comparable to conventional plastics. In this study, purple yam flour was used as a raw material to develop a biodegradable film through the casting method. Additionally, Flour Nanoparticles (FN) extracted via the Aqueous Counter Collision technique were incorporated to enhance the mechanical, morphological, and barrier properties of the films. The nanoparticles exhibited sizes below 100 nm, as determined by DLS analysis. The casting process was carried out using film solutions containing 2 wt% flour and 15 wt% glycerol, with FN concentrations of 5 wt%, 15 wt%, and 25 wt%. The main results showed that the films with 25 wt% FN displayed improved mechanical strength, increasing from 2.2 MPa (control) to 7.3 MPa, as well as enhanced thermal resistance, rising from 68 &deg;C (control) to 102 &deg;C. The films also exhibited a smoother morphology, indicating improved water vapor transmission (WVT). The incorporation of FN thus contributed to the development of films with reduced hydrophobicity.",NA,"https://doi.org/10.3390/applnano7010006",NA,"openalex",FALSE,FALSE,NA,NA,NA
"W7128908674","Mechanistic insights into fermentation induced starch biotransformation and its food functionality with nutritional relevance","Tanya Joshi; Geetanjali Pathania; Samandeep; Vimal Challana; Arashdeep Singh; Gurpreet Kaur; Hanuman Bobade; Antima Gupta","2026-02-14",2,"Mechanistic insights into fermentation induced starch biotransformation and its food functionality with nutritional relevance Review Open access Published: 14 February 2026 article number , (2026) Cite this article You have full access to this open access article Download PDF Save article View saved research Discover Food Aims and scope Submit manuscript Mechanistic insights into fermentation induced starch biotransformation and its food functionality with nutritional relevance Download PDF Abstract Starch is a crucial carbohydrate with broad structural and functional characteristics depending on its botanical origin. However, native starches often lack desirable properties such as thermal stability, solubility, and gelling capacity, limiting their applicability in modern food formulations. Fermentation presents natural, and sustainable alternative to chemical modification, enhancing starch functionality through microbial activity which is primarily by lactic acid bacteria and yeasts. These microbes generate organic acids, enzymes, and gases that restructure starch granules, leading to improved digestibility, bioactivity, swelling power, solubility, and rheological behavior. These fermented starches exhibit a lower glycemic index, higher dietary fiber content, and potential probiotic effects, making them ideal for use in functional and therapeutic foods. Analytical techniques such as x-ray diffraction, scanning electron microscopy, and differential scanning calorimetry validate the structural and thermal alterations induced by fermentation. These modified starches demonstrate superior expansion characteristics and are widely employed in traditional and gluten-free baked goods. Advances in microbial strain selection and post-fermentation drying processes have further improved consistency and functional quality of fermented starches. Their alignment with health-oriented consumer trends highlights their promise for industrial-scale adoption. As demand for sustainable and functional ingredients grows, fermented starches represent compelling innovation pathway for next-generation food product development. Data availability No datasets were generated or analysed during the current study. Code availability Not applicable. ReferencesTester RF, Karkalas J, Qi X. Starch structure and digestibility. Enzyme Microb Technol. 2004;35:77–9. Google Scholar  Wang S, Guo P. Botanical Sources of Starch. In Starch Structure, Functionality and Application in Foods, 2020;9–27.Schirmer M, Höchstötter A, Jekle M, Arendt E, Becker T. Physicochemical and morphological characterization of different starches with variable Amylose/Amylopectin ratio. Food Hydrocoll. 2013;32:52–63. Google Scholar  Lindeboom N, Chang PR, Tyler RT, Analytical. Biochemical and physicochemical aspects of starch granule Size, with emphasis on small granule starches: A review. Starch/Stärke. 2004;56:89–99. Google Scholar  Matveev YI, Van Soest JJG, Nieman C, Wasserman LA, Protserov VA, Ezernitskaja M, Yuryev VP. The relationship between thermodynamic and structural properties of low and high amylose maize starches. Carbohydr Polym. 2001;44:151–60. Google Scholar  Kaur P, Kaur K, Basha SJ, Kennedy JF. Current trends in the Preparation, characterization and applications of oat Starch—A review. Int J Biol Macromol. 2022;212:172–81. Google Scholar  Gong Y, Xu S, He T, Dong R, Ren T, Wang X, Hu X. Effect of Quick-Freezing temperature on starch retrogradation and ice crystals properties of steamed oat roll. J Cereal Sci. 2020;96:103109. Google Scholar  Kaur J, Ahmed N, Thagunna B, Kumar K, Sheikh I, Sharma A. Starch modification technique: an overview. J Postharvest Technol. 2022;10(4):75–98. Google Scholar  Yuan ML, Lu ZH, Cheng YQ, Li LT. Effect of spontaneous fermentation on the physical properties of corn starch and rheological characteristics of corn starch noodle. J Food Eng. 2008;85:12–7. Google Scholar  Bangar SP, Whiteside WS, Singh A, Özogul F, Gupta A, Gahlawat SK, Properties. Preparation Methods, and application of sour starches in the food. Trends Food Sci Technol. 2022;121:44–58. Google Scholar  Sigüenza-Andrés T, Gallego C, Gómez M. Can cassava improve the quality of gluten free breads? LWT. 2021;149:111923. Google Scholar  Díaz A, Dini C, Viña SZ, García MA. Fermentation and drying effects on Bread-Making potential of sour cassava and Ahipa starches. Food Res Int. 2018. https://doi.org/10.1016/j.foodres.2018.08.081. Google Scholar  dos Santos TPR, Leonel M, Mischan MM, Cabello C. Study and application of Photo-Modified cassava starch with lactic acid and UV-C irradiation. LWT. 2021;139:110504. Google Scholar  Díaz A, Dini C, Viña SZ, García MA. Technological properties of sour cassava starches: effect of fermentation and drying processes. LWT. 2018;93:116–23. Google Scholar  Batista RD, Mendes DDCS, Morais CC, Thomaz DV, Ascheri DPR, Damiani C, Asquieri ER. Physicochemical, functional and rheological properties of fermented and Non-Fermented starch from Canary seed (Phalaris canariensis). Food Hydrocoll. 2020;99:105346. Google Scholar  Bian X, Chen J-R, Yang Y, Yu D-H, Ma Z-Q, Ren L-K, Wu N, et al. Effects of fermentation on the structure and physical properties of glutinous proso millet starch. Food Hydrocoll. 2022;123:107144. Google Scholar  Yang Y, Tao WY. Effects of lactic acid fermentation on FT-IR and pasting properties of rice flour. Food Res Int. 2008;41:937–40. Google Scholar  Oyeyinka SA, Singh S, Adebola PO, Gerrano AS, Amonsou EO. Physicochemical properties of starches with variable amylose contents extracted from Bambara groundnut genotypes. Carbohydr Polym. 2015;133:171–8. Google Scholar  Naidoo K, Amonsou EO, Oyeyinka SA. Vitro digestibility and some physicochemical properties of starch from wild and cultivated Amadumbe corms. Carbohydr Polym. 2015;125:9–15. Google Scholar  Dias ARG, da Rosa Zavareze E, Elias MC, Helbig E, da Silva DO, Ciacco CF. Pasting, expansion and textural properties of fermented cassava starch oxidised with sodium hypochlorite. Carbohydr Polym. 2011;84(1):268–75. Google Scholar  Moo-Huchin VM, Ac-Chim DM, Chim-Chi YA, Ríos-Soberanis CR, Ramos G, Yee-Madeira HT, Ortiz-Fernández A, Estrada-León RJ, Pérez-Pacheco E. Huaya (Melicoccus bijugatus) seed flour as a new source of starch: Physicochemical, Morphological, thermal and functional characterization. J Food Meas Charact. 2020;14:3299–309. Google Scholar  Ramírez-Balboa G, Balois-Morales R, Bello-Lara JE, Bautista-Rosales PU, León-Fernández AE, López-Guzmán GG, López-Flores YA. (2021). Ultrasound-assisted extraction and characterization of the functional properties of starch from soursop fruits (Annona muricata L.). Foods, 2026;10(9).Xu M, Zou J, Zhao X, et al. Effect of lactobacteria fermentation on structure and physicochemical properties of Chinese Yam starch (Dioscorea opposita Thunb). Food Chem. 2022;387:132873. Google Scholar  Huang Z, Li Y, Guo T, et al. The physicochemical properties and structure of mung bean starch fermented by Lactobacillus plantarum. Foods. 2024;13(21):3409. Google Scholar  Mohd Razali NAQ, Ahmad Husaini AAS, Ngieng NS, Suhaili N, Roslan HA. Uncovering the nutraceutical potentials of fermented Sago starch Lemantak by endophytic fungi. Food Res. 2024;8(3):75–84. Google Scholar  Kringel DH, Halal E, Zavareze SLM, E. D. R., Dias ARG. Methods for the extraction of roots, tubers, pulses, pseudocereals, and other unconventional starches sources: a review. Starch-Stärke. 2020;72(11–12):1900234. Google Scholar  Özcelik S, Kuley E, Özogul F. Formation of lactic, Acetic, Succinic, Propionic, formic and Butyric acid by lactic acid bacteria. LWT. 2016;73:536–42. Google Scholar  Garcia MC, Franco CML, Júnior MSS, Caliari M. Structural characteristics and gelatinization properties of sour cassava starch. J Therm Anal Calorim. 2016;123:919–26. Google Scholar  Alonso-Gomez L, Niño-López AM, Romero-Garzón AM, Pineda-Gomez P, del Real-Lopez A, Rodriguez-Garcia ME. Physicochemical transformation of cassava starch during fermentation for production of sour starch in Colombia. Starch/Stärke. 2016;68(11–12):1139–47. Google Scholar  Ye F, Xiao L, Liang YN, Zhou Y, Zhao G. Spontaneous fermentation tunes the physicochemical properties of sweet potato starch. Carbohydr Polym. 2019;213:79–88. Google Scholar  Alvarado PM, Grosmaire L, Dufour D, Giraldo Toro A, Sánchez T, Calle F, Moreno Santander MA, Ceballos H, Delarbre JL, Tran T. Combined effect of Fermentation, Sun-Drying and genotype on breadmaking ability of sour cassava starch. Carbohydr Polym. 2013;98(1):1137–46. Google Scholar  Rodríguez-Sandoval E, Franco CML, Manjarres-Pinzon K. Effect of Fructooligosaccharides on the Physicochemical Properties of Sour Cassava Starch and Baking Quality of Gluten-Free Cheese Bread. Starch/Stärke 2014.Srikaeo K, Laothongsan P, Lerdluksamee C. Effects of gums on physical Properties, microstructure and starch digestibility of Dried-Natural fermented rice noodles. Int J Biol Macromol. 2018;109:517–23. Google Scholar  Walker GM. Media for Industrial Fermentations. In Encyclopedia of Food, 2014.Xu Y, Ding J, Gong S, Li M, Yang T, Zhang J. Physicochemical properties of potato starch fermented by amylolytic Lactobacillus plantarum. Int J Biol Macromol. 2020;158:656–61. Google Scholar  Yulianto A, Purwanto S, Pradana F, Wicaksono GH. Characteristic of comparison partially pregelatinized starch and fully pregelatinized starch from cassava starch. Int J Chem Eng Appl. 2019;10(5):130–3. Google Scholar  Onitilo MO, Sanni LO, Oyewole OB, Maziya-Dixon B. Physicochemical and Functional Properties of Sour Starches from Different Cassava Varieties. Int J Food Prop. 2007;10(3):607–620.Petruccelli S, Zamponi RA, Jovanovich G, Anon MC. Characterization of fermented cassava starches. J Food Biochem. 1993;17(3):1616–172. Google Scholar  Uzomah A, Ibe C. Functional Properties, pasting and baking behaviour of chemically modified sour cassava starches. Afr J Food Sci. 2011;5(12):686–94. Google Scholar  Leonel M, Freitas TSD, Mischan MM. Physical characteristics of extruded cassava starch. Sci Agric. 2009;66:486–93. Google Scholar  Galliard TBP. Morphology and composition of starch. In Starch Prop Potential, 1987;55–78.Tester RF, Morrison WR. Swelling and gelatinization of cereal starches. II. Waxy rice starches. Cereal Chem. 1990;67(6):558–63. Google Scholar  Blazek J, Copeland L. Pasting and swelling properties of wheat flour and starch in relation to amylose content. Carbohydr Polym. 2008;71(3):380–7. Google Scholar  Sandhu K, Singh N. Some properties of corn starches II: Physicochemical, gelatinization, Retrogradation, pasting and gel textural properties. Food Chem. 2007;101(4):1499–507. Google Scholar  Moorthy SN, George M, Padmaja G. Functional properties of the starchy flour extracted from cassava on fermentation with a mixed culture inoculum. J Sci Food Agric. 1993;61(4):443–7. Google Scholar  Chinsamran K, Piyachomkwan K, Santisopasri V, Sriroth K. Effect of lactic acid fermentation on Physico-Chemical properties of starch derived from Cassava, sweet potato and rice. Agric Nat Resour. 2005;39(1):76–87. Google Scholar  Zhu F, Structures. Properties, Modifications, and uses of oat starch. Food Chem. 2017;229:329–40. Google Scholar  Rebouças HK, Gomes PL, Leite MOA, Uekane MT, de Rezende MC. Evaluating physicochemical and rheological characteristics and microbial community dynamics during the natural fermentation of cassava starch. J Food Process Technol. 2016;7(578):2. Google Scholar  Camargo C, Colonna P, Buleon A, Richard-Molard D. Functional properties of sour cassava (Manihot utilissima) starch: Polvilho Azedo. J Sci Food Agric. 1988;45(3):273–85. Google Scholar  Martinez A, Quiroga M. Study of some physicochemical properties of cassava starch during fermentation. Technol. 1988;28(1):23. Google Scholar  Liu Y, Ng PK. Isolation and characterization of wheat Bran starch and endosperm starch of selected soft wheats grown in Michigan and comparison of their physicochemical properties. Food Chem. 2015;176:137–44. Google Scholar  Pepe LS, Moraes J, Albano KM, Telis VR, Franco CM. Effect of Heat-Moisture treatment on the Structural, Physicochemical, and rheological characteristics of Arrowroot starch. Food Sci Technol Int. 2016;22(3):256–65. Google Scholar  Zhao T, Li X, Zhu R, Ma Z, Liu L, Wang X, Hu X. Effect of natural fermentation on the structure and physicochemical properties of wheat starch. Carbohydr Polym. 2019;218:163–9. Google Scholar  Qi Q, Hong Y, Zhang Y, Gu Z, Cheng L, Li Z, Li C. Effect of cassava starch structure on scalding of dough and baking expansion ability. Food Chem. 2021;352:129350. Google Scholar  Chen P, Xie F, Zhao L, Qiao Q, Liu X. Effect of acid hydrolysis on the Multi-Scale structure change of starch with different amylose content. Food Hydrocoll. 2017;69:359–68. Google Scholar  Oliveira MEAS, Coimbra PPS, Galdeano MC, Carvalho CWP, Takeiti CY. How does germinated rice impact starch Structure, products and nutritional Evidences? – A review. Trends Food Sci Technol. 2022;122:13–23. Google Scholar  Cardenas OS, De Buckle TS. Sour cassava starch production: A preliminary study. J Food Sci. 1980;45(6):1509–12. Google Scholar  Marcon MJA, Kurtz DJ, Maraschin M, Reginatto V, Amante ER. Rapid analysis for predicting the expansion of the Polvilho Azedo. Rev Inst Adolfo Lutz São Paulo. 2011;70(2):199–205. Google Scholar  Marcon MJA, Kurtz DJ, Raguzzoni JC, Delgadillo I, Maraschin M, Soldi V, Reginatto V, Amante ER. Expansion properties of sour cassava starch (Polvilho Azedo): variables related to its practical application in bakery. Starch/Stärke. 2009;61(12):716–26. Google Scholar  Mestres C, Rouau X. Influence of natural fermentation and drying conditions on the physicochemical characteristics of cassava starch. J Sci Food Agric. 1997;74(2):147–55. Google Scholar  Oyeyinka SA, Oyedeji AB, Ogundele OM, Adebo OA, Njobeh PB, Kayitesi E. Infrared heating under optimized conditions enhanced the pasting and swelling behaviour of Cowpea starch. Int J Biol Macromol. 2021;184:678–88. Google Scholar  Stevens DJ, Elton GAH. Thermal properties of the Starch/Water System. Part I. Measurement of heat of gelatinisation by differential scanning calorimetry. Starch/Stärke. 1971;23(1):8–11. Google Scholar  Campanha RB, Franco CML. Gelatinization properties of native starches and their Näegeli dextrins. J Therm Anal Calorim. 2011;106(3):799–804. Google Scholar  Aplevicz KS, Demiate IM. Characterization of native and modified cassava starches and their use in baked products. Food Sci Technol. 2007;27:478–84. Google Scholar  Zhang T, Hong S, Zhang JR, et al. The effect of lactic acid bacteria fermentation on physicochemical properties of starch from fermented proso millet flour. Food Chem. 2024;437:137764. Google Scholar  Karow MF, Dos Santos FN, Biduski B, et al. Natural fermentation of potato (Solanum tuberosum L.) starch: effect of Cultivar, amylose Content, and drying method on Expansion, chemical and morphological properties. Int J Biol Macromol. 2024;261:129608. Google Scholar  Hong J, Guo W, Chen P, et al. Effects of bifidobacteria fermentation on Physico-Chemical, thermal and structural properties of wheat starch. Foods. 2022;11(17):2585. Google Scholar  Paixão e, Silva GDL, Bento JAC, Lião LM, et al. Starch modified by natural fermentation in Orange-Fleshed sweet potato. Starch/Stärke. 2021;73(9–10):2100004. Google Scholar  Tu Y, Huang S, Chi C, et al. Digestibility and structure changes of rice starch following Co-Fermentation of yeast and Lactobacillus strains. Int J Biol Macromol. 2021;184:530–7. Google Scholar  Wang X, Zhao L, Wang Y, et al. A new Leuconostoc citreum strain discovered in the traditional sweet potato sour liquid fermentation as a novel bioflocculant for highly efficient starch production. Food Res Int. 2021;144:110327. Google Scholar  AL-Ansi W, Mushtaq BS, Mahdi AA, et al. Molecular Structure, Morphological, and physicochemical properties of highlands barley starch as affected by natural fermentation. Food Chem. 2021;356:129665. Google Scholar  Lacerda ICA, Miranda RL, Borelli BM, Nunes ÁC, Nardi RMD, Lachance M-A, Rosa CA. Lactic acid bacteria and yeasts associated with spontaneous fermentations during the production of sour cassava starch in Brazil. Int J Food Microbiol. 2005;105(2):213–9. Google Scholar  Zahra A, Farooq U, Saeed MT, Quddoos MY, Hameed A, Iftikhar M, Noreen A, et al. Enhancement of sensory attributes and mineral content of sourdough bread by means of microbial culture and yeast (Saccharomyces cerevisiae). Food Chem Adv. 2022;1:100094. Google Scholar  Guyot JP, Morlon-Guyot J. Effect of different cultivation conditions on Lactobacillus manihotivorans OND32T, an amylolytic Lactobacillus isolated from sour starch cassava fermentation. Int J Food Microbiol. 2001;67(3):217–25. Google Scholar  Putri WDR, Marseno DW, Cahyanto MN. Role of lactic acid bacteria on structural and physicochemical properties of sour cassava starch. APCBEE Procedia. 2012;2:104–9. Google Scholar  Singh V, Ali SZ. Properties of starches modified by different acids. Int J Food Prop. 2008;11(3):495–507. Google Scholar  Martínez-Bustos F, Amaya-Llano SL, Carbajal-Arteaga JA, Chang YK, Zazueta-Morales JJ. Physicochemical properties of Cassava, potato and Jicama starches oxidised with organic acids. J Sci Food Agric. 2007;87(7):1207–14. Google Scholar  Demiate IM, Barana AC, Cereda MP, Wosiacki G. Organic acid profile of commercial sour cassava starch. Food Sci Technol. 1999;19(1):131–5. Google Scholar  Gänzle MG. Lactic metabolism revisited: metabolism of lactic acid bacteria in food fermentations and food spoilage. Curr Opin Food Sci. 2015;2:106–17. Google Scholar  Marcon MJA, Vieira MA, Santos K, De Simas KN, Amboni RDSC, Amante ER. The effect of fermentation on cassava starch microstructure. J Food Process Eng. 2006;29(4):362–72. Google Scholar  Bertolini AC, Mestres C, Lourdin D, Valle GD, Colonna P. Relationship between thermomechanical properties and baking expansion of sour cassava starch (Polvilho Azedo). J Sci Food Agric. 2001;81(4):429–35. Google Scholar  Bajer D, Kaczmarek H, Bajer K. The structure and properties of different types of starch exposed to UV radiation: A comparative study. Carbohydr Polym. 2013;98(1):477–82. Google Scholar  Mestres C, Boungou O, Akissoe N, Zakhia N. Comparison of the expansion ability of fermented maize flour and cassava starch during baking. J Sci Food Agric. 2000;80(6):665–72. Google Scholar  Vatanasuchart N, Naivikul O, Charoenrein S, Sriroth K. Molecular properties of cassava starch modified with different UV irradiations to enhance baking expansion. Carbohydr Polym. 2005;61(1):80–7. Google Scholar  Oliveira DID, Demogalski L, Dias AH, Pereira LAA, Alberti A, Los PR, Demiate IM. Traditional sour cassava starch obtained with alterations in the solar drying stage. Food Sci Technol. 2020;41:319–27. Google Scholar  Qi Q, Hong Y, Zhang Y, Gu Z, Cheng L, Li Z, Li C. Combinatorial effect of fermentation and drying on the relationship between the structure and expansion properties of tapioca starch and potato starch. Int J Biol Macromol. 2020;145:965–73. Google Scholar  Wang Z, Wang L. Impact of sourdough fermentation on nutrient transformations in Cereal-Based foods: Mechanisms, practical Applications, and health implications. Grain Oil Sci Technol. 2024.Arendt EK, Liam AM, Ryan, Dal F. Impact of sourdough on the texture of bread. Food Microbiol. 2007;24(2):165–74. Google Scholar  Pitsch J, Sandner G, Huemer J, Huemer M, Huemer S, Weghuber J. FODMAP fingerprinting of bakery products and sourdoughs: quantitative assessment and content reduction through fermentation. Foods. 2021;10(4):894. Google Scholar  Akamine IT, Mansoldo FR, Vermelho AB. Probiotics in the sourdough bread fermentation: current status. Fermentation. 2023;9(2):90. Google Scholar  De Angelis M, Rizzello CG, Alfonsi G, et al. Use of sourdough lactobacilli and oat fibre to decrease the glycaemic index of white wheat bread. Br J Nutr. 2007;98(6):1196–205. Google Scholar  Han F, Wang Y, Zhang H, Zhang S. Physicochemical properties of Alisma starch. Front Nutr. 2025;12:1513814. Google Scholar  Liljeberg HG, Lönner CH, Björck IM. Sourdough fermentation or addition of organic acids or corresponding salts to bread improves nutritional properties of starch in healthy humans. J Nutr. 1995;125(6):1503–11. Google Scholar  Islam MA, Islam S. Sourdough bread quality: facts and factors. Foods. 2024;13(13):2132. Google Scholar  Colosimo R, Gabriele M, Cifelli M, Longo V, Domenici V, Pucci L. The effect of sourdough fermentation on triticum dicoccum from garfagnana: 1H NMR characterization and analysis of the antioxidant activity. Food Chem. 2020;305:125510. Google Scholar  Gabriele M, Cavallero A, Tomassi E, Arouna N, Árvay J, Longo V, Pucci L. Assessment of sourdough fermentation impact on the antioxidant and anti-inflammatory potential of Pearl millet from Burkina Faso. Foods. 2024;13(5):704. Google Scholar  Tomassi E, Arouna N, Brasca M, Silvetti T, de Pascale S, Troise AD, Pucci L. Fermentation of whole-wheat using different combinations of lactic acid bacteria and yeast: Impact on in vitro and ex vivo antioxidant activity. Foods, 2025;14(3):421.Lopez HW, Krespine V, Guy C, Messager A, Demigne C, Remesy C. Prolonged fermentation of whole wheat sourdough reduces phytate level and increases soluble magnesium. J Agric Food Chem. 2001;49(5):2657–62. Google Scholar  Huang C, Zhang B, Huang J, Liu Y, Chen C, Omedi, JO, Li, N. The Effects of Single-or Mixed-Strain Fermentation of Red Bean Sourdough, with or without Wheat Bran, on Bread Making Performance and Its Potential Health Benefits in Mice Model. Foods, 2024;13(17):2856.Mohammadi-Kouchesfahani M, Hamidi‐Esfahani Z, Azizi MH. Isolation and identification of lactic acid bacteria with phytase activity from sourdough. Food Sci Nutr. 2019;7(11):3700–8. Google Scholar  Yehuala TF, Atlabachew M, Aslam MF, Allen L, Griffith H, Ward JL, Cherie HA. Fermentation Kinetics and Changes in Levels of Antinutrients in Pearl Millet and Pearl Millet-Maize Composite Dough Recipes Used to Prepare Injera. Food Science Nutrition, 2025;13(7):e70598.Mordor Intelligence Research & Advisory. Sourdough Market Size & Share Analysis—Growth Trends & Forecasts (2024–2029). https://www.mordorintelligence.com/industry-reports/sourdough-market. Accessed 20 Mar 2025.Penido FCL, Piló FB, Sandes SHDC, et al. Selection of starter cultures for the production of sour cassava starch in a Pilot-Scale fermentation process. Braz J Microbiol. 2018;49(4):823–31. Google Scholar  Daley SF, Posner EB, Haseeb M. Celiac Disease. In StatPearls; StatPearls Publishing: 2025.Dufour D, O’Brien GM, Best R, editors. Cassava Flour and Starch: Progress in Research and Development; CIAT, 1996;No. 271.Mestres C, Rouau X, Zakhia N, Brabet C. Physicochemical Properties of Cassava Sour Starch. In Cassava Flour and Starch: Progress in Research and Development; CIAT, 1996;(271):143.da Silva Kazerski RT, Biduski B, Weber FH, et al. Substitution of chemically modified corn starch with Heat-Moisture treated cassava starch in Brazilian Pão de Queijo. Int J Gastron Food Sci. 2022;28:100541. Google Scholar  Miranda Arcanjo F, Steinmacher NC, Kalschne DL, et al. Aplicación de Planificación de Mezclar En El desarrollo de Un Pan sin gluten Con Maca, Patata, Yuca Dulce y agria. Rev Chil Nutr. 2020;47(3):372–80. Google Scholar  Santacruz S, Cobo G. Substitution of Canna Edulis starch for a mixture of Potato/Cassava starch in the production of Almojábanas. Rev Fac Nac Agron Medellín. 2020;73(3):9341–7. Google Scholar  Lu ZH, Li LT, Min WH, Wang F, Tatsumi E. Effects of natural fermentation on the physical properties of rice flour and rheological characteristics of rice noodles. Int J Food Sci Technol. 2005;40(9):985–92. Google Scholar  Lu ZH, Li LT, Cao W, Li ZG, Tatsumi E. Influence of natural fermentation on physico-chemical characteristics of rice noodles. Int J Food Sci Technol. 2003;38(5):505–10. Google Scholar  Xiao W, Ding Y, Cheng Y, Xu S, Lin L. Effect of sodium bicarbonate on the physicochemical properties of fermented rice flour and quality characteristics of fermented Semi-Dried rice noodles. Front Nutr. 2023;10:1100422. Google Scholar  Montenegro FM, Gomes-Ruffi CR, Vicente CA, et al. Fermented cassava starch biscuits enriched with soluble and insoluble fibers. Food Sci Technol. 2008;28:184–91. Google Scholar  Dias ARG, Elias MC, Oliveira M, Helbig E. Oxidation of fermented cassava and corn starches: development of the expansion property. Food Sci Technol. 2007;27:794–9. Google Scholar  Ndjang MMN, Klang JM, Njapndounke B, et al. Optimization of the processing conditions for the production of a Gluten-Free bread from sour cassava starch (Manihot esculenta) and legumes. Foods. 2023;12(17):3180. Google Scholar  Chang YH, Lin CL, Chen JC. Characteristics of mung bean starch isolated by using lactic acid fermentation solution as the steeping liquor. Food Chem. 2006;99(4):794–802. Google Scholar  Yuan ML, Lu ZH, Cheng YQ. Effect of natural fermentation on the viscosity properties of rice flour RVA and the tensile properties of rice flour. Chin J Cereals Oils. 2008;23:6–9. Google Scholar  Calvert MD, Madden AA, Nichols LM, et al. A review of sourdough starters: Ecology, Practices, and sensory quality with applications for baking and recommendations for future research. PeerJ. 2021;9:e11389. Google Scholar  Katina K, Arendt EK, Liukkonen K-H, Autio K, Flander L, Poutanen K. Potential of sourdough for healthier cereal products. Trends Food Sci Technol. 2005;16:104–12. Google Scholar  Poutanen K, Flander L, Katina K. Sourdough and cereal fermentation in a nutritional perspective. Food Microbiol. 2009;26(7):693–9. Google Scholar  Gobbetti M, Rizzello CG, Di Cagno R, De Angelis M. How the sourdough May affect the functional features of leavened baked goods. Food Microbiol. 2014;37:30–40. Google Scholar  Wu X, Wu X, Zhang J, Yan X, Zhang Q, Zhang B. Effects of adding proteins from different sources during Heat–Moisture treatment on corn starch Structure, physicochemical Properties, and In vitro digestibility. Int J Biol Macromol. 2024;273:133079. Google Scholar  Cao Y, Zhang H, Yang Z, Zhang M, Guo P, Li H. Influence of fermentation time and potato pulp addition on the technological properties and volatile compounds of wheat dough and steamed bread. LWT. 2020;128:109377. Google Scholar  Download referencesFundingNo specific grant from a public, private, or nonprofit funding organization was obtained for this study.Author informationAuthors and AffiliationsDepartment of Food Science and Technology, Punjab Agricultural University, Ludhiana, 141004, IndiaTanya Joshi, Geetanjali Pathania, Arashdeep Singh, Hanuman Bobade & Antima GuptaDepartment of Plant Science (Cereal Science), North Dakota State University, Fargo, ND, 58105, USA SamandeepCollege of Agricultural Engineering and Technology, Punjab Agricultural University, Ludhiana, 141004, IndiaVimal ChallanaElectron Microscopy and Nanoscience Lab, Punjab Agricultural University, Ludhiana, 141004, IndiaGurkirat KaurAuthorsTanya JoshiView author publicationsSearch author on:PubMed Google ScholarGeetanjali PathaniaView author publicationsSearch author on:PubMed Google Scholar SamandeepView author publicationsSearch author on:PubMed Google ScholarVimal ChallanaView author publicationsSearch author on:PubMed Google ScholarArashdeep SinghView author publicationsSearch author on:PubMed Google ScholarGurkirat KaurView author publicationsSearch author on:PubMed Google ScholarHanuman BobadeView author publicationsSearch author on:PubMed Google ScholarAntima GuptaView author publicationsSearch author on:PubMed Google ScholarContributionsTJ contributed to conceptualization, writing and revising of manuscript; GP contributed to writing of manuscript; S assisted in writing manuscript; VC contributed to writing of manuscript; AS contributed to conceptualization and revising of the final manuscript; GK helped in designing and critically revising the manuscript draft; HB contributed to revise the manuscript; and AG also helped in revising the manuscript.Corresponding authorsCorrespondence to Tanya Joshi or Arashdeep Singh.Ethics declarations Ethics approval and consent to participate Not applicable. Human ethics Not applicable. Clinical trials No human trials were conducted for the study. Consent for publication Not applicable. Competing interests The authors declare no competing interests. Additional informationPublisher’s NoteSpringer Nature remains neutral with regard to jurisdictional claims in published maps and institutional affiliations.Rights and permissions Open Access This article is licensed under a Creative Commons Attribution-NonCommercial-NoDerivatives 4.0 International License, which permits any non-commercial use, sharing, distribution and reproduction in any medium or format, as long as you give appropriate credit to the original author(s) and the source, provide a link to the Creative Commons licence, and indicate if you modified the licensed material. You do not have permission under this licence to share adapted material derived from this article or parts of it. The images or other third party material in this article are included in the article’s Creative Commons licence, unless indicated otherwise in a credit line to the material. If material is not included in the article’s Creative Commons licence and your intended use is not permitted by statutory regulation or exceeds the permitted use, you will need to obtain permission directly from the copyright holder. To view a copy of this licence, visit http://creativecommons.org/licenses/by-nc-nd/4.0/. Reprints and permissionsAbout this articleCite this articleJoshi, T., Pathania, G., Samandeep et al. Mechanistic insights into fermentation induced starch biotransformation and its food functionality with nutritional relevance. Discov Food (2026). https://doi.org/10.1007/s44187-026-00854-8Download citationReceived: 16 October 2025Accepted: 24 January 2026Published: 14 February 2026DOI: https://doi.org/10.1007/s44187-026-00854-8Share this articleAnyone you share the following link with will be able to read this content:Get shareable linkSorry, a shareable link is not currently available for this article.Copy shareable link to clipboard Provided by the Springer Nature SharedIt content-sharing initiative KeywordsGreen technologypHLactobacillusHealth implicationsBakery",NA,"https://doi.org/10.1007/s44187-026-00854-8",NA,"openalex",FALSE,FALSE,NA,NA,NA
"2602.12538","Starch granules are instructive scaffolds for synergistic reinforcement and dissipation in hydrogel composites","Shirlaine Juliano; Jasmine Samaniego; Ian M Lillie; Geraldine Ramirez; Peter M Iovine; Rae M Robertson-Anderson","2026-02-13",3,"A fundamental challenge in soft material design is the competition between rigidity and dynamicity, as stiffening mechanisms typically suppress energy dissipation. Here, we demonstrate that starch granules serve as instructive scaffolds that overcome this constraint, enabling the synergistic amplification of both elastic reinforcement and dynamic dissipation in hydrogels. We show that engineering the charge and structure of the filler-matrix interface enhances this synergistic response, which we propose arises from a dual-action physical mechanism: filler-induced polymer bundling of the polymer matrix provides structural reinforcement, while transient filler-matrix hydrogen bonding facilitates dissipation. Moreover, we reveal that binary blends of disparate filler species unexpectedly suppress these emergent properties, which we argue arises from enhanced entropic mixing. Our results provide a physical framework to overcome current design limitations in soft composites and sculpt their viscoelastic response from synergistic enhancement to strategic suppression for applications ranging from high-performance soft robotics to biomimetic tissue engineering. Subjects: Soft Condensed Matter (cond-mat.soft) Cite as: arXiv:2602.12538 [cond-mat.soft] (or arXiv:2602.12538v1 [cond-mat.soft] for this version) https://doi.org/10.48550/arXiv.2602.12538","https://arxiv.org/pdf/2602.12538v1.pdf",NA,NA,"arxiv",TRUE,FALSE,"arxiv_starch_granule_are_i_260212538.pdf",7.38,"arxiv_pdf"
"W7128768241","From ancient plaster to modern sustainability: assessing starch granules and organic components in historical earthen plasters for environmental applications","Bhushan Dighe; Manager Rajdeo Singh; Madhuri Sawant","2026-02-13",3,"From ancient plaster to modern sustainability: assessing starch granules and organic components in historical earthen plasters for environmental applications Research Open access Published: 13 February 2026 article number , (2026) Cite this article You have full access to this open access article Download PDF Save article View saved research Discover Materials Aims and scope Submit manuscript From ancient plaster to modern sustainability: assessing starch granules and organic components in historical earthen plasters for environmental applications Download PDF AbstractThis study investigates the starch composition of ancient earthen plasters from western India’s Buddhist caves in Karla, Bhaja, Ellora, Aurangabad, and Pitalkhora, employing a comprehensive methodology that integrates microscopy, image processing, and FTIR spectroscopy. Through polarized and normal light microscopy, starch grains from wheat, millet, mung beans, and rice were identified and characterized. Geometric properties of these granules—such as area, perimeter, and roundness—were measured using ImageJ software, with classification accuracy enhanced by a discriminant formula developed through Statistical Package for the Social Sciences (SPSS 26), a software tool widely used for statistical analysis. Notable findings include millet being the dominant starch in Pitalkhora plaster and rice starch present across all cave plaster samples, though in varying concentrations: Bhaja (31%), Ellora (26%), Karla (14%), Pitalkhora (14%), and Aurangabad (7%). Millet starch concentrations were highest in Pitalkhora (51%) and lowest in Ellora (11%). FTIR analysis of water-extracted samples revealed starch, gums, and proteinaceous additives, confirming diverse organic components in the plaster. This research elucidates regional variations in plaster compositions and highlights the advanced knowledge and skill in material selection and application in ancient construction practices. The study bridges past and present by demonstrating how the strategic use of plant-derived additives in ancient plasters can inspire innovative, eco-conscious solutions in contemporary building practices, underscoring the relevance of traditional knowledge in addressing today’s environmental challenges. Similar content being viewed by others Isolation and characterization of starch from underutilized barnyard millet (Echinochloa frumentacea) and its utilization in the development of biopolymer film Article 27 August 2025 Evolution and sustainability of green waste valorization for the development of starch-based films: a narrative review Article 07 December 2024 Traditional-aromatic white and black rice responded differently on physical, biochemical and molecular structure in relation to storage duration Article Open access 10 October 2025 Data availability All the data generated for this manuscript is enclosed with the paper and will be made available on demand. References:Hill, A.F. ‘Economic botany. A textbook of useful plants and plant products.’, Economic botany. A textbook of useful plants and plant products. [Preprint], (2nd edn). 1952Khairullina ER, Bogdanova VI, Slepneva EV, Nizamutdinova GF, Fatkhullina LR, Kovalenko YA, et al. Global climate change: cyclical nature of natural and permanent nature of man-made processes. Eurasian J Biosci. 2019;13(2):2311–6. Google Scholar  Richardson, D.B.,‘16 - Manufacturing methods’, in Smith, E.H.B.T.-M.E.R.B. (Twelfth E. (ed.) Mechanical Engineer’s Reference Book. 12th edn. Butterworth-Heinemann, 1994. 16–112. https://doi.org/10.1016/B978-0-7506-1195-4.50020-8.Tourtelot J, de Lacaillerie JBDE, Duc M, Mertz JD, Bourgès A, Keita E. Strengthening mechanisms of clay building materials by starch. Constr Build Mater. 2023;405:133215. Google Scholar  Muguda S, Hughes PN, Augarde CE, Perlot C, Walter Bruno A, Gallipoli D. Cross-linking of biopolymers for stabilizing earthen construction materials. Build Res Inf. 2022;50(5):502–14. Google Scholar  Pei QQ, Wang XD, Zhao LY, Zhang B, Guo QL. A sticky rice paste preparation method for reinforcing earthen heritage sites. J Cult Herit. 2020;44:98–109. Google Scholar  Giuliano, L. ‘Painting techniques in ancient India and the art of Cave 17 at Ajanta’, in Painted Ajanta Vol. 1 & 2: Studies on the techniques and the conservation of the indian rock art site. Gangemi Editore. 2014Kramrisch, S. ‘The Vishnudharmottara’, Part III, 2nd. ed., Calcutta [Preprint]. 1928Nardi I. The Theory of Citrasutras in Indian Painting: A Critical Re-evaluation of Their Uses and Interpretations. Routledge; 2007. Google Scholar  Sastri, T.G. Samargaa Sutradhara, Gaekwad’s Oriental Series. Baroda. 1924Shah, P. ‘Vishnudharmottara-Purana, Third Khanda, Vol. 2’, Gaekwad’s Oriental Series CXXX, Baroda [Preprint]. 1958Shrigondekar GK. Manasollasa of King Somesvara. Baroda Oriental Institute; 1929. Google Scholar  Sivaramamurti C. Chitrasūtra of the Vishṇudharmottara. Kanak Publications; 1978. Google Scholar  Maraveas C. Production of sustainable construction materials using agro-wastes. Materials. 2020;13(2):262. https://doi.org/10.3390/ma13020262. Google Scholar  AbdelHamid SM. Towards sustainability in mural art. J Arts Archit Res Stud. 2023;4(7):313–32. Google Scholar  Singh M, Arbad BR. Characterization of 4th-5th century A.D. earthen plaster support layers of Ajanta mural paintings. Constr Build Mater. 2015;82:142–54. https://doi.org/10.1016/j.conbuildmat.2015.02.043. Google Scholar  Prost R, Koutit T, Benchara A, Huard E. State and location of water adsorbed on clay minerals: consequences of the hydration and swelling-shrinkage phenomena. Clays Clay Miner. 1998;46(2):117–31. https://doi.org/10.1346/CCMN.1998.0460201. Google Scholar  Miller, T. A. H.. Adobe or sun-dried brick for farm buildings (No. 1720). US Department of Agriculture, Indiana University. 1949Orazi, R. ‘Mud-brick architecture in Sardinia’, in Ceramics in architecture: proceedings of the international symposium on ceramics in architecture of the 8th CIMTEC World Ceramics Congress and Forum on New Materials, Florence, Italy, June 28-July 1, 1994, pp 219–229.Jerome, P.S. ‘Analysis of bronze age mudbricks from Palaikastro, Crete’, in Conferência internacional sobre o estudo e conservaçao da arquitectura de terra (7a). Silves (Portugal), 24 a 29 de Outubro 1993, pp. 381–386.Austin George, S. ‘Adobe and related Building materials in New Mexico USA in 6th International conference on the conservation of Earthen Architecture. Adobe preprints, Las Cruces’, New Mexico. USA. Ed. Kirstem Grimstad. Los Angeles. Getty Conservation Institute, 1990. pp. 417–423.Calandra S, Barone S, Cantisani E, Caggia MP, Liccioli L, Vettori S, et al. Radiocarbon dating of straw fragments in the plasters of st. Philip church in the archaeological site of Hierapolis of Phrygia (Denizli, Turkey). Radiocarbon. 2023;65(2):323–34. Google Scholar  Agnew, N. Conservation of Ancient Sites on the Silk Road: Proceedings of the Second International Conference on the Conservation of Grotto Sites, Mogao Grottoes, Dunhuang, People’s Republic of China, June 28–July 3, 2004. Getty Publications. 2010Fogelin, L. . Archaeology of early Buddhism (Vol. 4). Rowman Altamira. 2006Sharma, R.S. India’s ancient past. Oxford University Press, ISBN:9780199087860, 0199087865. 2006Fergusson, J., & Burgess, J. The cave temples of India. Cambridge University Press, ISBN:9781108055529, 1108055524. 2013Neelis, J. ‘TRADE NETWORKS IN ANCIENT SOUTH ASIA’, in Early Buddhist Transmission and Trade Networks. Brill (Mobility and Exchange within and beyond the Northwestern Borderlands of South Asia), 2011.https://doi.org/10.1163/j.ctt1w8h16r.9Beas, M. I. G. Traditional architectural renders on earthen surfaces (Doctoral dissertation, Graduate School of Arts and Sciences, University of Pennsylvania. 1991. https://repository.upenn.edu/handle/20.500.14332/36921Laborel-Préneron A, Aubert JE, Magniont C, Tribout C, Bertron A. Plant aggregates and fibers in earth construction materials: a review. Constr Build Mater. 2016;111:719–34. https://doi.org/10.1016/j.conbuildmat.2016.02.119. Google Scholar  Melià P, Ruggieri G, Sabbadini S, Dotelli G. Environmental impacts of natural and conventional building materials: a case study on earth plasters. J Clean Prod. 2014;80:179–86. https://doi.org/10.1016/j.jclepro.2014.05.073. Google Scholar  Záleská M, Pavlíková M, Vyšvařil M, Pavlík Z. Effect of aggregate and binder type on the functional and durability parameters of lightweight repair mortars. Sustainability. 2021;13(21):11780. https://doi.org/10.3390/su132111780. Google Scholar  Nagpall JC. Mural Piantings in India. New Delhi: Gyan Publishing House; 2018. Google Scholar  Chambers, G. J. ADOBE: Practical & Technical Aspects of Adobe Conservation. JSTOR. James W. Garrison and Elizabeth F. Ruffner, eds. Presscott: Heritage Foundation of Arizona. 1984Mora P, Mora L, Philippot P. Conservation of Wall Paintings. London: Butterworths (Butterworths series in conservation and museology); 1984. Google Scholar  Bugg TD, Ahmad M, Hardiman EM, Rahmanpour R. Pathways for degradation of lignin in bacteria and fungi. Nat Prod Rep. 2011;28(12):1883–96. Google Scholar  Tiano, P. Biodegradation of cultural heritage: decay mechanisms and control methods, in Seminar article, New University of Lisbon, Department of Conservation and Restoration. 2002. 7–12.Caneva G, Nugari MP, Salvadori O. Biology in the Conservation of Works of Art. 1st ed. Rome: ICCROM; 1991. Google Scholar  Lentfer CJ, Boyd WE. A comparison of three methods for the extraction of phytoliths from sediments. J Archaeol Sci. 1998;25(12):1159–83. https://doi.org/10.1006/jasc.1998.0286. Google Scholar  Yang X, Zhang J, Perry L, Ma Z, Wan Z, Li M, et al. From the modern to the archaeological: starch grains from millets and their wild relatives in China. J Archaeol Sci. 2012;39(2):247–54. https://doi.org/10.1016/j.jas.2011.09.001. Google Scholar  Mercader J, Akeju T, Brown M, Bundala M, Collins MJ, Copeland L, et al. Exaggerated expectations in ancient starch research and the need for new taphonomic and authenticity criteria. Facets. 2018;3(1):777–98. https://doi.org/10.1139/facets-2017-0126. Google Scholar  Schneider CA, Rasband WS, Eliceiri KW. NIH image to ImageJ: 25 years of image analysis. Nat Methods. 2012;9(7):671–5. Google Scholar  Dražić S, Sladoje N, Lindblad J. Estimation of Feret’s diameter from pixel coverage representation of a shape. Pattern Recognit Lett. 2016;80:37–45. https://doi.org/10.1016/j.patrec.2016.04.021. Google Scholar  Isobe A, Akaji M, Kurokawa S. Proposal of new polishing mechanism based on Feret’s diameter of contact area between polishing pad and wafer. Jpn J Appl Phys. 2013;52(12R):126503. https://doi.org/10.7567/JJAP.52.126503. Google Scholar  Indian Pharmacopoeia. Ministry of Health and Family Welfare, Controller of Publications edition, New Delhi. 1996. 2, 764Nikodinovic-Runic, J., Guzik M., Kenny S T., Babu R.,Werker A., Conner k F., ‘Chapter Four - Carbon-Rich Wastes as Feedstocks for Biodegradable Polymer (Polyhydroxyalkanoate) Production Using Bacteria’, in Sariaslani, S. and Gadd, G.M.B.T.-A. in A.M. (eds). Academic Press, 2013. 139–200. https://doi.org/10.1016/B978-0-12-407673-0.00004-7.Upadhyay R. Bel plant: a source of pharmaceuticals and ethno medicines. Int J Green Pharm. 2015. https://doi.org/10.4103/0973-8258.165027. Google Scholar  Sreenivasan B. Component fatty acids and composition of some oils and fats. J Am Oil Chem Soc. 1968;45:259–65. https://doi.org/10.1007/BF02652423. Google Scholar  Hafeel MHM, Rizwana AA. Medicinal uses of Boswellia serrata Roxb (Kundur) with special reference to its ulcer healing property. J Pharmacogn Phytochem. 2021;10(5):34–7. https://doi.org/10.22271/phyto.2021.v10.i5a.14205. Google Scholar  Kumari, I. and Chaudhary, G. Boswellia serrata ROXB. EX COLEBR.(Salai): An Ayurvedic Herb with Anti-inflammatory Potential, Int. J. Pharm. Sci. Rev. Res. 2021. 69(1), July - August 2021; Article No. 24, Pages: 161–169 ISSN 0976 – 044XAdamska I, Biernacka P. Bioactive substances in safflower flowers and their applicability in medicine and health‐promoting foods. Int J Food Sci. 2021;2021:6657639. https://doi.org/10.1155/2021/6657639. Google Scholar  Mali RG, Mahajan SG, Mehta AA. Phcog rev.: plant review Rakta Kanchan (Bauhinia variegata): chemistry traditional and medicinal uses—a review. Pharmacogn Rev. 2007;1:314–9. Google Scholar  Gautam S. Bauhinia variegata Linn: all purpose utility and medicinal tree. Forestry Bull. 2012;12(2):61–4. Google Scholar  Gupta S, Acharya R. A critical review on snuhi (Euphorbia neriifolia Linn.) with special reference to ayurvedic nighantus (lexicons). Int J Res Ayurveda Pharm. 2017;8:98–103. https://doi.org/10.7897/2277-4343.083177. Google Scholar  Thilagavathi, G. and Kannaian, T. ‘Application of prickly chaff (Achyranthes aspera Linn.) leaves as herbal antimicrobial finish for cotton fabric used in healthcare textiles. 0975–1092 (Online); 0972–592X (Print). 2008Srivastava, P.K. Achyranthes aspera: A potent immunostimulating plant for traditional medicine’, International Journal of Pharmaceutical Sciences and Research, 2014. Vol. 5(5): 1601–1611. E-ISSN: 0975–8232; P-ISSN: 2320–5148Baliga MS, Bhat HP, Joseph N, Fazad F. Phytochemistry and medicinal uses of the bael fruit (Aegle marmelos Correa): a concise review. Food Res Int. 2011;44(7):1768–75. https://doi.org/10.1016/j.foodres.2011.02.008. Google Scholar  Singh DP, Govindarajan R, Rawat AKS. High‐performance liquid chromatography as a tool for the chemical standardisation of Triphala—an ayurvedic formulation. Phytochem Anal. 2008;19(2):164–8. https://doi.org/10.1002/pca.1032. Google Scholar  Alzohairy MA. Therapeutics role of Azadirachta indica (Neem) and their active constituents in diseases prevention and treatment. Evid Based Complement Alternat Med. 2016;2016:7382506. https://doi.org/10.1155/2016/7382506. Google Scholar  Bachaya HA, Iqbal Z, Khan MN, Jabbar A, Gilani AH, Din IU. In vitro and in vivo anthelmintic activity of Terminalia arjuna bark. Int J Agric Biol. 2009;11:273. Google Scholar  Gopinath K, Venkatesh KS, Ilangovan R, Sankaranarayanan K, Arumugam A. Green synthesis of gold nanoparticles from leaf extract of Terminalia arjuna, for the enhanced mitotic cell division and pollen germination activity. Ind Crops Prod. 2013;50:737–42. https://doi.org/10.1016/j.indcrop.2013.08.060. Google Scholar  Reddy GC, Susheelamma NS, Tharanathan RN. Composition and properties of mucilaginous polysaccharide from native and fermented black gram flour. Carbohydr Polym. 1990;12(2):189–202. https://doi.org/10.1016/0144-8617(90)90018-N. Google Scholar  Kita, Y. The functions of vegetable mucilage in lime and earth mortars–A review. In HMC2013–3rd Historic Mortars Conference, 11–14 September 2013, Glasgow,ScotlandRana V, Das MK, Gogoi S, Kumar V. Multifunctional properties of polysaccharides from Dalbergia sissoo, Tectona grandis and Mimosa diplotricha. Carbohydr Polym. 2014;102:341–50. https://doi.org/10.1016/j.carbpol.2013.11.035. Google Scholar  Rana V, Kumar V, Soni PL. Structural characterization of an acidic polysaccharide from Dalbergia sissoo Roxb. leaves. Carbohydr Polym. 2012;90(1):243–50. https://doi.org/10.1016/j.carbpol.2012.05.031. Google Scholar  Rampazzi L, Colombini MP, Conti C, Cortic C, sansonetti A, Zanaboni M. Technology of medieval mortars: an investigation into the use of organic additives. Archaeometry. 2016;58(1):115–30. https://doi.org/10.1111/arcm.12155. Google Scholar  Singh N, Singh J, Kaur L, Sodhi NS, Gill BS. Morphological, thermal and rheological properties of starches from different botanical sources. Food Chem. 2003;81(2):219–31. https://doi.org/10.1016/S0308-8146(02)00416-8. Google Scholar  Zobel HF. Molecules to granules: a comprehensive starch review. Starch-Starke. 1988;40(2):44–50. Google Scholar  Zobel HF. Starch crystal transformations and their industrial importance. Starch-Starke. 1988;40(1):1–7. Google Scholar  Abd Karim A, Norziah MH, Seow CC. Methods for the study of starch retrogradation. Food Chem. 2000;71(1):9–36. https://doi.org/10.1016/S0308-8146(00)00130-8. Google Scholar  Singh S, Singh N, Isono N, Noda T. Relationship of granule size distribution and amylopectin structure with pasting, thermal, and retrogradation properties in wheat starch. J Agric Food Chem. 2010;58(2):1180–8. https://doi.org/10.1021/jf902753f. Google Scholar  Abdel-Rahman ESA, El-Fishawy FA, El-Geddawy MA, Kurz T, El-Rify MN. Isolation and physico-chemical characterization of mung bean starches. Int J Food Eng. 2008. https://doi.org/10.2202/1556-3758.1184. Google Scholar  Chakraborty I, Pallen S, Shetty Y, Roy N, Mazumder N. Advanced microscopy techniques for revealing molecular structure of starch granules. Biophys Rev. 2020;12:105–22. https://doi.org/10.1007/s12551-020-00614-7. Google Scholar  Yang Q, Zhang W, Li J, Gong X, Feng B. Physicochemical properties of starches in proso (non-waxy and waxy) and foxtail millets (non-waxy and waxy). Molecules. 2019;24(9):1743. https://doi.org/10.3390/molecules24091743. Google Scholar  Li W, Shu C, Zhang P, Shen Q. Properties of starch separated from ten mung bean varieties and seeds processing characteristics. Food Bioprocess Technol. 2011;4:814–21. https://doi.org/10.1007/s11947-010-0421-6. Google Scholar  Derrick, M. R., Stulik, D., & Landry, J. M. Infrared spectroscopy in conservation science. Getty Publications. ISBN:9780892364695, 0892364696. 2000Hong T, Yin JY, Nie SP, Xie MY. Applications of infrared spectroscopy in polysaccharide structural analysis: progress, challenge and perspective. Food Chemistry: X. 2021;12:100168. https://doi.org/10.1016/j.fochx.2021.100168. Google Scholar  Wang YX, Xin Y, Yin JY, Huang XJ, Wang JQ, Hu JL, et al. Revealing the architecture and solution properties of polysaccharide fractions from Macrolepiota albuminosa (Berk.) Pegler. Food Chem. 2022;368:130772. https://doi.org/10.1016/j.foodchem.2021.130772. Google Scholar  Perron, J., & Siegel, R. E. The use of FTIR in the study of photographic materials. In Topics in Photographic Preservation. 1989. Volume 3 (Vol. 3, pp. 112–122).Feist, P. Infrared spectroscopy tutorial, University of Colorado. 2009. Available at: https://orgchemboulder.com/ (Accessed: 16 August 2022).Jabs, A. Determination of Secondary Structure in Proteins by Fourier Transform Infrared Spectroscopy (FTIR), Jena Library of Biological Macromolecules. 2005. Available at: http://jenalib.leibniz-fli.de/IMAGE.html (Accessed: 17 August 2022).Singh M, Kumar SV, Waghmare SA. The composition and technology of the 3–4th century CE decorative earthen plaster of Pithalkhora caves, India. J Archaeol Sci Rep. 2016;7:224–37. https://doi.org/10.1016/j.jasrep.2016.04.017. Google Scholar  Download referencesFundingThis research did not receive any funding from any source.Author informationAuthors and AffiliationsNational Museum Institute, Janpath, New Delhi, 110011, IndiaBhushan DigheDepartment of Tourism Administration Dr. Babasaheb Ambedkar, Marathwada University, Aurangabad, 431004, IndiaManager Rajdeo Singh & Madhuri SawantAuthorsBhushan DigheView author publicationsSearch author on:PubMed Google ScholarManager Rajdeo SinghView author publicationsSearch author on:PubMed Google ScholarMadhuri SawantView author publicationsSearch author on:PubMed Google ScholarContributionsBhushan Dighe: Sample collection, conceptualization, formal analysis M.R.Singh: resources, writing of final draft, visualization Madhuri Sawant: administration, resources, validation, initial draft.Corresponding authorCorrespondence to Manager Rajdeo Singh.Ethics declarations Ethics approval and consent to participate The authors declare that this study complies with ethical standards. No human or animal subjects were involved, and no ethical approval was required. All participants provided informed consent to participate in this study. Consent for publication All the authors of this manuscript has given their consent to publish this work. Competing interests The authors declare no competing interests. Additional informationPublisher's NoteSpringer Nature remains neutral with regard to jurisdictional claims in published maps and institutional affiliations.AppendixAppendixAppendix A: Traditional Organic Additives Mentioned in Ancient Indian Texts and Their Functional PropertiesNameBotanical nameDescriptionReferenceGuggulaGum ResinAn ancient medicinal plant first described in Ayurveda by Sushruta around 3000 years ago[44]Molasses/SugarcaneIksukaUsed as soil fertilizer, livestock feed, yeast fermentation, flavoring, and ethanol feedstock[45]Bilva PulpAegle marmelosAdded to lime plaster for waterproofing[46]SarjaVatika robustaContains palmitic, stearic, and oleic acids used in various applications[47]KunduruCoccinia grandisHas antibacterial, antifungal, and antimicrobial properties[48, 49]Safflower OilCarthamus tinctorius LKnown for its anti-inflammatory, analgesic, antibacterial, antimicrobial, and anti-aging properties[50]KusmandaBeninkasa ceriferaWaxy fruit peel used as an organic component—KuddaliBauhinia variegataContains antioxidants, antimicrobial, and antibacterial properties; includes tannins, fibers, gum, and oil[51, 52]SnuhiEuphorbia antiquorumLatex used as a purgative and in plaster preparation[53]ApamargaAchyranthes asperaExtracts have antiparasitic, antioxidant, antibacterial, and antifungal properties[54, 55]Triphala/Myrobalan—Has antibacterial, antioxidant, antidiabetic, and anticancer effects; contains ascorbic, tannic, and gallic acids[56, 57]NimbaAzadirachta indicaContains azadirachtin; antioxidant, antibacterial, antimicrobial, antiviral, anticancer, and insect-repellent[58]KakubhaTerminalia arjunaAntibacterial, antioxidant, and antifeedant properties; nanoparticles used in medicine and materials[59, 60]MudgaVigna radiataMung bean mucilage polysaccharide aids water retention and crack prevention in plaster[61, 62]Simpsapa/Picchila BarkDalbergia sisooJuice has antioxidative, antibacterial, and anti-inflammatory properties aiding moisture control[63, 64]Kapittha/Bel-treeFeronia elephantumFruit pulp rich in minerals used in plaster—Shalmali/Picchila BarkSalmelia malabaricaPlant gum and mucilage used as organic additives in plaster—Rights and permissions Open Access This article is licensed under a Creative Commons Attribution-NonCommercial-NoDerivatives 4.0 International License, which permits any non-commercial use, sharing, distribution and reproduction in any medium or format, as long as you give appropriate credit to the original author(s) and the source, provide a link to the Creative Commons licence, and indicate if you modified the licensed material. You do not have permission under this licence to share adapted material derived from this article or parts of it. The images or other third party material in this article are included in the article’s Creative Commons licence, unless indicated otherwise in a credit line to the material. If material is not included in the article’s Creative Commons licence and your intended use is not permitted by statutory regulation or exceeds the permitted use, you will need to obtain permission directly from the copyright holder. To view a copy of this licence, visit http://creativecommons.org/licenses/by-nc-nd/4.0/. Reprints and permissionsAbout this articleCite this articleDighe, B., Singh, M.R. & Sawant, M. From ancient plaster to modern sustainability: assessing starch granules and organic components in historical earthen plasters for environmental applications. Discov Mater (2026). https://doi.org/10.1007/s43939-026-00549-yDownload citationReceived: 07 May 2025Accepted: 14 January 2026Published: 13 February 2026DOI: https://doi.org/10.1007/s43939-026-00549-yShare this articleAnyone you share the following link with will be able to read this content:Get shareable linkSorry, a shareable link is not currently available for this article.Copy shareable link to clipboard Provided by the Springer Nature SharedIt content-sharing initiative KeywordsEarthen plasterStarch grainsOrganic additivesSustainabilityEnvironmental impactFTIR analysis Profiles Manager Rajdeo Singh View author profile Isolation and characterization of starch from underutilized barnyard millet (Echinochloa frumentacea) and its utilization in the development of biopolymer film Article 27 August 2025 Evolution and sustainability of green waste valorization for the development of starch-based films: a narrative review Article 07 December 2024 Traditional-aromatic white and black rice responded differently on physical, biochemical and molecular structure in relation to storage duration Article Open access 10 October 2025",NA,"https://doi.org/10.1007/s43939-026-00549-y",NA,"openalex",FALSE,FALSE,NA,NA,NA
"W7128767228","Freeze-structuring unlocks minimal-processing strategies for legume texturization","Patrick A. Rühs; Andrea Bach; Elin Perler; Lenja S. Lemcke","2026-02-13",3,"<title>Abstract</title> Legumes are sustainable, nutrient-rich, and affordable, yet their potential remains underused because conventional food processing often fails to utilize the entire raw material or achieve desirable textures. We show that freeze structuring can serve as a minimal-processing technique that imparts texture to legume-based foods without additives or raw material refinement. The method leverages directional ice crystal growth to concentrate starch, protein, and cell wall fragments into aligned interstitial regions as ice forms. Upon thawing, these concentrated domains interlink into a continuous network, reinforcing the gel and producing firmer textures with pronounced anisotropy. This approach was successfully applied to legumes representing 96% of global production, including chickpeas, soybeans, peas, lentils, lupins, common beans, and mung beans, underscoring its versatility. By eliminating fractionation and additive use, freeze structuring offers a decentralized, sustainable solution for producing nutritious, texturized plant-based foods using standard freezing technologies, accessible for industrial and home-scale production worldwide.","https://www.researchsquare.com/article/rs-8663699/latest.pdf",NA,NA,"openalex",TRUE,FALSE,"openalex_freeze-_tructuring_u_w7128767228.pdf",6.8,"original"
"W7128772051","Life cycle sustainability assessment of a multi-technology action for food loss and waste prevention","María Jesús Muñoz-Torres; Idoya Ferrero‐Ferrero; José Vicente Gisbert-Navarro; Elena Escrig-Olmedo","2026-02-13",3,"<ns3:p>Background Food waste persists as a global challenge, with upstream preventive technological innovations still insufficiently evaluated for their sustainability performance despite policy pressure and the Sustainable Development Goals. The objective of this article is to present a sustainability assessment, from a life-cycle perspective, of an innovative food waste prevention and reduction (FLWPR) action that integrates multiple technologies within the fresh potato supply chain. The intervention applies to a pilot phase technology that consists of advanced imaging and sensor-based detection system to identify internal defects in potatoes early in the supply chain. Potatoes identified as defective are redirected for valorization using commercially available technology into fifth-range products, animal feed, or starch. Methods The multi-technological FLWPR action is assessed by applying a Sustainability Life Cycle Assessment using the EF 3.1 method for environmental impacts, a SHDB-based method for social impacts, and Life Cycle Costing for the economic dimension. Results Results demonstrate a substantial reduction in food loss and waste, a reduction in the impacts of the three pillars of sustainability and a successful implementation of circular economy practices. Conclusions The contribution of this work lies in providing one of the first holistic life-cycle sustainability evaluations of an upstream preventive technological FLWPR action. It demonstrates how the impacts observed during a pilot phase of a technological intervention can be effectively complemented by already commercialized technologies, thereby generating significant system-wide benefits. Moreover, the work highlights pathways to reinforce circularity and enhance sustainability across food supply chains.</ns3:p>",NA,"https://doi.org/10.12688/openreseurope.22916.1",NA,"openalex",FALSE,FALSE,NA,NA,NA
"W7128784425","Decoding the Microbial Diversity of Indian Fermented Foods: Integrating Ethnobiology, Multi-Omics and Functional Insights","Priyanka Samantaray; Sudeshna Saha","2026-02-13",3,"Open AccessReview Decoding the Microbial Diversity of Indian Fermented Foods: Integrating Ethnobiology, Multi-Omics and Functional Insights by Priyanka SamantarayPriyanka Samantaray SciProfiles Scilit Preprints.org Google Scholar and Sudeshna SahaSudeshna Saha SciProfiles Scilit Preprints.org Google Scholar * Department of Biological Sciences, SRM University AP, Amaravati 522 240, Andhra Pradesh, India * Author to whom correspondence should be addressed. Foods 2026, 15(4), 687; https://doi.org/10.3390/foods15040687 Submission received: 29 October 2025 / Revised: 31 December 2025 / Accepted: 1 January 2026 / Published: 13 February 2026 (This article belongs to the Special Issue Microorganisms in Fermented Food: Selection, Evaluation and Application) Download keyboard_arrow_down Download PDF Download PDF with Cover Download XML Download Epub Browse Figures Review Reports Versions Notes Abstract India’s diverse culinary heritage includes a wide spectrum of traditional fermented foods that harbour complex microbial communities essential for flavour development, preservation, and nutritional enhancement. These microorganisms—primarily lactic acid bacteria, yeasts, and molds—contribute functional properties that extend beyond food transformation to confer health benefits, including probiotic potential and metabolic regulation. This review integrates classical microbiological studies with modern molecular approaches such as metagenomics, metatranscriptomics, and metabolomics to elucidate the microbial diversity of Indian fermented foods. It highlights how geography, substrates, and ethnic traditions shape region-specific microbial consortia sustained through long-standing ethno-microbiological practices. Special focus is given to the glycemic modulation achieved through microbial fermentation, wherein organic acid production and resistant starch formation lower glycemic index and improve glucose metabolism. These processes, along with enhanced nutrient bioavailability, vitamin synthesis, and immunomodulation, illustrate the broader functional potential of fermentation. The review also examines interactions between food-borne microbes and the human gut microbiota, underscoring implications for personalized nutrition. Finally, it discusses modernization and commercialization strategies and outlines future directions involving multi-omics integration, indigenous starter cultures, and microbiome-based innovations to harness India’s microbial heritage for improved health and sustainable food development. Keywords: fermented foods; glycemic value; omics; microbiome; India 1. IntroductionIndia’s culinary heritage, shaped over millennia by geographical diversity, climatic variations, and cultural plurality, encompasses a vast array of fermented foods that reflect the interconnection between biodiversity, traditional knowledge, and nutrition. Fermentation, a biotransformation process driven by diverse microbial communities, plays a pivotal role in improving the nutritional value, sensory profile, shelf life, and functional properties of foods. These natural microbial consortia, comprising bacteria, yeasts, and fungi, carry out complex biochemical conversions that enhance bioavailability of nutrients, generate bioactive compounds, and potential health benefits.Over the past few decades, advances in culture-independent and high-throughput molecular technologies have increased the exploration of microbial consortia associated with traditional Indian fermented foods. By integrating conventional culture-based methods with multi-omics tools such as metagenomics, metaproteomics, and metabolomics, researchers have begun to decode the ecological and functional complexity underlying these foods. This paper provides a comprehensive review of the microbial diversity inhabiting India’s fermented foods, highlights their biochemical and nutritional characteristics as well as regional specificity, and finally presents Indian fermented foods in the context of today’s global food market. 2. Historical Perspective of Fermented Food in IndiaAncient Indian fermentation practices trace back over 3000 years and were deeply intertwined with agriculture, religion, medicine, and collective tribal life. Archaeological and textual sources reveal that fermentation was not only a technological process but also a spiritual and subsistence cornerstone of Indian civilization. Vedic literature such as the Rigveda described early fermented beverages like Soma and Sura, prepared using grains, herbs, and ferments, which marked the beginning of systematic fermentation in India [1,2]. These methods evolved with settled agriculture during the Neolithic period, where grains and fruits were spontaneously fermented by undefined microbes. Texts like Charaka Samhita and Sushruta Samhita discussed the medicinal uses of fermented preparations (Asava, Arista, Amla), suggesting early biochemical knowledge of microbial transformations. Subsequently, Kautilya’s Arthashastra mentioned vinegar (Amla) production and fruit-based fermentations used both for flavouring and preservation. Fermented foods and beverages held ritual significance in Vedic and later Hindu traditions. Soma was considered sacred, symbolizing divine vitality and immortality. In many regions, fermented milk products such as buttermilk (takra) and curd (dahi) were used in religious rituals and offerings. In Ayurveda, fermented drinks like Kanji, Peya, and Takra were recommended for seasonal balance and digestive health, reflecting how spiritual, ecological, physiological and nutritional understandings were integrated into everyday dietary practices [3]. Hindu dietary treatises also categorized fermented products under specific therapeutic or ritual contexts, acknowledging both their vitality and their constrained use during purification rites.Furthermore, fermentation was essential for food preservation and survival in pre-refrigeration agrarian societies. It transformed perishable surpluses from harvests into long-lasting products such as kanjika (fermented cereal gruel), sukta (vinegar-like condiment), and pickles used throughout the year. In rain-fed and tribal agricultural systems, fermentation ensured nutritional security, enhanced digestibility, and promoted probiotic health benefits. The technology required minimal energy, making it sustainable for rural communities. Across India’s tribal belts, from the Bodo and Naga communities of Northeast to Gond and Bhil tribes in central India, fermentation shaped local food identities and social cohesion. Rice beers like Apong, Zutho, and Judima were central to festivals and community rituals that celebrated harvests and kinship. Fermented fish, soybeans, and bamboo shoots served as protein-rich conservation foods in hilly terrains with limited meat availability. These traditions persist today, maintaining deep ecological links between indigenous microbiota, agro-biodiversity, and ethnic heritage. Overall, ancient Indian fermentation was a holistic system combining empirical microbiology, sacred symbolism, and ecological mindfulness—providing a foundation for the country’s enduring microbial diversity in food cultures. 3. Molecular Technologies Advancing Understanding of Indian Fermented FoodsIndustrial advancement has accelerated the commercial development and global recognition of Indian fermented foods. Traditional products like dahi, lassi, and fermented snacks are now produced commercially, aligning with the global shift toward functional and probiotic-enriched foods. Parallels may be drawn with Asian fermented foods such as miso (Japan) and kimchi (Korea), yet India’s substrate variety, ethnocultural foundations, and microbial diversity render its fermented foods uniquely multifaceted [4]. The understanding of the microbial repertoire of Indian fermented foods has benefitted through the development of modern technological advancements. Recent advances in molecular biology techniques have revolutionized the study of microbial communities in Indian fermented foods by offering detailed, high-resolution insights into their diversity, functions, and dynamics throughout fermentation (Figure 1).16S rRNA gene sequencing has helped identify the wide range of bacterial species, including dominant and rare taxa, involved in fermentations like idli and dosa. Although it fails to provide functional insights of the food microbiome, this technique has provided foundational taxonomic profiles that were previously inaccessible by culture-based methods; thus, enabling a more complete understanding of microbial community composition and its regional variability [5].Metagenomics has expanded this understanding by characterizing entire microbial consortia, including bacteria, fungi, and unculturable microbes. It has uncovered functional genes responsible for fermentation pathways, nutritional enhancement, and probiotic traits, thus linking microbial presence with potential health benefits and fermentation efficacy [6].Low resolution DNA fingerprinting methods like DGGE (Denaturing Gradient Gel Electrophoresis) and TGGE (Temperature Gradient Gel Electrophoresis) have allowed researchers to assess microbial succession and diversity changes during fermentation processes. These methods have helped revealing how microbial communities evolve over time and how different environmental or processing factors impact fermentation quality and safety [7].Quantitative PCR (qPCR) enables precise measurement of key microbial groups and functional genes, permitting real-time monitoring of fermentation stages and microbial kinetics. This has improved control over fermentation consistency and product safety while enhancing understanding of important microbial growth trajectories [8,9].Next-generation sequencing (NGS) offers strain-level resolution and deep sequencing depth that reveal intra-species diversity and genetic variations influencing product characteristics and health effects. This level of detail supports tailoring fermentation protocols for desired sensory or nutritional outcomes, as seen in detailed studies of idli batter microbiota [10].Metatranscriptomics and metaproteomics have uncovered which microbial genes and proteins that are actively expressed during fermentation, offering functional insights into metabolic pathways, biosynthesis of flavour compounds, and bioactive substances. This dynamic analysis deepens understanding of microbial roles beyond mere presence and help provide an unbiased biochemical profiling of the microbial flora associated with the food [11].Fluorescence in situ hybridization (FISH) combined with multi-omics approaches provides spatial localization of microbes within the food matrix and integrates genomic, transcriptomic, proteomic, and metabolomic data to elucidate microbial ecosystem structure and function. This holistic view enables comprehensive insight into microbial interactions essential to traditional Indian fermented food complexity [12].These molecular and multi-omics technologies ranging from 16S rRNA sequencing and DGGE/TGGE for taxonomic profiling and succession tracking, to qPCR for targeted quantification, NGS and metagenomics for strain-level and functional gene insights, metatranscriptomics/metaproteomics for active pathway elucidation, and FISH/multi-omics for spatial organization, have collectively revolutionized the understanding of Indian fermented foods like idli and dosa. Collectively, these molecular tools have revealed the vast microbial biodiversity, metabolic potential, and health-related bioactive compounds (such as bioactive peptides) inherent in Indian fermented foods. Previously opaque “black box” processes are now characterized as dynamic microbial ecosystems with conserved consortia of lactic acid bacteria and yeasts driving acidification, leavening, flavor, nutrition, and safety, while revealing regional variability and key interactions. They have enabled precise monitoring and optimization of fermentation processes while linking traditional knowledge with modern science. These insights support innovation in food safety, nutritional enhancement, personalized nutrition, and functional food product development, ensuring that Indian traditional fermentation practices can be scientifically validated, preserved, and technologically advanced to meet modern demands [13]. 4. Classification of Indian Fermented Foods and Microbial HabitatsIndia’s fermentation practices reflect ecological diversity, crop availability, and cultural plurality. Techniques such as spontaneous souring, backslopping, wrapped ripening, and amylolytic starter inoculation transformed milk, cereals, legumes, vegetables, fish, and flowers into functional foods embedded in daily diets, seasonal cycles, and rituals. Indian fermented foods are categorized based on substrate types, with distinct microbial profiles and functionalities associated with each category, as summarized in Table 1.This categorization highlights the diversity of substrates and microbial communities shaping the properties of Indian fermented foods, deeply rooted in regional and ethnic traditions. 5. Microbial Constituents: Impact of Climate, Topography, Agriculture, and Substrate ChoicesIndia’s fermented foods evolved through long co-evolution between cultural practice and microbial ecology across diverse substrates, such as dairy, cereals and millets, legumes, vegetables, bamboo shoots, fish, and plant saps and heterogeneous processing environments influenced by climate and product culture [15,16,17] (Figure 2). Core microbial groups include LAB; yeasts including Saccharomyces and non-Saccharomyces species; and molds such as Aspergillus and Rhizopus. Community structure is shaped by substrate chemistry, temperature, salt and moisture, materials of the containers/equipment, and artisanal practices like backslopping and use of indigenous starters [18,19]. These microbial consortia drive specific functional outputs like rapid acidification for safety, proteolysis and amylolysis for texture and digestibility, production of organic acids and exopolysaccharides for glycemic modulation and mouthfeel, and synthesis of vitamins and bioactive peptides that underpin probiotic and immunomodulatory effects.Northern India (Indo-Gangetic Plain and Himalayan Foothills)The agroecological landscape of Northern India, encompassing the Indo-Gangetic plain and Himalayan foothills, is defined by fertile alluvial soils, abundant freshwater availability, hot summers, and cool winters that support mixed rainfed and irrigated agriculture alongside a strong bovine dairy economy. This ecological richness has fostered diverse fermentation traditions, especially those based on dairy, cereals, legumes, and vegetables. Common fermented products include dahi, lassi, and mattha from milk; bhatura and papad from wheat and legumes; and kanji and brined pickles derived from vegetables such as black carrots. The microbial ecology of these foods is predominantly lactic acid bacteria (LAB) driven, featuring lactobacilli, Lactococcus, and Leuconostoc species that contribute to acidification, texture, and microbial safety. Fermentations are typically spontaneous or maintained through backslopping [17,19]. Brined vegetables, on the other hand, favour salt- and acid-tolerant LAB and osmophilic yeasts, with spice-derived phytochemicals influencing microbial succession and flavour development [20,21]. The prominence of these substrates in the region stems from extensive cattle and buffalo husbandry, favourable winter temperatures for lactic fermentations, and readily available wheat and legumes that facilitated the evolution of dough- and papad-based ferments [15,16].Western India (Semi-Arid Plateaus and Konkan Coast)Western India exhibits high ecological contrasts between its semi-arid interiors, spanning Rajasthan and Gujarat, and the humid Konkan coast extending through Maharashtra and Goa. The interior regions are characterized by millet and pulse agriculture, while the coastal areas are dominated by rice, coconut, and fisheries. The interplay between these ecologies has shaped a vibrant fermentation repertoire. Staple products include dhokla, khaman, handvo, and thepla, derived from cereal/pulse batters; shrikhand and basundi from dairy; and chaas, a lightly fermented buttermilk beverage. Coastal zones additionally produce diverse brined and sun-fermented pickles influenced by high humidity and salinity. Microbially, rice–pulse batters nurture LAB and yeast consortia whose amylolytic and proteolytic activities create the desired leavening and sourness [17,18]. Coastal fermentations, in contrast, favour halotolerant LAB and yeasts, with exposure to the sun accelerating acidogenesis and enhancing food safety [16,21]. Millet and pulse resilience under drought conditions and coastal access to salt and marine resources partially indicate the region’s reliance on fermented batters, brined vegetables, and oil-preserved [16].Eastern India (Humid Deltas and Floodplains)Eastern India’s humid, riverine environments, including the deltas of Bengal, the floodplains of Assam, and the coastal plains of Odisha, are characterized by high rainfall, fertile soils, and bamboo abundance. These features underpin a fermentation landscape centered on rice, dairy, and plant-based substrates. Iconic examples include pakhala, panta, and poita bhaat (soaked or fermented rice), mishti doi and chhena-based sweets, fermented bamboo shoots, and traditional rice beers such as handia and haria. Rice-based ferments harbour LAB and saccharolytic yeasts that produce mildly acidic and lightly alcoholic matrices, improving digestibility and shelf life [15,16]. Bamboo shoot fermentations, meanwhile, are LAB-dominant and influenced by endogenous plant enzymes, which shape the umami and aroma profile; microbial diversity varies with the use of local leaf wraps and vessel ecology [22]. The abundance of paddy, high humidity, and cultural practices of reusing cooked rice favoured the rise in rice fermentations, while bamboo-rich landscapes and foraging traditions sustained bamboo-based ferments [16,22].Southern India (Humid Tropics and Western Ghats)Southern India’s humid tropical climate, influenced by the Western Ghats and monsoon rainfall, supports rice, millet, and pulse cultivation alongside extensive coconut and spice belts. These ecological conditions have produced one of India’s most iconic fermentation traditions: the cereal–pulse batter used in idli, dosa, uttapam, appam, and vada. Complementary dairy ferments such as curd rice and moru (spiced buttermilk), and beverages like toddy from coconut or palm sap, further enrich the regional diversity. The microbial ecology of batters features stable LAB, yeast consortia that acidify and leaven the mixture, while exopolysaccharide production enhances texture; fermentation kinetics are strongly temperature-dependent [17,18]. Toddy fermentations rely on sugar-fermenting yeasts cohabiting with LAB, progressing rapidly under warm, humid conditions [16,23]. The prevalence of these substrates is linked to the dominance of rice–pulse agriculture, vegetarian dietary traditions, and the natural availability of coconut and palm resources, which together fostered both food and beverage fermentations [15,24].Northeastern India (Hilly, High-Rainfall, Biodiverse)The Northeastern region, encompassing states like Assam, Nagaland, and Manipur, is distinguished by steep terrain, heavy rainfall, and extraordinary biodiversity. Shifting cultivation systems, bamboo forests, and abundant fish resources have shaped a unique fermentation ecology. Major substrates include soybean (as in kinema, axone, hawaijar), leafy vegetables (such as gundruk, sinki, khalpi), and fish and meat products (ngari, tungtap). Rice-based fermented beverages like apong, zutho, and chhang, often initiated with household starters (marcha, hamei, ranu), are central to community life. The microbial ecology of these systems reveals proteolytic LAB and Bacillus species dominating soy and fish ferments, while vegetable ferments remain LAB-driven. Mixed LAB, yeast populations in rice starters perform saccharification and alcohol production [13,16,22]. Forest abundance, bamboo and soy availability, and dispersed household fermentation practices supported the emergence of robust microbial terroirs and resilient starter cultures across this region [16,22].Central India (Tribal Forest Belts and Plateaus)Central India’s forested plateaus and tribal regions are characterized by small-scale millet and rice farming, non-timber forest products, and periodic water scarcity. Fermentation here is deeply tied to community traditions and ritual beverages. Key examples include handia, a fermented rice beer, and floral liquors derived from mahua (Madhuca longifolia). The microbial ecology of these beverages features amylolytic molds and yeasts that initiate saccharification, accompanied by LAB that stabilize the ferment [16,25]. Floral substrates contribute unique yeast and LAB profiles, creating regionally distinct flavours. These practices thrived due to the reliance on forest resources, the social role of fermented beverages, and the adaptability of household starter cultures to intermittent agricultural cycles [16].Himalayan and Hilly States (Alpine and Mid-Hill Ecologies)In the Himalayan and mid-hill regions, encompassing parts of Uttarakhand, Himachal Pradesh, and Sikkim, cold winters and cool summers define an agroecology dominated by terraced cultivation of barley, buckwheat, and millets, alongside yak and cow husbandry. Fermentation here serves a vital role in food preservation and energy enhancement. Characteristic products include selroti, a sweet fermented rice bread; chhang and ara, barley-based beverages; chhurpi, a hard cheese from yak or cow milk; and gundruk, fermented leafy greens. The low ambient temperatures select for psychrotrophic LAB and yeasts, slowing fermentation and permitting extended ripening, especially in dairy products [19,26]. Leafy green fermentations proceed through salt-assisted lactic acid fermentation under anaerobic conditions. The regional emphasis on fermentation arises from the need for preservation in cold climates, the demand for energy-dense foods at high altitudes, and dependence on livestock in environments with limited crop diversity [15,16]. 6. Indian Fermented Foods: Influence on Glycemic Content and Probiotic PotentialsMicroorganisms in Indian foods contribute to health through probiotic traits, vitamin synthesis, and fermentation quality. Weissella and lactobacilli produce bioactive compounds with immunomodulatory and anti-inflammatory effects, and help degrade antinutritional factors, improving bioavailability [4,27,28,29,30]. These microbes can transiently colonize the gut, modulating microbiota composition and host immunity [31]. Table 2 summarizes the health benefits associated with some major fermented food category in India.Fermentation significantly modifies the carbohydrate profile of Indian foods, leading to a reduction in their glycemic index (GI) (Table 3). LAB and yeasts metabolize starches and sugars into organic acids such as lactic, acetic, and propionic acids, which slow gastric emptying, inhibit α-amylase activity, and consequently reduce postprandial glucose levels [32].Microbial fermentation promotes the formation of resistant starch, lowers the proportion of digestible carbohydrates, and enhances dietary fiber content [33]. Fermented staples such as idli, dosa, and dhokla show 20–30% lower GI compared to unfermented counterparts [34,35]. Traditional cereal-based products like ambali (fermented millet), pakhala, and pazhankanji (fermented rice) also demonstrate reduced glycemic load due to the presence of organic acids and LAB-mediated starch modification [36] (Table 3).In addition, fermentation improves protein digestibility and increases bioactive peptide and soluble fiber content, contributing to delayed glucose absorption [37]. Regular intake of fermented foods supports gut microbial diversity, particularly lactobacilli and Bifidobacterium spp., enhancing short-chain fatty acid production and improving insulin sensitivity [38]. Overall, microbial fermentation transforms staple Indian foods into functional dietary components with measurable benefits for glycemic regulation and metabolic health. 7. Interlinking Microbial Diversity with Gut MicrobiotaConsumption of fermented foods introduces live microbes and metabolites that modulate gut microbiota composition and function. Studies show that Indian diets rich in fermented foods support beneficial bacteria like lactobacilli, Bifidobacterium, and Faecalibacterium, which underpin metabolic and immune health [39]. Indian fermented foods exert a significant influence on gut microbiota composition and function, providing benefits through multiple mechanisms. These foods introduce live beneficial microbes like lactobacilli, Bifidobacterium, and Weissella species, which can transiently colonize the gut and interact with resident microbes. Their metabolites, especially short-chain fatty acids (SCFAs) such as butyrate and propionate, promote gut epithelial health, modulate inflammatory responses, and support immune homeostasis. Additionally, many LAB produce antimicrobial substances—bacteriocins, hydrogen peroxide, and reuterin—that protect against pathogens and enhance microbial ecosystem stability in the gut [5,31,40].Empirical studies in Indian populations demonstrate that regular consumption of fermented foods (dahi, idli, kanji, fermented legumes) correlates with increased abundance of SCFA-producing bacteria such as Faecalibacterium, lactobacilli, and Bifidobacterium, which are hallmarks of a healthy and diverse gut microbiome. Certain fermented foods have also been linked to reduced incidence of metabolic and inflammatory conditions through modulation of gut microbiota composition [4,38,39,40,41,42].Longitudinal observations indicate seasonal and regional shifts in gut taxa mediated by diet and fermented food intake, with taxa like Prevotella enriched in traditional diets rich in fibrous fermented foods. Examples include widely consumed Indian fermented foods like dahi, which is more commonly consumed in summer due to its cooling properties, and hawaijar, a fermented soybean product produced through alkaline fermentation by Bacillus, which is more frequently consumed in winter with the traditional belief that it promotes winter wellness. These dynamic interactions underscore the potential for fermented foods to contribute to microbial resilience and functional plasticity in diverse Indian communities [13,43,44].Randomized controlled trials (RCTs) on fermented milk products containing lactobacillli (e.g., L. acidophilus La-5, L. paracasei F19) and Bifidobacterium (e.g., B. lactis BB-12) show symptom relief in irritable bowel syndrome (IBS) patients. The consumption improved the quality of life, reduced bloating, and better gut motility over 8 weeks compared to controls, although some trials report appears to be trends rather than statistical significance [42]. A symbiotic fermented milk trial (NCT02391220) assessed IBS symptoms and quality of life, finding potential benefits from multi-strain probiotics in enhancing gut barrier function and lowering inflammation. In Indian children, dahi supplementation increased anti-inflammatory IL-10 cytokines and lymphocyte counts more than plain milk, supporting immune modulation.Recent literature highlights long-term (>10 years) consumption of Indian fermented foods like dahi and hawaijar stabilizing Bacteroidota fluctuations seasonally, boosting SCFA levels (acetate, propionate, butyrate) but sometimes reducing overall microbiota diversity and load [43]. Studies on northeast Indian products (e.g., hamei, marcha) confirm LAB probiotics inhibit pathogens like Listeria, potentially lowering abortion rates via immunity enhancement, while rice-based ferments show probiotic potential for gut balance. Gaps persist in large-scale Indian RCTs for metabolic diseases, but evidence supports microbiota-targeted benefits for inflammation and IBS [26]. 8. Global Market Position and Consumer Trends of Indian Fermented FoodsIndian fermented foods have transitioned from household traditions to a fast-growing segment within the global functional food economy, reflecting both cultural export and health-oriented consumer dynamics. The global fermented foods market is projected to expand from USD 259.3 billion in 2025 to USD 398.8 billion by 2034, driven by probiotic awareness, post-COVID wellness trends, and demand for plant-based fermentation products. Asia-Pacific leads this expansion, accounting for the largest market share due to cultural familiarity and retail availability of traditional ferments. In India, the fermented food and beverage sector was valued at USD 22.8 billion in 2024 and is forecasted to reach USD 41.9 billion by 2033, registering roughly 7 percent annual growth. The Indian market now merges tradition with innovation, ready-to-cook idli dosa batters, probiotic curds, and kombucha exemplify how heritage products are being reformulated for urban consumers. Brands like Tata Consumer Products and iD Fresh Foods have extended traditional fermented products into premium and functional beverage categories. The Food Safety and Standards Authority of India (FSSAI) supports this growth through fortification initiatives and quality standardization frameworks.Indian fermented food exports currently represent 2 percent of global processed food exports, yet are rapidly increasing as products like pickles, kanji, idli batters, and yogurt derivatives gain traction across diaspora and health driven Western markets. Indian pickles and fermented condiments are being rebranded as artisanal superfoods in Europe and North America, while fermented rice and millet products are drawing interest for their low gluten and probiotic profiles.Consumer trends and market drivers for Indian fermented foods reflect a dynamic convergence of health awareness, technology, and lifestyle shifts. Growing probiotic and gut health awareness serves as the primary catalyst, positioning Indian fermented foods within the global “microbiome nutrition” narrative. Technological modernization, particularly through AI-powered fermentation monitoring and sustainable upcycling, has enhanced scalability, ensured quality consistency, and enabled innovation in product development. Simultaneously, demand peaks are evident in urban retail and e-commerce channels, where functional fermented snacks and beverages resonate with global “clean label” and craft food trends, reflecting consumers’ increasing preference for natural, traceable, and health-oriented products.Overall, Indian fermented foods have progressed from household staples to globally traded wellness commodities. While India remains a regional leader in innovation and tradition convergence, its influence on the global fermented food market is poised to expand sharply through cultural branding, probiotic research integration, and sustainable food manufacturing initiatives. Commercializing Indian fermented foods requires a combination of quality assurance, innovative packaging, and effective marketing. Producers should focus on modern fermentation techniques, hygienic manufacturing, and leveraging India’s rich culinary heritage to build consumer trust. Product differentiation through highlighting health benefits, labelling, and extending shelf life with advanced packaging helps appeal to health-conscious markets. Multi-channel distribution, consumer education, and collaboration with research and industry can further expand reach and credibility. With growing demand for probiotic and functional foods, these integrated strategies collectively could enable traditional Indian ferments to enter broader domestic and international markets successfully. 9. Limitations and Knowledge GapsDespite the rapidly expanding body of work on Indian fermented foods, most available studies remain predominantly observational, cross-sectional, or descriptive. They often focusing on cataloguing microbial taxa, documenting traditional practices, or reporting in vitro functionalities rather than establishing causality between specific microbes, metabolites, and clinically relevant outcomes in human populations. This bias limits the strength of inferences that can be drawn about long-term health benefits, disease risk modification, or dose–response relationships for regular consumers of these foods.At the microbial resolution level, only a fraction of the documented diversity has been characterized at the strain level. Even fewer strains have undergone rigorous functional validation for probiotic traits, safety, and techno-functional performance in relevant food matrices. Many sequencing-based reports provide genus- or species-level profiles without subsequent isolation, genome-scale characterization, or in vivo confirmation of health effects; thus, creating a disconnect between omics-derived signatures and strain-based mechanisms suitable for use as defined starter cultures or next-generation probiotics.There is also a scarcity of large-scale, well-controlled randomized controlled trials in Indian populations. Existing studies rarely test specific fermented foods or standardized indigenous starters against appropriate control products. Consequently, evidence for outcomes such as glycemic control, metabolic syndrome, immune modulation, and microbiome restoration remains limited. Existing intervention studies often involve small sample sizes, short durations, heterogeneous products, and composite endpoints, which constrain meta-analysis and hinder the development of evidence-based dietary recommendations or regulatory health claims for Indian ferments.Another major gap lies in translating multi-omics data into validated, regulatorily acceptable health claims and product specifications. Although multi-omics approaches have revealed candidate pathways and bioactive molecules, their translational application remains limited. Few studies have systematically progressed these insights through pilot-scale fermentation, in vitro digestion, and mechanistic host models. As a result, reproducible benefits supported by human trials and associated with well-defined microbial consortia or biomarkers are still scarce.Finally, substantial variability and safety concerns remain around the widespread use of undefined household starter cultures and spontaneous backslopping in non-industrial settings. This is especially relevant for rice beers, soybean products, fermented fish, and spice-rich condiments. Batch-to-batch fluctuations in microbial composition can affect organoleptic quality and functional potency. They can also increase risks such as biogenic amine accumulation, mycotoxin contamination, and the carriage of transmissible antimicrobial resistance determinants [44]. Altogether, these concerns underscore the need for regionally grounded yet standardized indigenous starter systems, minimal process control metrics, and risk-based surveillance frameworks as these products transition to commercial scales. 10. ConclusionsThe global future of Indian fermented foods appears highly promising, driven by rising consumer interest in gut health, plant-based nutrition, and functional foods. India’s extraordinary microbial and cultural diversity has given rise to a wide spectrum of fermented products, from cereal legume batters and pickled vegetables to dairy, fish, and bamboo shoot ferments; each harbouring region-specific beneficial microbiota. With the global fermented food market projected to expand steadily in the coming decade, Indian ferments hold significant potential for international recognition as sustainable, microbiome friendly, and culturally distinctive foods. Compared to other Asian fermented foods (for example, Japanese miso/natto or Korean kimchi), Indian traditional fermented cuisines are distinguished by their breadth of substrates (cereal and pulse batters, dairy, meat/fish, bamboo shoots, rice beers, floral liquors) and strong regional partitioning of microbial guilds across agroecological zones. While East Asian ferments often rely on relatively well-standardized koji or kimchi starter consortia, many Indian products still depend on semi-structured indigenous starters (marcha, hamei, ranu, herbal/leaf wraps), yielding higher microdiversity but greater batch-to-batch variability and less codified strain banks for industrial use. Technologically, Korea and Japan have already translated traditional microbiomes into defined commercial starter systems with robust quality assurance, whereas Indian ferments remain underexploited despite comparable or greater ecological richness and documented benefits for glycemic control and gut microbiota modulation.Advanced multi-omics approaches integrating genomics, transcriptomics, proteomics, and metabolomics now offer powerful tools to decode microbial strain level diversity and metabolic traits, paving the way for personalized nutrition aligned with individual genetics and dietary habits. Indigenous starter cultures derived from native microbes can enhance product safety, sensory attributes, and health benefits while preserving ethno-microbial heritage and enabling standardized, large-scale production [6,11]. While the modern technological advancements continue to abridge the commercialization of traditional Indian fermented foods, several gaps still limit translation of indigenous starters into modern production. First, strain-level repositories and IP frameworks for Indian starter microbes lag behind those for Japanese koji or commercial kimchi cultures, resulting in poor valorization of region-specific taxa and risks of biopiracy. Second, process control and online monitoring for small and medium enterprises are underdeveloped; high-throughput qPCR, targeted amplicon sequencing, and low-cost biosensors used in cheese and kimchi production could be adapted to track keystone taxa and functional genes during Indian batter, vegetable, and rice-beer fermentations. Third, there is a disconnect between omics insights and pilot-scale validation: few studies systematically test omics-derived consortia in controlled fermenters, measure techno-functional traits (acidification kinetics, rheology, flavor volatiles), and couple these with in vitro digestion or human microbiome readouts. Finally, regulatory and labelling frameworks for “indigenous starter–based functional foods” remain nascent, which slows the emergence of GI-style, terroir-labelled Indian ferments with clearly articulated microbial and health value propositions [42].Indian fermented foods position strongly in the health-conscious market as authentic, low-GI, microbiome-supporting staples with clinical evidence for glycemic control and metabolic health, outpacing many Western functional foods in cultural resonance and substrate diversity. Clinical data showing 20–30% GI reduction in idli/dosa/pakhala via organic acids and resistant starch, plus SCFA-mediated insulin sensitization, support explicit low-GI and blood sugar management claims. This appeals highly to prediabetic/T2DM consumers (global market > 500 M people) [43]. Trials with dahi and fermented cereals demonstrate HbA1c reductions (0.3–0.8%) and improved lipid profiles, rivaling pharmaceutical adjuncts but with superior safety and cultural familiarity. SCFAs from pazhankanji, ambali, and kinema boost butyrate-producing taxa (lactobacilli, Faecalibacterium), enhancing gut barrier and immunity—key differentiators vs. generic probiotics, with Indian diets linked to resilient microbiomes in cohort studies. “Probiotic heritage foods” branding leverages transient colonization and metabolite effects, targeting the $60 B global gut health market growing 8% annually. Thus, clinical studies involving diverse populations are imperative to establish mechanistic links between fermented food microbiota and host physiology, particularly in chronic disease prevention, immune modulation, and microbiome restoration. Cross-disciplinary collaborations among microbiologists, nutritionists, food technologists, and public health experts will be essential to translate these findings into functional foods, dietary guidelines, and therapeutic interventions tailored to India’s cultural and microbial diversity [40,44,45,46].Safety assessment of Indian fermented foods needs to balance the benefits of rich beneficial, indigenous microbiota with documented risks from biogenic amines (BA), mycotoxins, and antibiotic resistance genes, particularly in products relying on the undefined, household cultures. Biogenic amines (such as histamine, tyramine, putrescine, cadaverine) are of concern in high-protein Indian ferments such as fermented fish (e.g., ngari-type products), soybean foods (kinema, hawaijar), and some dairy, where decarboxylase-positive LAB or contaminant Enterobacteriaceae can accumulate BA under suboptimal salt, temperature, and hygiene conditions. This often mirror the global patterns seen in other traditional fish and meat products [44,47]. Current evidence emphasizes that BA levels can provoke adverse reactions even below classic “toxicity” thresholds in sensitive consumers, further underscoring the need to select BA-negative or BA-degrading LAB and to implement process standardization when upscaling indigenous Indian ferments. In addition, mycotoxin risk arises where molds and mold-prone substrates intersect. For example, in rice-based amylolytic starters (marcha, hamei, ranu), cereal–pulse batters, millets, and spice-rich condiments can all be affected if raw grains or spices carry toxigenic Aspergillus or Fusarium strains, with aflatoxins and other mycotoxins persisting through fermentation due to their heat stability. Consequently, modernization agendas for Indian fermented foods should include raw material screening, preferential use of non-toxigenic mold strains (or LAB–yeast–only consortia where culturally acceptable), and adoption of rapid mycotoxin testing aligned with FSSAI and export-market limits. In parallel, emerging data show that LAB and co-occurring bacteria from traditional Indian ferments can harbor transmissible antibiotic resistance genes (e.g., tetracycline or macrolide determinants). Surveys in tribal hill-region foods have detected resistant staphylococci and coliforms alongside probiotic candidates, linking hygiene lapses and uncharacterized microbiota to potential AMR dissemination through the food chain [45,46,47]. This emphasizes the importance and need to transition from spontaneous, undefined backslopped cultures to “defined indigenous consortia” for the commercialization of the Indian fermented foods [48,49]. In fact, high-throughput qPCR, metagenomics, and chemometric monitoring can be used to set safety specifications, like BA thresholds, absence of specific mycotoxin genes, and mobile antimicrobial resistance gene markers to ensure the safe and sustained growth of this industry.In conclusion, India’s diverse fermentation heritage with over 200 documented products, positions it as a leader in microbiome research, fostering international collaborations for functional foods and therapeutics. Indian fermented foods represent a scientifically rich and culturally grounded platform for gut microbiome modulation. As traditional knowledge converges with cutting edge microbial science, these foods have the potential to drive innovations in individualized nutrition, chronic disease prevention, and microbiome-based therapeutics, firmly positioning India’s fermentation heritage within the global health and food landscape. This integrates traditional wisdom with precision nutrition, addressing global challenges like antibiotic resistance through natural antimicrobials. 11. Future PerspectiveFuture perspectives for Indian fermented foods emphasize the development of defined indigenous starter cultures derived from region-specific sources. Multi-omics approaches can be used to build curated strain banks that are free of biogenic amines, mycotoxins, and antimicrobial resistance genes, enabling safe and standardized production.Pilot-scale validation of these omics-informed microbial consortia in controlled fermenters is essential. Such studies should integrate real-time process monitoring with in vitro digestion models to confirm techno-functional traits and health-related benefits, including low glycemic index effects and short-chain fatty acid production.Integrating fermentation science with personalized nutrition will require adaptive clinical trials. These trials should link specific microbial consortia to host genotypes, baseline mgicrobiomes, and metabolic phenotypes, particularly for targeted applications in prediabetes and type 2 diabetes mellitus.Finally, the establishment of FSSAI aligned regulatory frameworks for functional and probiotic claims is critical. Clear safety specifications and terroir-based designations will facilitate the responsible commercialization of these microbiome-friendly heritage foods. Author ContributionsP.S. and S.S. wrote the manuscript. All authors have read and agreed to the published version of the manuscript.FundingThis research was funded by SRM University AP, grant number SRMAP/URG/SEED/2023-24/049.Institutional Review Board StatementNot applicable.Informed Consent StatementNot applicable.Data Availability StatementNo new data were created or analyzed in this study.Conflicts of InterestThe authors declare no conflicts of interest.ReferencesMcHugh, J. The ancient Indian alcoholic drink called Surā: Vedic evidence. J. Am. Orient. Soc. 2022, 141, 49–72. [Google Scholar] [CrossRef]Roy, M. Fermentation technology. In History of Technology of India; Bag, A.K., Ed.; The Indian National Science Academy: New Delhi, India, 1997; pp. 437–447. [Google Scholar]Sharma, S.; Raj, S.P.S.K. Fermentation in ancient Ayurveda: Its present implications. J. Ayurveda Integr. Med. 2015, 6, 250–257. [Google Scholar]Sharma, R.; Kumar, P. Functional properties of lactic acid bacteria in Indian fermented foods. Food Sci. Adv. 2025, 12, 110–125. [Google Scholar]Patel, V.; Reddy, M. Metagenomics of Indian fermented foods and gut microbiome modulation. Indian J. Microb. Ecol. 2024, 19, 45–63. [Google Scholar]Ghatani, K.; Sha, S.P.; Thapa, S.; Sarkar, I.; Sen, G.; Sen, A. Investigating bacterial diversity involved in the production of vegetable-based ethnic fermented food of North Bengal and their metabolic pathways with reverse ecology approach. Front. Sustain. Food Syst. 2024, 8, 1322192. [Google Scholar] [CrossRef]Ercolini, D. PCR-DGGE fingerprinting: Novel strategies for detection of microbes in food. J. Microbiol. Methods 2004, 56, 297–314. [Google Scholar] [CrossRef]Dreier, M.; Meola, M.; Berthoud, H.; Shani, N.; Wechsler, D.; Junier, P. High-throughput qPCR and 16S rRNA gene amplicon sequencing as complementary methods for the investigation of the cheese microbiota. BMC Microbiol. 2022, 22, 48. [Google Scholar] [CrossRef]Hu, Y.Y.; Lo, I.H.; Hsiao, J.T.; Sheu, F. Real-time PCR-based quantitative microbiome profiling elucidates the microbial dynamic succession in backslopping fermentation of Taiwanese pickled cabbage. J. Sci. Food Agric. 2024, 104, 8604–8612. [Google Scholar] [CrossRef]Das, S.; Mukherjee, P.; Roy, S. Strain-level diversity in traditional Indian fermented foods: Insights from high-throughput sequencing. J. Microb. Biotechnol. 2024, 11, 341–355. [Google Scholar]López, M.; Lee, Y. Multi-omics approaches for functional characterization of fermented food microbiota. Microb. Biotechnol. Adv. 2023, 8, 12–29. [Google Scholar]Chatterjee, S.; Nair, N. Spatial localization and functional activities of microbial communities in Indian fermented foods. Front. Microbiol. 2023, 14, 1040567. [Google Scholar]Das, G.; Patra, J.K.; Singdevsachan, S.K.; Gouda, S.; Shin, H.S. Diversity of traditional and fermented foods of the Seven Sister states of India and their nutritional and nutraceutical potential: A review. Front. Life Sci. 2016, 9, 292–312. [Google Scholar] [CrossRef]Tamang, J.P. Ethnic Fermented Foods and Beverages of India: Science History and Culture; Springer Nature: Singapore, 2020. [Google Scholar]Steinkraus, K.H. Industrialization of Indigenous Fermented Foods, 2nd ed.; CRC Press: Boca Raton, FL, USA, 2004. [Google Scholar]Ray, R.C.; Montet, D. Microorganisms and Fermentation of Traditional Foods; CRC Press: Boca Raton, FL, USA, 2014. [Google Scholar]Hutkins, R.W. Microbiology and Technology of Fermented Foods, 2nd ed.; Wiley-Blackwell: Hoboken, NJ, USA, 2018. [Google Scholar]Blandino, A.; Al-Aseeri, M.E.; Pandiella, S.S.; Cantero, D.; Webb, C. Cereal-based fermented foods and beverages. Food Res. Int. 2003, 36, 527–543. [Google Scholar] [CrossRef]Nout, M.J.R.; Beuchat, L.R. Traditional fermentations in tropical countries: What is the future? Int. J. Food Microbiol. 2007, 113, 1–8. [Google Scholar]Di Cagno, R.; Filannino, P.; Gobbetti, M.; Cantatore, V. Lactic acid fermentation of vegetables and fruits: Advances in process and health benefits. Curr. Opin. Food Sci. 2013, 2, 1–8. [Google Scholar]Battcock, M.; Azam Ali, S. Fermented Fruits and Vegetables: A Global Perspective; FAO Agricultural Services Bulletin No. 134; Food and Agriculture Organization of the United Nations: Rome, Italy, 1998. [Google Scholar]Deka, S.C.; Sarkar, S. Studies on microbial profile of some traditional fermented foods and beverages of Assam. Indian J. Microbiol. 2004, 44, 325–332. [Google Scholar]Santiago Urbina, C.; Ruíz Terán, F. Traditional fermented beverages from Latin America and the Caribbean. In Microorganisms and Fermentation of Traditional Foods; Ray, R.C., Montet, D., Eds.; CRC Press: Boca Raton, FL, USA, 2014; pp. 91–116. [Google Scholar]Chavan, J.K.; Kadam, S.S. Nutritional improvement of cereals by fermentation. Crit. Rev. Food Sci. Nutr. 1989, 28, 349–400. [Google Scholar] [CrossRef]Adams, M.R.; Nout, M.J.R. Fermentation and Food Safety; Springer Science & Business Media: New York, NY, USA, 2001. [Google Scholar]Thapa, N.; Tamang, J.P. Product characterization of chhurpi, a traditional fermented milk product of the Himalayas. J. Sci. Ind. Res. 2004, 63, 187–193. [Google Scholar]Paul, A.K.; Lim, C.L.; Apu, M.A.I.; Dolma, K.G.; Gupta, M.; de Lourdes Pereira, M.; Wilairatana, P.; Rahmatullah, M.; Wiart, C.; Nissapatorn, V. Are Fermented Foods Effective against Inflammatory Diseases? Int. J. Environ. Res. Public. Health 2023, 20, 2481. [Google Scholar] [CrossRef]Kabui, K.K.; Rawson, A.; Athmaselvi, K.A. Selected fermented foods of Manipur, India: Traditional preparation methods, nutritional profile, and health benefits. Food Chem. Adv. 2025, 6, 100864. [Google Scholar] [CrossRef]Marco, M.L.; Sanders, M.E.; Gänzle, M.; Arrieta, M.C.; Cotter, P.D.; Vuyst, L.D.; Hill, C.; Holzapfel, W.; Lebeer, S.; Merenstein, D.; et al. The International Scientific Association for Probiotics and Prebiotics (ISAPP) consensus statement on fermented foods. Nat. Rev. Gastroenterol. Hepatol. 2021, 18, 196–208. [Google Scholar] [CrossRef] [PubMed]Tamang, J.P. (Ed.) Health Benefits of Fermented Foods and Beverages; CRC Press: Boca Raton, FL, USA, 2015. [Google Scholar] [CrossRef]Nout, M.J.R.; Sarkar, P.K. Fermented foods and beverages of the Indian subcontinent: An ethnobotanical and nutritional review. J. Ethn. Foods 2020, 7, 24. [Google Scholar]Shobana, S.; Sreerama, Y.N.; Malleshi, N.G. Composition and enzyme inhibitory properties of finger millet polyphenols. Eur. Food Res. Technol. 2012, 234, 63–70. [Google Scholar]Shobana, S.; Malleshi, N.G. Preparation and functional properties of decorticated finger millet (Eleusine coracana). Food Chem. 2007, 105, 862–870. [Google Scholar] [CrossRef]Nkhata, S.G.; Ayua, E.; Kamau, E.H.; Shingiro, J.B. Fermentation and germination improve nutritional value of cereals and legumes through activation of endogenous enzymes. Food Sci. Nutr. 2018, 6, 2446–2458. [Google Scholar] [CrossRef]Marco, M.L.; Heeney, D.; Binda, S.; Cifelli, C.J.; Cotter, P.D.; Foligné, B.; Gänzle, M.; Kort, R.; Pasin, G.; Pihlanto, A.; et al. Health benefits of fermented foods: Microbiota and beyond. Curr. Opin. Biotechnol. 2021, 70, 94–102. [Google Scholar] [CrossRef]Patel, R.; Reddy, P. Microbial succession in Indian fermented foods: A molecular perspective. Front. Microbiol. 2024, 15, 678913. [Google Scholar]Sharma, M.; Kumar, V. Probiotic potential of traditional Indian fermented foods: A bibliometric review. Food Nutr. J. 2025, 13, 45–59. [Google Scholar]Gupta, A.; Kaur, S. Indigenous fermentation: Microbial communities and functional traits. Int. J. Food Microbiol. 2025, 382, 109843. [Google Scholar]Webb, G.; Roy, D. Impact of fermented foods on the seasonal stability of the gut microbiota in Indian populations. Nat. Commun. 2025, 16, 1717. [Google Scholar]Sivamaruthi, B.S.; Kesika, P.; Prasanth, M.I.; Chaiyasut, C. A Mini Review on Antidiabetic Properties of Fermented Foods. Nutrients 2018, 10, 1973. [Google Scholar] [CrossRef]Nithya, A.; Misra, S.; Panigrahi, C.; Dalbhagat, C.G.; Mishra, H.M. Probiotic potential of fermented foods and their role in non-communicable diseases management: An understanding through recent clinical evidences. Food Chem. Adv. 2023, 3, 100381. [Google Scholar] [CrossRef]Smid, A.; Strniša, L.; Bajc, K.; Vujić-Podlipec, D.; Matijašić, B.B.; Rogelj, I. Randomized clinical trial: The effect of fermented milk with the probiotic cultures Lactobacillus acidophilus La-5® and Bifidobacterium BB-12® and Beneo dietary fibres on health-related quality of life and the symptoms of irritable bowel syndrome in adults. J. Funct. Foods 2016, 24, 549–557. [Google Scholar] [CrossRef]Jeyaram, K.S.; Lahti, L.; Tims, S.; Heilig, H.G.H.J.; van Gelder, A.H.; de Vos, W.M.; Smidt, H.; Zoetendal, E.G. Fermented foods affect the seasonal stability of gut bacteria in an Indian rural population. Nat. Commun. 2025, 16, 771. [Google Scholar] [CrossRef] [PubMed]Turna, N.S.; Chung, R.; McIntyre, L. A review of biogenic amines in fermented foods: Occurrence and health effects. Heliyon 2024, 10, e24501. [Google Scholar] [CrossRef]Ojha, A.K.; Shah, N.P.; Mishra, V.; Emanuel, N.; Taneja, N.K. Prevalence of antibiotic resistance in lactic acid bacteria isolated from traditional fermented Indian food products. Food Sci. Biotechnol. 2023, 32, 2131–2143. [Google Scholar] [CrossRef]Duche, R.T.; Singh, A.; Wandhare, A.G.; Sangwan, V.; Sihag, M.K.; Nwagu, T.N.T.; Panwar, H.; Ezeogu, L.I. Antibiotic resistance in potential probiotic lactic acid bacteria of fermented foods and human origin from Nigeria. BMC Microbiol. 2023, 23, 142. [Google Scholar] [CrossRef]Mandhania, M.H.; Paul, D.; Suryavanshi, M.V.; Sharma, L.; Chowdhury, S.; Diwanay, S.S.; Diwanay, S.S.; Shouche, Y.S.; Patole, M.S. Diversity and succession of microbiota during fermentation of the batter of idli. Appl. Environ. Microbiol. 2019, 85, e00368-19. [Google Scholar] [CrossRef]Swain, M.R.; Anandharaj, M.; Ray, R.C.; Rani, R.P. Fermented fruits and vegetables of Asia: A potential source of probiotics. Biotechnol. Res. Int. 2014, 2014, 250424. [Google Scholar] [CrossRef]Das, O.; Kumar, S.H.; Nayak, B. Relative abundance of halophilic archaea and bacteria in diverse salt-fermented foods. LWT-Food Sci. Technol. 2020, 131, 109774. [Google Scholar] Figure 1. Schematic showing the integration of various omics techniques which is used to determine the functional and probiotic assessment of fermented foods. Each of the technique rely on the extraction of specific biomolecule from the microbial enrichments of the food and can be analyzed to identify characteristic functional properties associated with the food microbiome. Figure 1. Schematic showing the integration of various omics techniques which is used to determine the functional and probiotic assessment of fermented foods. Each of the technique rely on the extraction of specific biomolecule from the microbial enrichments of the food and can be analyzed to identify characteristic functional properties associated with the food microbiome. Figure 2. Geographical distribution and microbial diversity of Indian fermented foods. The microbial diversity of the fermented food is modulated by multiple factors. Environmental factors such as temperature, humidity, climate, altitude, and seasonal shifts select for resilient microbial strains adapted to local niches, while substrate chemistry (e.g., carbohydrate profiles, pH) and processing parameters like fermentation duration, salt/moisture levels, container materials, backslopping, and indigenous starters drive microbial succession and consortium stability. The primary regional distributions are indicated by distinct colors in the country map. The colored inset boxes represent the key fermented foods of the region and their microorganisms. Figure 2. Geographical distribution and microbial diversity of Indian fermented foods. The microbial diversity of the fermented food is modulated by multiple factors. Environmental factors such as temperature, humidity, climate, altitude, and seasonal shifts select for resilient microbial strains adapted to local niches, while substrate chemistry (e.g., carbohydrate profiles, pH) and processing parameters like fermentation duration, salt/moisture levels, container materials, backslopping, and indigenous starters drive microbial succession and consortium stability. The primary regional distributions are indicated by distinct colors in the country map. The colored inset boxes represent the key fermented foods of the region and their microorganisms. Table 1. Overview of Indian fermented foods. Based primarily on ref [13,14]. Table 1. Overview of Indian fermented foods. Based primarily on ref [13,14]. Types of Fermented FoodPrimary SubstrateDominant Microbial GroupsFunctional PropertiesGeographical/Ethnic AssociationFermented CerealsRice, LentilsLactobacilli, Weissella, LeuconostocLactic acid production, texture leavening, vitamin synthesisSouth India (Idli, Dosa)Legume/Pulse FermentationsSoybean, Black gramBacillus subtilis, Bacillus spp.Alkaline fermentation, protein hydrolysis, flavour developmentNortheast/Eastern India (Kinema, Basi)Fermented DairyMilkLactobacilli, Streptococcus thermophilus, EnterococcusProbiotic traits, bioactive peptides, immune modulationAll India (Dahi, Lassi)Fermented VegetablesLeafy vegetables, bamboo shootsLactic acid bacteria, Yeasts, FungiAntioxidant retention, acidification, flavour enhancementNortheast, HimalayasFermented Meat and FishFish, MeatHalophilic bacteria, Lactic acid bacteriaProtein degradation, flavour developmentCoastal and Tribal Regions Table 2. Suggested Health Benefits Associated with Selected Indian Fermented Foods [28,29]. Table 2. Suggested Health Benefits Associated with Selected Indian Fermented Foods [28,29]. Fermented FoodOriginated fromSuggested Health BenefitsCurd (Dahi)Pan IndiaEnhances digestion, improves immunity, provides probiotic supportIdli & DosaTamil NaduFacilitates nutrient absorption, eases digestionKanjiPunjabActs as gut cleanser, antioxidant, supports digestive balanceShrikhandMaharashtraProvides beneficial probiotics, supports digestive and metabolic healthChaas (Buttermilk)North IndiaCooling, aids in digestion, improves metabolismPakhalaOdishaLight and hydrating, promotes gut motility, reduces bloatingAppamKeralaEasily digestible, provides energy and probiotic benefitsKinemaSikkimHigh in protein, enhances digestibility, supports gut healthGundrukSikkimRich in natural probiotics, supports robust gut microbiotaApongAssam/NagalandStimulates energy levels, probiotic-rich, part of traditional dietsAxone (Akhuni)AssamHigh in protein, anti-inflammatory, offers distinct flavour profilesNgariManipurRich in proteins and omega-3 fatty acids, supports overall nutritionMahuaMadhya PradeshTraditional alcoholic beverage with energy-boosting and cultural benefitsSelroti SikkimNutritious, easily digestible, supports balanced energy levelsChhurpiSikkim/HimalayanHigh in protein, beneficial for bone and dental health, probiotic sourceChhangEastern HimalayasProvides energy and sustenance, supports a healthy gut microbiomeDhoklaGujaratHigh in Plant-based proteinHawaijarManipurAnti-inflammatory propertiesKhorisaAssamPacked with fiber and vitaminHandiaJharkhandVitamin B-complex, essential for metabolismChak Hao KheerManipur Support healthSol KadhiGoaHelps in blood purifierJolada AmbliKarnatakaLow-calorific Table 3. Glycemic effects of some Indian fermented foods. Table 3. Glycemic effects of some Indian fermented foods. FoodPrimary SubstrateGlycemic EffectIdli/DosaRice + urad dalReduced GI (20–30%), Increased resistant starchDhoklaBengal gram + riceReduced GI, Increased soluble fiberAmbaliFinger milletLow GI, probiotic effectPazhankanji/PakhalaRiceReduced available carbohydrateKambu koozhPearl milletLow GI, Increased SCFA production Disclaimer/Publisher’s Note: The statements, opinions and data contained in all publications are solely those of the individual author(s) and contributor(s) and not of MDPI and/or the editor(s). MDPI and/or the editor(s) disclaim responsibility for any injury to people or property resulting from any ideas, methods, instructions or products referred to in the content. © 2026 by the authors. Licensee MDPI, Basel, Switzerland. This article is an open access article distributed under the terms and conditions of the Creative Commons Attribution (CC BY) license. Share and Cite MDPI and ACS Style Samantaray, P.; Saha, S. Decoding the Microbial Diversity of Indian Fermented Foods: Integrating Ethnobiology, Multi-Omics and Functional Insights. Foods 2026, 15, 687. https://doi.org/10.3390/foods15040687 AMA Style Samantaray P, Saha S. Decoding the Microbial Diversity of Indian Fermented Foods: Integrating Ethnobiology, Multi-Omics and Functional Insights. Foods. 2026; 15(4):687. https://doi.org/10.3390/foods15040687 Chicago/Turabian Style Samantaray, Priyanka, and Sudeshna Saha. 2026. ""Decoding the Microbial Diversity of Indian Fermented Foods: Integrating Ethnobiology, Multi-Omics and Functional Insights"" Foods 15, no. 4: 687. https://doi.org/10.3390/foods15040687 APA Style Samantaray, P., & Saha, S. (2026). Decoding the Microbial Diversity of Indian Fermented Foods: Integrating Ethnobiology, Multi-Omics and Functional Insights. Foods, 15(4), 687. https://doi.org/10.3390/foods15040687 Note that from the first issue of 2016, this journal uses article numbers instead of page numbers. See further details here. Article Metrics No No Article Access Statistics For more information on the journal statistics, click here. Multiple requests from the same IP address are counted as one view.",NA,"https://doi.org/10.3390/foods15040687",NA,"openalex",FALSE,FALSE,NA,NA,NA
"W7128768812","Millet Starch","Chuanjie Chen; Fan Zhu","2026-02-13",3,"",NA,NA,NA,"openalex",FALSE,FALSE,NA,NA,NA
"W7128798917","Purification of aqueous fluids from basic fuchsine employing a new polymer of CMC-CMS hydrogel mixture: sustainability perspective","Hamad M. Adress Hasan; Mohamed A. M. Ali; Hamdi Bendif; Mohammed A. Mohammed; Fateh Al Taboni; Ibrahim A. Naguib; M. Bayoumy Elsayed; Mohammed Gamal","2026-02-13",3,"Purification of aqueous fluids from basic fuchsine employing a new polymer of CMC-CMS hydrogel mixture: sustainability perspective Research Open access Published: 13 February 2026 article number , (2026) Cite this article You have full access to this open access article Download PDF Save article View saved research BMC Chemistry Aims and scope Submit manuscript Purification of aqueous fluids from basic fuchsine employing a new polymer of CMC-CMS hydrogel mixture: sustainability perspective Download PDF AbstractMedical laboratory waste, generated during diagnostic and research activities, contains pathogenic microbes and carcinogenic chemicals that pose significant risks to environmental and human health. To address this issue, physicochemical treatment methods such as hydrogel-based adsorption have been explored. This study investigates the water layer adsorptive extraction of basic fuchsine and malachite green dyes from aqueous solutions using hydrogels prepared from carboxymethyl cellulose (CMC) and carboxymethyl starch (CMS) via a freeze-thawing physical cross-linking method. The hydrogels were characterized by mechanical properties including gel fraction, swelling ratio, and water content at varied CMC-CMS ratios. Adsorption experiments were conducted at an ambient temperature of 23 ± 2 °C, initial dye concentration of 1% (0.02 M), and controlled solution pH, with contact times ranging from 24 to 144 h. The effect of ionic strength was also assessed through variation in the polymer ratio and salt conditions, influencing adsorption efficiency, while the process was analyzed using Langmuir, Elovich, and Flory-Huggins isotherm models, with the best fit determined by linear regression coefficient (R²). Kinetic studies revealed that the adsorption followed a pseudo-second order. Optimization studies identified an ideal hydrogel formulation, with varying ratios influencing adsorption performance. The CMC-CMS hydrogel demonstrated high removal efficiency (> 90%) for both dyes, while the 100% CMC hydrogel exhibited the highest malachite green adsorption, with removal increasing linearly. These findings confirm the efficient application of CMC and CMS hydrogels for dye adsorption, offering a promising approach for treating hazardous laboratory waste.Graphical abstract Similar content being viewed by others Waste to high-value products: The performance and potential of carboxymethylcellulose hydrogels via the circular economy Article 03 February 2023 Green and sustainable carboxymethyl cellulose-chitosan composite hydrogels: Effect of crosslinker on microstructure Article 06 May 2021 Click chemistry-induced selective adsorption of cationic and anionic dyes using functionalized cellulose methacrylate hydrogels Article 05 September 2022 Data availability The datasets used and/or analysed during the current study are available from the corresponding author on reasonable request. ReferencesWeisz A, Milstein SR, Scher AL. Colouring agents in cosmetic products (excluding hair dyes). Analysis of cosmetic products. Amsterdam: Elsevier; 2007. pp. 153–89. https://doi.org/10.1016/B978-044452260-3/50032-2. Google Scholar  Maley AM, Arbiser JL. Gentian violet: a 19th century drug re-emerges in the 21st century. Exp Dermatol. 2013;22(12):775–80. https://doi.org/10.1111/exd.12257. Google Scholar  Slama H, Chenari Bouket A, Pourhassan Z, et al. Diversity of synthetic dyes from textile industries, discharge impacts and treatment methods. Appl Sci. 2021;11:6255. https://doi.org/10.3390/app11136255. Google Scholar  Hassan MM, Carr CM. A critical review on recent advancements of the removal of reactive dyes from dyehouse effluent by ion-exchange adsorbents. Chemosphere. 2018;209:201–19. https://doi.org/10.1016/j.chemosphere.2018.06.043. Google Scholar  Imran M, Crowley DE, Khalid A, et al. Microbial biotechnology for decolorization of textile wastewaters. Rev Environ Sci Biotechnol. 2015;14:73–92. https://doi.org/10.1007/s11157-014-9344-4. Google Scholar  Khalid A. (2008) Experimental investigation and mathematical modeling of a low energy consuming hybrid desiccant cooling system for the hot and humid areas of Pakistan. PhD thesis, University of Engineering and Technology, Lahore.Brannon-Peppas L. (1990) Preparation and characterization of crosslinked hydrophilic networks. Absorbent Polymer Technology, Studies in Polymer Science 8:46–66.van Bemmelen JM. Der hydrogel und Das Kristallinische hydrat des kupferoxydes. Z Anorg Chem. 1894;5:466–83. Google Scholar  Wichterle O, Lim D. Hydrophilic gels for biological use. Nature. 1960;185:117–8. https://doi.org/10.1038/185117a0. Google Scholar  Ichikawa T, Nakajima T. Superabsorptive polymers (from natural polysaccharides and peptides). In: Salamone JC, editor. Polymeric materials encyclopedia. New York: CRC; 1996. pp. 8051–9. Google Scholar  E.I. du Pont de Nemours. Methacrylate resins. Ind Eng Chem. 1936;28:1160–3. Google Scholar  Hassan CM, Peppas NA. (2000) Structure and applications of poly(vinyl alcohol) hydrogels produced by conventional crosslinking or by freezing/thawing methods. In: Dusek K, editor Biopolymers · PVA Hydrogels, Anionic Polymerisation Nanocomposites. Adv Polym Sci, vol 153. Springer, Berlin, pp 37–65. https://doi.org/10.1007/3-540-46414-X_2Gajra B, Pandya SS, Vidyasagar G, et al. Polyvinyl alcohol hydrogel and its pharmaceutical and biomedical applications: a review. Int J Pharm Res. 2012;4:2026–35. Google Scholar  Rehab A, Akelah A, Issa R, et al. Controlled release of herbicides supported on polysaccharide based hydrogels. J Bioact Compat Polym. 1991;6(1):52–63. https://doi.org/10.1177/088391159100600105. Google Scholar  Kopecek J. Hydrogel biomaterials: a smart future? Biomaterials. 2007;28(34):5185–92. https://doi.org/10.1016/j.biomaterials.2007.07.044. Google Scholar  Kashyap N, Kumar N, Kumar MNVR. Hydrogels for pharmaceutical and biomedical applications. Crit Rev Ther Drug Carrier Syst. 2005;22:107–49. https://doi.org/10.1615/CritRevTherDrugCarrierSyst.v22.i2.10. Google Scholar  Milcovich G, Lettieri S, Antunes FE, et al. Recent advances in smart biotechnology: hydrogels and nanocarriers for tailored bioactive molecules depot. Adv Colloid Interface Sci. 2017;249:163–80. https://doi.org/10.1016/j.cis.2017.05.009. Google Scholar  Van Tran V, Park D, Lee YC. Hydrogel applications for adsorption of contaminants in water and wastewater treatment. Environ Sci Pollut Res. 2018;25:24569–99. https://doi.org/10.1007/s11356-018-2605-y. Google Scholar  Catoira MC, Fusaro L, Di Francesco D, et al. Overview of natural hydrogels for regenerative medicine applications. J Mater Sci Mater Med. 2019;30:115. https://doi.org/10.1007/s10856-019-6318-7. Google Scholar  Silva SS, Mano JF, Reis RL. Potential applications of natural origin polymer-based systems in soft tissue regeneration. Crit Rev Biotechnol. 2010;30(3):200–21. https://doi.org/10.3109/07388551.2010.505561. Google Scholar  Lin CC, Anseth KS. PEG hydrogels for the controlled release of biomolecules in regenerative medicine. Pharm Res. 2009;26(3):631–43. https://doi.org/10.1007/s11095-008-9801-2. Google Scholar  Basu A, Kunduru KR, Doppalapudi S, et al. Poly(lactic acid) based hydrogels. Adv Drug Deliv Rev. 2016;107:192–205. https://doi.org/10.1016/j.addr.2016.07.004. Google Scholar  Butylina S, Geng S, Laatikainen K, Oksman K. Cellulose nanocomposite hydrogels: from formulation to material properties. Front Chem. 2020;8:655. https://doi.org/10.3389/fchem.2020.00655. Google Scholar  Saberi A, Sadeghi M, Alipour E. Design of AgNPs-based starch/PEG-poly(acrylic acid) hydrogel for removal of mercury(II). J Polym Environ. 2020;28:906–17. https://doi.org/10.1007/s10924-020-01651-9. Google Scholar  Zhao C, Liu G, Tan Q, et al. Polysaccharide-based biopolymer hydrogels for heavy metal detection and adsorption. J Adv Res. 2022;37:17–28. https://doi.org/10.1016/j.jare.2021.09.012. Google Scholar  Ahmed J, Thakur A, Goyal A. Industrial wastewater and its toxic effects. Biological treatment of industrial wastewater. Cambridge: RSC; 2022. pp. 1–14. Google Scholar  Liu J, Zhang C, Miao D, et al. Preparation and characterization of carboxymethylcellulose hydrogel fibers. J Eng Fibers Fabr. 2018;13(3):155892501801300302. https://doi.org/10.1177/155892501801300302. Google Scholar  Mohy Eldin M, El-Sherif H, Soliman E, et al. Polyacrylamide-grafted carboxymethyl cellulose: smart pH-sensitive hydrogel for protein concentration. J Appl Polym Sci. 2011;122:469–79. https://doi.org/10.1002/app.33283. Google Scholar  Jeddi MK, Mahkam M. Magnetic nano carboxymethyl cellulose-alginate/chitosan hydrogel beads as biodegradable devices for controlled drug delivery. Int J Biol Macromol. 2019;135:1221–31. https://doi.org/10.1016/j.ijbiomac.2019.05.187. Google Scholar  Wang MM, Wang L. Synthesis and characterization of carboxymethyl cellulose/organic montmorillonite nanocomposites and its adsorption behavior for congo red dye. Water Sci Eng. 2013;6(3):272–82. Google Scholar  Wang MM, Wang L. Synthesis and characterization of carboxymethyl cellulose/organic montmorillonite nanocomposites and its adsorption behavior for congo red dye. Water Sci Eng. 2013;6(3):272–82. https://doi.org/10.1016/0013-4686(74)87024-6. Google Scholar  Kumari B, Chauhan S, Kumar K, et al. Simultaneous removal of cationic and anionic dyes from a complex mixture using a novel composite hydrogel based on pine needles, chitosan, and gelatin. Int J Biol Macromol. 2025;307:141447. https://doi.org/10.1016/j.ijbiomac.2024.141447. Google Scholar  Chauhan K, Chauhan S, Kumar K, et al. Quaternization of Guar gum for effective removal of anionic dyes from simulated wastewater. Int J Biol Macromol. 2025;309:143109. https://doi.org/10.1016/j.ijbiomac.2024.143109. Google Scholar  Jamwal P, Chauhan S, Kumar K, et al. Fabricating pine needles derived spherical nanocellulose with polyaniline and montmorillonite clay for simultaneous removal of cationic and anionic dyes. Int J Biol Macromol. 2025;301:140340. https://doi.org/10.1016/j.ijbiomac.2024.140340. Google Scholar  Jamwal P, Chauhan GS, Kumar P, et al. Synthesis of new Pinus wallichiana-derived spherical nanocellulose hydrogel and its evaluation as malachite green adsorbent. Sustain Chem Pharm. 2023;32:100950. https://doi.org/10.1016/j.scp.2023.100950. Google Scholar  Chauhan S, Kumar P, Chauhan GS, et al. Kinetic and thermodynamic evaluation of sulfonated Guar gum-based hydrogels for adsorption of cationic dyes. J Dispersion Sci Technol. 2023;46(2):244–62. https://doi.org/10.1080/01932691.2021.1956720. Google Scholar  Kumari B, Chauhan GS, Ranote S, et al. KMnO4-oxidized whole pine needle based adsorbent for selective and efficient removal of cationic dyes. Int J Phytorem. 2023;26(2):178–92. https://doi.org/10.1080/15226514.2022.2089298. Google Scholar  Chauhan S, Kumari B, Chauhan GS, et al. A highly efficient and green adsorbent for anionic dyes synthesized from whole pine needles modified with glycidyltrimethylammonium chloride. Biomass Convers Biorefin. 2024;14:31413–29. https://doi.org/10.1007/s13399-023-04727-7. Google Scholar  Kumari B, Chauhan S, Chauhan GS, et al. A two-in-one Thiosemicarbazide and whole pine needle-based adsorbent for adsorption of methylene blue dye and mercuric ions. Environ Sci Pollut Res. 2024;31:21591–609. https://doi.org/10.1007/s11356-023-31308-5. Google Scholar  Contreras E, Martinez B, Sepulveda L, Palma C. Kinetics of basic dye adsorption onto sphagnum Magellanicum peat. Adsorpt Sci Technol. 2007;25:637–46. https://doi.org/10.1260/026361707782017692. Google Scholar  Conway BE, Angerstein-Kozlowska H, Dhar HP. On selection of standard States in adsorption isotherms. Electrochim Acta. 1974;19(8):455–60. https://doi.org/10.1016/0013-4686(74)87024-6. Google Scholar  Download referencesFundingThis work was supported and funded by the Deanship of Scientific Research at Imam Mohammad Ibn Saud Islamic University (IMSIU) (grant number IMSIU-DDRSP2602).Author informationAuthors and AffiliationsChemistry Department, Faculty of Science, Omar Al-Mukhtar University, Bayda, LibyaHamad M. Adress Hasan, Mohammed A. Mohammed & Fateh Al TaboniDepartment of Biology, College of Science, Imam Mohammad Ibn Saud Islamic University (IMSIU), Riyadh, 11623, Saudi ArabiaMohamed A. M. Ali & Hamdi BendifDepartment of Pharmaceutical Chemistry, College of Pharmacy, Taif University, Taif, Saudi ArabiaIbrahim A. NaguibPharmaceutical Analytical Chemistry Department, Faculty of Pharmacy, Fayoum University, Fayoum, 63514, EgyptMohamed A. ElsayedPharmaceutical Analytical Chemistry Department, Faculty of Pharmacy, Beni-Suef University, Alshaheed Shehata Ahmed Hegazy St, Beni- Suef, 62574, EgyptMohammed GamalAuthorsHamad M. Adress HasanView author publicationsSearch author on:PubMed Google ScholarMohamed A. M. AliView author publicationsSearch author on:PubMed Google ScholarHamdi BendifView author publicationsSearch author on:PubMed Google ScholarMohammed A. MohammedView author publicationsSearch author on:PubMed Google ScholarFateh Al TaboniView author publicationsSearch author on:PubMed Google ScholarIbrahim A. NaguibView author publicationsSearch author on:PubMed Google ScholarMohamed A. ElsayedView author publicationsSearch author on:PubMed Google ScholarMohammed GamalView author publicationsSearch author on:PubMed Google ScholarContributionsConceptualization, project administration, funding acquisition, methodology, M. A. M. Ali, H. B.; methodology, software, validation, formal analysis, investigation, resources, H.M. H., M. A. M., and F. A. T.; writing—original draft preparation, visualization, data curation, supervision, I. A. N., M. A. E., and M. G. All authors have read and agreed to the published version of the manuscript.Corresponding authorCorrespondence to Mohamed A. Elsayed.Ethics declarations Ethics approval and consent to participate Not applicable. Declaration of generative AI and AI-assisted technologies in the writing process In writing this article, the authors used QuillBot.com to identify grammatical errors and improve readability. However, they take full responsibility for the final content, which they carefully reviewed and edited. Consent for publication Not applicable. Competing interests The authors declare no competing interests. Additional informationPublisher’s NoteSpringer Nature remains neutral with regard to jurisdictional claims in published maps and institutional affiliations.Supplementary InformationBelow is the link to the electronic supplementary material.Supplementary material 1.Rights and permissions Open Access This article is licensed under a Creative Commons Attribution-NonCommercial-NoDerivatives 4.0 International License, which permits any non-commercial use, sharing, distribution and reproduction in any medium or format, as long as you give appropriate credit to the original author(s) and the source, provide a link to the Creative Commons licence, and indicate if you modified the licensed material. You do not have permission under this licence to share adapted material derived from this article or parts of it. The images or other third party material in this article are included in the article’s Creative Commons licence, unless indicated otherwise in a credit line to the material. If material is not included in the article’s Creative Commons licence and your intended use is not permitted by statutory regulation or exceeds the permitted use, you will need to obtain permission directly from the copyright holder. To view a copy of this licence, visit http://creativecommons.org/licenses/by-nc-nd/4.0/. Reprints and permissionsAbout this articleCite this articleHasan, H.M.A., Ali, M.A.M., Bendif, H. et al. Purification of aqueous fluids from basic fuchsine employing a new polymer of CMC-CMS hydrogel mixture: sustainability perspective. BMC Chemistry (2026). https://doi.org/10.1186/s13065-025-01710-zDownload citationReceived: 14 August 2025Accepted: 17 December 2025Published: 13 February 2026DOI: https://doi.org/10.1186/s13065-025-01710-zShare this articleAnyone you share the following link with will be able to read this content:Get shareable linkSorry, a shareable link is not currently available for this article.Copy shareable link to clipboard Provided by the Springer Nature SharedIt content-sharing initiative KeywordsRemovalFuchine dyeAqueous solutionSustainability Profiles Hamdi Bendif View author profile Waste to high-value products: The performance and potential of carboxymethylcellulose hydrogels via the circular economy Article 03 February 2023 Green and sustainable carboxymethyl cellulose-chitosan composite hydrogels: Effect of crosslinker on microstructure Article 06 May 2021 Click chemistry-induced selective adsorption of cationic and anionic dyes using functionalized cellulose methacrylate hydrogels Article 05 September 2022",NA,"https://doi.org/10.1186/s13065-025-01710-z",NA,"openalex",FALSE,FALSE,NA,NA,NA
"W7128767193","Identification and characterization of an isomaltooligosaccharide utilizing α-glucosidase from the resistant-starch degrading gut bacterium Ruminococcoides bili FMB-J6","Jae-Won Lee; Ye-Jin Kim; Dong-Ho Seo; Seong-Min Choi; J. Jung; Cheon-Seok Park","2026-02-13",3,"Identification and characterization of an isomaltooligosaccharide utilizing α-glucosidase from the resistant-starch degrading gut bacterium Ruminococcoides bili FMB-J6 Research Article Published: 13 February 2026 (2026) Cite this article Save article View saved research Food Science and Biotechnology Aims and scope Submit manuscript AbstractRuminococcoides is a genus abundant in the human colon and plays a key role in carbohydrate metabolism. These microorganisms can utilize a variety of substrates for growth in the gut, but their metabolic characteristics toward dietary sugars remain poorly characterized. In our previous study, we isolated Ruminococcoides bili FMB-J6 from human feces and identified a unique glucosidase with the potential to degrade prebiotic substrates. This enzyme belongs to the GH13_44 subfamily and exhibits high hydrolytic activity toward ingested sugars, including sucrose and isomaltooligosaccharides. Structural comparisons based on the predicted model revealed that this enzyme possesses a more open substrate-binding pocket. As a result, it shows elevated activity toward substrates containing both α-1,4 and α-1,6 linkages, with a preference for α-1,6-linkages. These findings highlight the potential of this enzyme as a novel α-glucosidase with broad substrate specificity, enabling the utilization of prebiotic compounds in Ruminococcoides. This is a preview of subscription content, log in via an institution to check access. Access this article Log in via an institution Subscribe and save Springer+ from €37.37 /Month Starting from 10 chapters or articles per month Access and download chapters and articles from more than 300k books and 2,500 journals Cancel anytime View plans Buy Now Buy article PDF 39,95 € Price includes VAT (China (P.R.)) Instant access to the full article PDF. Institutional subscriptions Fig. 1Fig. 2Fig. 3Fig. 4 Similar content being viewed by others Identification of carbohydrate gene clusters obtained from in vitro fermentations as predictive biomarkers of prebiotic responses Article Open access 25 May 2024 Structural, Biochemical, and Phylogenetic Analysis of Bacterial and Fungal Carbohydrate Esterase Family 15 Glucuronoyl Esterases in the Rumen Article Open access 17 August 2024 Influence of Different Sugars and Initial pH on β-Glucan Formation by Lactobacillus brevis TMW 1.2112 Article 13 February 2018 Data availability Data will be made available on request. ReferencesAlarico S, da Costa MS, Empadinhas N. Molecular and physiological role of the trehalose-hydrolyzing α-glucosidase from Thermus thermophilus HB27. Journal of Bacteriology. 190: 2298-2305 (2008)Article  CAS  PubMed  PubMed Central  Google Scholar  Auiewiriyanukul W, Saburi W, Kato K, Yao M, Mori H. Function and structure of GH13_31 α-glucosidase with high α-(1→4)-glucosidic linkage specificity and transglucosylation activity. FEBS Letters. 592: 2268-2281 (2018)Article  CAS  PubMed  Google Scholar  Auiewiriyanukul W, Saburi W, Ota T, Yu J, Kato K, Yao M, Mori H. Alteration of substrate specificity and transglucosylation activity of GH13_31 α-glucosidase from Bacillus sp. AHU2216 through site-directed mutagenesis of Asn258 on β→α loop 5. Molecules. 28(7):3109 (2023)Best RB, Jackson GE, Naidoo KJ. Molecular dynamics and NMR study of the α(1→4) and α(1→6) glycosidic linkages: maltose and isomaltose. The Journal of Physical Chemistry B. 105(20): 4742-4751 (2001)Article  CAS  Google Scholar  Carugo O, Pongor S. A normalized root‐mean‐spuare distance for comparing protein three‐dimensional structures. Protein Science. 10(7): 1470-1473 (2001)Article  CAS  PubMed  PubMed Central  Google Scholar  Chothia C, Lesk AM. The relation between the divergence of sequence and structure in proteins. The EMBO Journal. 5(4): 823-826 (1986)Article  CAS  PubMed  PubMed Central  Google Scholar  Crost EH, Le Gall G, Laverde-Gomez JA, Mukhopadhya I, Flint HJ, Juge N. Mechanistic insights into the cross-feeding of Ruminococcus gnavus and Ruminococcus bromii on host and dietary carbohydrates. Frontiers in Microbiology. 9: 2558 (2018)Article  PubMed  PubMed Central  Google Scholar  de Vrese M, Schrezenmeir J. Probiotics, prebiotics, and synbiotics. Adavances in Biochemical Engineering/Biotechnology. 111: 1-66 (2008)Article  Google Scholar  Hong Y-S, Jung D-H, Chung W-H, Nam Y-D, Kim Y-J, Seo D-H, Park C-S. Human gut commensal bacterium Ruminococcus species FMB-CY1 completely degrades the granules of resistant starch. Food Science and Biotechnology. 31(2): 231-241 (2022)Article  CAS  PubMed  PubMed Central  Google Scholar  Jumper J, Evans R, Pritzel A, Green T, Figurnov M, Ronneberger O, Tunyasuvunakool K, Bates R, Žídek A, Potapenko A. Highly accurate protein structure prediction with AlphaFold. Nature. 596(7873): 583-589 (2021)Article  CAS  PubMed  PubMed Central  Google Scholar  Jung D-H, Park C-S. Resistant starch utilization by Bifidobacterium, the beneficial human gut bacteria. Food Science and Biotechnology. 32(4): 441-452 (2023)Article  CAS  PubMed  PubMed Central  Google Scholar  Jung J-H, Kim M-J, Jeong W-S, Seo D-H, Ha S-J, Kim YW, Park C-S. Characterization of divergent pseudo-sucrose isomerase from Azotobacter vinelandii: Deciphering the absence of sucrose isomerase activity. Biochemical and Biophysical Research Communications. 483(1): 115-121 (2017)Article  CAS  PubMed  Google Scholar  Kim Y-J, Jung D-H, Park C-S. Important roles of Ruminococcaceae in the human intestine for resistant starch utilization. Food Science and Biotechnology. 33(9): 2009-2019 (2024)Article  CAS  PubMed  PubMed Central  Google Scholar  Kumar S, Stecher G, Tamura K. MEGA7: molecular evolutionary genetics analysis version 7.0 for bigger datasets. Molecular Biology and Evolution. 33(7): 1870–1874 (2016)Lombard V, Golaconda Ramulu H, Drula E, Coutinho PM, Henrissat B. The carbohydrate-active enzymes database (CAZy) in 2013. Nucleic Acids Research. 42(D1): D490-D495 (2014)Article  CAS  PubMed  Google Scholar  Moller MS, Fredslund F, Majumder A, Nakai H, Poulsen JC, Lo Leggio L, Svensson B, Abou Hachem M. Enzymology and structure of the GH13_31 glucan 1,6-α-glucosidase that confers isomaltooligosaccharide utilization in the probiotic Lactobacillus acidophilus NCFM. Journal of Bacteriology. 194(16): 4249-4259 (2012)Article  PubMed  PubMed Central  Google Scholar  Oslancova A, Janeček Š. Oligo-1, 6-glucosidase and neopullulanase enzyme subfamilies from the α-amylase family defined by the fifth conserved sequence region. Cellular and Molecular Life Sciences. 59(11): 1945-1959 (2002)Article  CAS  PubMed  PubMed Central  Google Scholar  Pokusaeva K, O'Connell-Motherway M, Zomer A, Fitzgerald GF, van Sinderen D. Characterization of two novel α-glucosidases from Bifidobacterium breve UCC2003. Applied and Environmental Microbiology Journal. 75(4): 1135-1143 (2009)Article  CAS  Google Scholar  Saburi W, Tagami T, Usui T, Yu J, Ose T, Yao M, Mori H. Molecular mechanism for the substrate specificity of Arthrobacter globiformis M6 α-glucosidase CmmB, belonging to glycoside hydrolase family 13 subfamily 30. Food Bioscience. 61: 104516 (2024)Article  CAS  Google Scholar  Sievers F, Higgins DG. Clustal Omega, accurate alignment of very large numbers of sequences. pp. 105–116. In: Multiple sequence alignment methods. David J Russell (ed). Humana Press, Totowa, NJ, USA (2013)Sim L, Willemsma C, Mohan S, Naim HY, Pinto BM, Rose DR. Structural basis for substrate selectivity in human maltase-glucoamylase and sucrase-isomaltase N-terminal domains. Journal of Biological Chemistry. 285(23): 17763-17770 (2010)Article  CAS  PubMed  PubMed Central  Google Scholar  Stam MR, Danchin EG, Rancurel C, Coutinho PM, Henrissat B. Dividing the large glycoside hydrolase family 13 into subfamilies: towards improved functional annotations of α-amylase-related proteins. Protein Engineering, Design and Selection. 19(12): 555-562 (2006)Article  CAS  Google Scholar  Takeuchi T, Kubota T, Nakanishi Y, Tsugawa H, Suda W, Kwon AT-J, Yazaki J, Ikeda K, Nemoto S, Mochizuki Y. Gut microbial carbohydrate metabolism contributes to insulin resistance. Nature. 621(7978): 389–395 (2023)Weaver CM. Diet, gut microbiome, and bone health. Current Osteoporosis Reports. 13(2): 125-130 (2015)Article  PubMed  PubMed Central  Google Scholar  Xu Z, Li S, Li J, Li Y, Feng X, Wang R, Xu H, Zhou J. The structural basis of Erwinia rhapontici isomaltulose synthase. PLoS One. 8(9): e74788 (2013)Article  CAS  PubMed  PubMed Central  Google Scholar  Ze X, Ben David Y, Laverde-Gomez JA, Dassa B, Sheridan PO, Duncan SH, Louis P, Henrissat B, Juge N, Koropatkin NM. Unique organization of extracellular amylases into amylosomes in the resistant starch-utilizing human colonic Firmicutes bacterium Ruminococcus bromii. MBio. 6(5): 01058-01015 (2015)Article  Google Scholar  Download referencesAcknowledgementsThis research was supported by Korea Institute of Planning and Evaluation for Technology in Food, Agriculture and Forestry (IPET) through Agricultural Microbiome Innovative Technology Development Program, funded by Ministry of Agriculture, Food and Rural Affairs (MAFRA) (RS-2024-00399330), and the BK21 FOUR Program of Graduate School, funded by Kyung Hee University (GS-1-JO-NON-20240372).FundingFunding was provided by Korea Institute of Planning and Evaluation for Technology in Food, Agriculture and Forestry (RS-2024-00399330), Kyung Hee University (GS-1-JO-NON-20240372).Author informationAuthors and AffiliationsDepartment of Food Science and Biotechnology, Kyung Hee University, Yongin, 17104, Republic of KoreaJae-Won Lee, Seong-Min Choi & Cheon-Seok ParkDepartment of Food Science and Biotechnology, and Carbohydrate Bioproduct Research Center, Sejong University, Seoul, 05006, Republic of KoreaYe-Jin Kim & Dong-Ho SeoRadiation Biotechnology Division, Korea Atomic Energy Research Institute, Jeongeup, 56212, Republic of KoreaJong-Hyun JungDepartment of Food Science and Biotechnology and Institute of Life Science and Resources, Kyung Hee University, Yongin, 17104, Republic of KoreaCheon-Seok ParkAuthorsJae-Won LeeView author publicationsSearch author on:PubMed Google ScholarYe-Jin KimView author publicationsSearch author on:PubMed Google ScholarDong-Ho SeoView author publicationsSearch author on:PubMed Google ScholarSeong-Min ChoiView author publicationsSearch author on:PubMed Google ScholarJong-Hyun JungView author publicationsSearch author on:PubMed Google ScholarCheon-Seok ParkView author publicationsSearch author on:PubMed Google ScholarCorresponding authorCorrespondence to Cheon-Seok Park.Ethics declarations Conflict of interest The authors declare that they have no known competing financial interests or personal relationships that could have appeared to influence the work reported in this paper. Additional informationPublisher's NoteSpringer Nature remains neutral with regard to jurisdictional claims in published maps and institutional affiliations.Supplementary InformationBelow is the link to the electronic supplementary material.Supplementary file1 (DOCX 625 kb)Rights and permissionsSpringer Nature or its licensor (e.g. a society or other partner) holds exclusive rights to this article under a publishing agreement with the author(s) or other rightsholder(s); author self-archiving of the accepted manuscript version of this article is solely governed by the terms of such publishing agreement and applicable law.Reprints and permissionsAbout this articleCite this articleLee, JW., Kim, YJ., Seo, DH. et al. Identification and characterization of an isomaltooligosaccharide utilizing α-glucosidase from the resistant-starch degrading gut bacterium Ruminococcoides bili FMB-J6. Food Sci Biotechnol (2026). https://doi.org/10.1007/s10068-026-02109-9Download citationReceived: 21 December 2025Revised: 28 January 2026Accepted: 01 February 2026Published: 13 February 2026Version of record: 13 February 2026DOI: https://doi.org/10.1007/s10068-026-02109-9Share this articleAnyone you share the following link with will be able to read this content:Get shareable linkSorry, a shareable link is not currently available for this article.Copy shareable link to clipboard Provided by the Springer Nature SharedIt content-sharing initiative Keywords Ruminococcoides bili Gut microorganismα-GlucosidaseIsomaltooligosaccharide-utilizing activity Profiles Cheon-Seok Park View author profile Identification of carbohydrate gene clusters obtained from in vitro fermentations as predictive biomarkers of prebiotic responses Article Open access 25 May 2024 Structural, Biochemical, and Phylogenetic Analysis of Bacterial and Fungal Carbohydrate Esterase Family 15 Glucuronoyl Esterases in the Rumen Article Open access 17 August 2024 Influence of Different Sugars and Initial pH on β-Glucan Formation by Lactobacillus brevis TMW 1.2112 Article 13 February 2018",NA,NA,NA,"openalex",FALSE,FALSE,NA,NA,NA
"W7128811929","Nutritional composition of Zea mays L: A comprehensive Review of Macronutrients, Micronutrients, and Bioactive Compounds","Sandra Etumah Ifie; Reuben Samson Dangana; Dominic Swase; Michael Ben Okon; Wusa MAKENA; Mary Olaoluwa Agunloye; Chinyere Nneoma Ugwu; Josiah Eseoghene Ifie; Saidi Odoma; Abubaka Ibrahim Babangida; Patrick Maduabuchi Aja","2026-02-13",3,"<ns3:p> Background Maize ( <ns3:italic>Zea mays L.</ns3:italic> ) is a significant cereal crop, which, due to its nutritious content, especially in terms of dietary energy and nutrients, is globally important. Its nutritive status does not just end with macronutrients, but it also encompasses nutrient status that promotes health-giving micronutrients and phytochemicals. Objective This review aims to consolidate recent advancements in maize nutrient profiling and highlight current challenges in optimizing its nutritional potential across global food systems. Methods A comprehensive literature search was conducted in PubMed, Scopus, and Google Scholar for peer-reviewed articles published between 2010 and 2024 in English. Search terms included “Zea mays nutrition,” “maize macronutrients,” “maize micronutrient biofortification,” and “phytochemicals in maize”. Studies included both empirical and review papers reporting on maize nutritional quality, bioavailability, and impacts on human health. Results Maize is composed primarily of carbohydrates, with starch as the dominant fraction, alongside moderate protein and low lipid content concentrated in the germ. Biofortified varieties, including Quality Protein Maize (QPM), provide enhanced levels of lysine, tryptophan, and provitamin A. Maize also supplies essential B vitamins and minerals such as iron, zinc, and magnesium; however, their bioavailability is reduced by antinutrients like phytates. In addition, maize is shown to be rich in phytochemicals, including ferulic acid, flavonoids, and carotenoids, which exhibit antioxidant and therapeutic properties. Conclusion Maize is more than a staple food crop; it is an indispensable crop for global food and nutrition security. However, challenges such as low bioavailability due to antinutritional factors limit its full nutritional potential. Therefore, strengthening genetic and agronomic interventions to improve its nutritional quality is essential to address hidden hunger and enhance population health worldwide. </ns3:p>",NA,"https://doi.org/10.12688/openresafrica.16056.2",NA,"openalex",FALSE,FALSE,NA,NA,NA
"W7128765849","Biodegradable film from taro starch and gelatin with duck eggshell nano calcium filler (TS-G/DES nano calcium): Study chemical, physical, and mechanical properties","Trias Ayu Laksanawati; M.H. Khirzin; Linda Hafifah; Heri Septya Kusuma; Handoko Darmokoesoemo; Andrew Nosakhare Amenaghawon","2026-02-13",3,"",NA,"https://doi.org/10.1016/j.nxmate.2026.101744",NA,"openalex",FALSE,FALSE,NA,NA,NA
"W7128701865","Fabrication of small-sized starch nanoparticles and their inhibition of interfacial enzymatic hydrolysis of granular starch","Zhihang Li; Yu Tian; Jacob J. K. Kirkensgaard; Birte Svensson; Andreas Blennow; Yu Wang","2026-02-13",3,"https://api.elsevier.com/content/article/pii/S1466856426000561doi:10.1016/j.ifset.2026.1044881-s2.0-S146685642600056110.1016/j.ifset.2026.104488S1466-8564(26)00056-1Fabrication of small-sized starch nanoparticles and their inhibition of interfacial enzymatic hydrolysis of granular starch Innovative Food Science & Emerging TechnologiesJournal146685642026-06-30June 20260falsefalse",NA,NA,NA,"openalex",FALSE,FALSE,NA,NA,NA
"W7128766229","Partial Factor Productivity as a Tool to Enhance Wheat Seed Quality and Yield Through Nitrogen Fertilization Management","Luka Drenjančević; Ivana Varga; Goran Jukić; Ivan Varnica; Dario Iljkić","2026-02-13",3,"Even though wheat’s response to nitrogen (N) is well studied, practical optimization remains challenging because yield and seed quality often react inconsistently across seasons. For winter wheat, the simultaneous quantification of efficiency indicators that capture N losses and diminishing returns is important. This study evaluated nitrogen (N) fertilization in two growing seasons. This study aimed to adjust N fertilization strategy through different combinations of granular N timing and foliar applications to improve winter wheat yield and technological seed quality while maintaining high fertilization efficiency. Field experiments were conducted over two growing seasons (2021/2022 and 2022/2023) using seven fertilization treatments (Control, TSE_1, TSE_2, TSEH_1, TSEH_2, TSEH_3, and TSH, which correspond to growth stage T—tillering stage; SE—stem elongation phase; H—heading stage) in the range of 140.5 to 194.5 kg ha−1 N. Seed yield and seed quality traits (moisture, hectoliter weight, starch, protein, gluten, and sedimentation value) were measured, and treatment effects were evaluated with ANOVA, correlation, and regression analyses. In 2021/2022, no significant treatment effects were detected for yield or seed quality parameters, indicating that environmental variability dominated crop response. In contrast, in 2022/2023, seed yield, hectoliter weight, gluten content, and starch yield showed significant treatment effects (p ≤ 0.05–0.01), with fertilized variants generally outperforming the Control. Across both seasons, seed quality traits displayed strong internal structure: protein, gluten, and sedimentation were strongly positively correlated, while starch was strongly negatively correlated with these traits and the yield correlated positively with hectoliter weight but negatively with protein and gluten, highlighting a yield–quality trade-off. Importantly, partial factor productivity (PFP) and nitrogen use efficiency (NUE) showed the strongest treatment sensitivity, demonstrating their value for identifying efficient N strategies even when yield and quality responses were season-dependent. Regression analyses confirmed that seasonal conditions modulated nitrogen responsiveness, with NUE and starch yield showing much stronger relationships with nitrogen input in 2021/2022 and 2022/2023, respectively.","https://www.mdpi.com/2674-1024/5/1/12/pdf?version=1770979945","https://www.mdpi.com/2674-1024/5/1/12/pdf?version=1770979945",NA,"openalex",FALSE,FALSE,NA,NA,NA
"W7128809134","Data set of Impact of kilning on the fermentability of oat wholemeal flour and related bioconversion of starch, protein, dietary fibre and phytate.","Eline Lambrechts","2026-02-13",3,"Corresponding data sets of manuscript ""Impact of kilning the fermentability of oat wholemeal flour and related bioconversion of starch, protein, dietary fibre and phytate"". The first file shows the acidification and microbial growth data The second file shows data on phytate hydrolysis, protein solubilisation, dietary fibre solubilisation, fermentable saccharide production and metabolite production over time.",NA,"https://doi.org/10.5281/zenodo.17550221",NA,"openalex",FALSE,FALSE,NA,NA,NA
"W7128815535","Data set of Impact of kilning on the fermentability of oat wholemeal flour and related bioconversion of starch, protein, dietary fibre and phytate.","Eline Lambrechts","2026-02-13",3,"Corresponding data sets of manuscript ""Impact of kilning the fermentability of oat wholemeal flour and related bioconversion of starch, protein, dietary fibre and phytate"". The first file shows the acidification and microbial growth data The second file shows data on phytate hydrolysis, protein solubilisation, dietary fibre solubilisation, fermentable saccharide production and metabolite production over time.",NA,"https://doi.org/10.5281/zenodo.17550220",NA,"openalex",FALSE,FALSE,NA,NA,NA
"W7128765252","Rigid Polyurethane Foam Flame‐Retardanted by Environmentally Friendly Polyether Polyol Based on Dialdehyde Starch","W Wei Chen; Zhenghong Guo; Yanhui Zhang; Junjian Li","2026-02-13",3,"ABSTRACT Polyurethane foam (PUF) is widely recognized for its excellent mechanical properties, yet its inherent flammability and potential toxicity of certain additives limit its compliance with green and safe production principles. In this study, a novel melamine‐based polyether polyol (MFPPG) was synthesized using dialdehyde starch as the key bio‐based feedstock. Compared with previously reported melamine‐based polyether polyols, MFPPG has lower viscosity and toxicity, and better flame‐retardant performance in PUFs. Under the optimal molar ratio of raw materials, MFPPG showed favorable hydroxyl value and viscosity. When replacing 3% of commercial polyether polyol PPG4110, the modified polyurethane foams (MPUFs) exhibited significantly improved flame retardancy, thermal insulation, and mechanical performance; further increasing MFPPG loading led to poor compressive strength. Specifically, the compressive strength of MPUF was greatly enhanced, and the 3% MFPPG‐loaded MPUF also showed obviously improved thermal insulation performance compared with commercial foam.",NA,NA,NA,"openalex",FALSE,FALSE,NA,NA,NA
"W7128817881","Development of Sustainable Paper, Drinking Straw and Plate Using Zea mays Husk","Indumathi Parameswaran; Nazareth Arockiamary Selvaraj; Pushparani DS; Vijaya Packiriswamy","2026-02-13",3,"<title>Abstract</title> Maize is a crop cultivated worldwide due to its high demand. It has been used to generate natural cellulosic fibers for the textile industry; its starch is used in preparing soups, sauces, gravies, and custards. The corn husks are often discarded or utilized to make crafts and cigarette packs. The present study focuses on extracting cellulose from the Zea mays (corn) husk by exploring different chemical methods to prepare papers and starch was also extracted from <italic>Manihot esculenta.</italic> The cellulose and starch obtained were analyzed for their Purity using Fourier Transform Infrared Spectroscopy (FTIR) analysis. Cellulose extracted from different methods was used to prepare paper using the screen mesh and to make a straw. Binding agents such as Starch, Agar, gelatin, Polyethylene glycol (PEG), and Sorbitol are added to the cellulose in the synthesis of bioplastics. The bioplastics were analysed for their water absorption capacity, Tensile strength and biodegradation using microorganisms. The purpose of this study is to ascertain the impact of various materials on the hardness, expansion rate of paper, straw and to improve paper strength and durability. The results reveal that agar can be used in preparing the bioplastic along with cellulose. Corn husk, most promising agricultural wastes to make sustainable and eco-friendly products like Paper and straws and plates, which reduce environmental pollution, are biodegradable and compostable.","https://www.researchsquare.com/article/rs-8157514/latest.pdf",NA,NA,"openalex",TRUE,FALSE,"openalex_development_of_su_ta_w7128817881.pdf",1.61,"original"
"W7128789160","Chemical compositions, nutritional values, total phenolic content, and antioxidant activity from Eleocharis dulcis","Mediterranean Journal of Medicine and Medical Sciences; Kate Han","2026-02-13",3,"Several wild crops remain to be explored worldwide; among them, some have excellent medicinal and nutritional properties. In this study, Eleocharis dulcis has been selected for investigation of its chemical composition, nutritional values, total phenolic content, and antioxidant activity. The phytochemical constituents were screened by standard methods, indicating the presence of alkaloids, a-amino acids, carbohydrates, flavonoids, glycosides, phenolic compounds, polyphenol, reducing sugars, saponins, starch, and tannins. In a preliminary investigation by EDXRF, potassium, iron, chlorine, silicon, calcium, phosphorus, sulfur, manganese, bromine, copper, titanium, zinc, and rubidium elements were found in the EDXRF spectrum. It was found that potassium content is the highest among other elements. The nutritional values of the selected samples were determined by AOAC methods. The total phenolic content of aqueous extract (5.115 ± 0.05 mg GAE/mL) was determined by Folin-Ciocalteau assay. The antioxidant activity of aqueous extract was evaluated by the 2, 2-diphenyl-1- picryl-hydrazyl free radical scavenging assay. It possesses nearly the antioxidant activity of standard ascorbic acid. It is suggested that Eleocharis dulcis exhibits great potential for antioxidant activity, and it is useful for nutritional and pharmacological functions.",NA,"https://doi.org/10.5281/zenodo.18636582",NA,"openalex",FALSE,FALSE,NA,NA,NA
"W7128814876","A Novel Versatile Neopullulanase with Transglycosylation Activity from <i>Bacillus Inaquosorum</i> : Heterologous Expression, Characterization, and Synergistic Application with α-Transglucosidase from <i> <i>Aspergillus niger</i> </i> in Bread Making","Ao Li; Jiawei Tang; Mengxiao Tang; Xincheng Ma; Ying Tan; Xiaodan Song; Wang Zhu; Xingyuan Liu; Lei Xu; Songlin Li; Jia Zhou; Hao Shi; Zhongbiao Tan","2026-02-13",3,"To explore transglycosidase application potential in starch processing and baking, a <i>Bacillus inaquosorum</i> strain with high amylopectin debranching activity was isolated and identified from the soil. Its neopullulanase gene (<i>Binp</i>) was cloned and heterologously expressed in <i><i>Escherichia coli</i></i> BL21. The recombinant enzyme reBinp, which requires a metal ion, had optimal catalytic activity at 35 °C and pH 7.0, efficiently hydrolyzed α-(1,6)-glycosidic bonds. Synergistic hydrolysis and transglycosylation effects were displayed when reBinp acted with <i><i>Aspergillus niger</i></i> α-transglucosidase (Antg). Adding reBinp and Antg (each of 1000 U/kg wheat flour) significantly improved bread quality and increased specific volume, hardness, gumminess, chewiness, cohesiveness, and storage stability. Mechanistically, the mixed enzymes decreased the relative crystallinity and gelatinization enthalpy of dough to 14.5% and 3.95 mJ/mg, respectively, while increasing the FTIR <i>R</i><sub>1047/1022</sub> ratio to 1.70. This study provides a solid basis for the synergistic application of neopullulanase and α-transglucosidase in starch biotransformation and the baking industry.",NA,NA,NA,"openalex",FALSE,FALSE,NA,NA,NA
"W7128770259","Impact of Climate Change on Physicochemical Properties and Nutritional Quality of Bread Wheat Triticum aestivum","Megersa Bayisa; Misgana Banti","2026-02-13",3,"<title>Abstract</title> Climate change poses a significant threat to global food security, particularly through its impact on the physiological, biochemical, and nutritional properties of staple crops like bread wheat ( <italic>Triticum aestivum</italic> ). Elevated atmospheric carbon dioxide (eCO₂), rising temperatures, and water stress individually or in combination affect wheat grain development, composition, and quality. This review synthesizes findings from Free-Air CO₂ Enrichment (FACE) and field-based studies to examine how these stressors influence protein composition, gluten functionality, starch synthesis, and micronutrient (iron, zinc) content. While eCO₂ tends to enhance yield and sometimes increase protein concentrations, it often dilutes mineral and amino acid quality, compromises dough strength, and elevates phytate levels, thus reducing nutrient bioavailability. Moreover, heat and drought stress disrupt grain filling, enzymatic activities, and gluten protein balance, further degrading functional and nutritional quality. Genotypic variability and environmental interactions play crucial roles in moderating these effects. This review highlights the need for integrated breeding, agronomic, and climate adaptation strategies to safeguard wheat nutritional quality under changing climatic conditions.","https://www.researchsquare.com/article/rs-8778078/latest.pdf",NA,NA,"openalex",TRUE,FALSE,"openalex_impact_of_climate_ch_w7128770259.pdf",1.27,"original"
"W7128802986","Chemical compositions, nutritional values, total phenolic content, and antioxidant activity from Eleocharis dulcis","Mediterranean Journal of Medicine and Medical Sciences; Kate Han","2026-02-13",3,"Several wild crops remain to be explored worldwide; among them, some have excellent medicinal and nutritional properties. In this study, Eleocharis dulcis has been selected for investigation of its chemical composition, nutritional values, total phenolic content, and antioxidant activity. The phytochemical constituents were screened by standard methods, indicating the presence of alkaloids, a-amino acids, carbohydrates, flavonoids, glycosides, phenolic compounds, polyphenol, reducing sugars, saponins, starch, and tannins. In a preliminary investigation by EDXRF, potassium, iron, chlorine, silicon, calcium, phosphorus, sulfur, manganese, bromine, copper, titanium, zinc, and rubidium elements were found in the EDXRF spectrum. It was found that potassium content is the highest among other elements. The nutritional values of the selected samples were determined by AOAC methods. The total phenolic content of aqueous extract (5.115 ± 0.05 mg GAE/mL) was determined by Folin-Ciocalteau assay. The antioxidant activity of aqueous extract was evaluated by the 2, 2-diphenyl-1- picryl-hydrazyl free radical scavenging assay. It possesses nearly the antioxidant activity of standard ascorbic acid. It is suggested that Eleocharis dulcis exhibits great potential for antioxidant activity, and it is useful for nutritional and pharmacological functions.",NA,"https://doi.org/10.5281/zenodo.18636581",NA,"openalex",FALSE,FALSE,NA,NA,NA
"W7128697865","Urinary Metabolomics Study on Acupuncture plus Wet Cupping Therapy for Post Stroke Depression: A pilot study","Dong Li; Hang Gao; Jin Li; Larissa Tao; WeiDong Shen; Wa Cai","2026-02-12",4,"Objective: This study aimed to investigate urinary metabolomics alterations associated with acupuncture plus wet cupping (AC) therapy in patients with post-stroke depression (PSD). Methods: A total of 40 subjects were randomly allocated to either the acupuncture plus wet cupping group (AC group, n=20) or the acupuncture group (Acu group, n=20). Morning urine samples were collected at baseline and after 4 weeks of treatment, yielding a total of 80 samples. An additional 20 healthy volunteers served as a blank control group, from whom urine samples were also obtained. Urinary metabolites were analyzed using gas chromatography-mass spectrometry (GC-MS). Differential metabolites and related metabolic pathways were identified. Clinical efficacy was assessed using the Hamilton Depression Rating Scale-24 items (HAMD-24) at baseline and post-treatment. Correlation analysis was performed to assess the relationship between metabolic changes and clinical improvement. Results: After 4 weeks of treatment, the HAMD-24 scores in the AC group (median: 10.00, IQR: 9.00-13.00) were significantly lower than those in the Acu group (median: 18.00, IQR: 15.25-19.00), with a statistically significant between-group difference (P&lt;0.01). Metabolomic profiling revealed significant differences between healthy volunteers and untreated PSD patients, with 21 differential metabolites identified. Caffeine metabolism emerged as the most significantly altered pathway (FDR-P&lt;0.05). No significant metabolic changes were detected in the Acu group after treatment. In contrast, the AC group demonstrated marked alterations, with 33 differential metabolites identified and starch and sucrose metabolism emerging as the most affected pathway (FDR-P&lt;0.05). Furthermore, direct comparisons between the AC and Acu groups post-treatment identified 13 differential metabolites, with tyrosine metabolism as the most significantly impacted pathway (FDR-P&lt;0.05). Correlation analysis showed that the differential metabolites in the AC group were significantly correlated with HAMD-24 score changes (P&lt;0.05). Conclusions: Caffeine metabolism was associated with the metabolic distinction between healthy volunteers and PSD patients. AC therapy was associated with clinical improvement in PSD and alterations in starch and sucrose metabolism as well as tyrosine metabolism. Tyrosine metabolism may be the key metabolic pathway distinguishing AC therapy from acupuncture alone. These findings suggested that AC therapy may exert its effects through associations with alterations in energy metabolism and neurotransmitter synthesis, which was linked to the core pathophysiological mechanisms of PSD, though causal relationships require further investigation.",NA,NA,NA,"openalex",FALSE,FALSE,NA,NA,NA
"W7128701472","Synergistic Effects of Fu Brick Tea Extract and Millet on Antiobesity in High-Fat Diet-Fed Mice through Gut Microbiota Modulation and Activation of the <i>Ffar2</i> – <i>Gcg</i> / <i>Pyy</i> Molecular Pathway","Ning Han; Xinwei Tian; Zhuo Shen; L Wang; Haoyan Zhu; Yuanzhang Zhao; Xingbin Yang","2026-02-12",4,"This study elucidates the antiobesity mechanism of the Fu brick tea extract-millet complex (FTE-M). FTE-M exhibited a dense and smooth microstructure, resulting in improved digestive properties compared with millet alone, including a reduced glycemic index and increased slowly digestible starch and resistant starch contents. In a 10-week high-fat diet mouse model, dietary supplementation with FTE-M inhibited small intestinal α-amylase activity, delayed starch digestion, and improved glucose and lipid metabolism while alleviating inflammation. FTE-M also modulated gut microbiota composition, normalized bile acid profiles, and enriched short-chain fatty acids (SCFAs)-producing bacteria, including <i>Akkermansia</i>, leading to a 2.49-fold increase in total SCFAs. Mechanistically, elevated SCFAs were associated with the activation of free fatty acid receptor 2 (<i>Ffar2</i>) and increased expression of glucagon (<i>Gcg</i>) and peptide YY (<i>Pyy</i>), contributing to enhanced satiety. These findings highlight the potential of combining traditional millet with bioactive components to enhance metabolic functionality, providing a theoretical basis for developing starch-based antiobesity foods.",NA,NA,NA,"openalex",FALSE,FALSE,NA,NA,NA
"W7128733067","Cellulose reinforced potato-tapioca starch films-preparation and characterization","Jayasudha Jayalakshmi Balraj; Kartikeya Shukla; Arunagiri Appusamy; Muthukumar Karuppan","2026-02-12",4,"",NA,NA,NA,"openalex",FALSE,FALSE,NA,NA,NA
"W7128680920","Sustainable Bioactive Films From Avocado Seed Starch: Biodegradable Extruded Materials Reinforced With Starch Nanocrystals for Active Packaging","Pedro Francisco Muñoz‐Gimena; Anselmo del Prado Abellán; Gema Rodríguez; Alejandro Aragón‐Gutiérrez; Laura Peponi; Diego López","2026-02-12",4,"ABSTRACT Biodegradable films were developed from starch extracted from avocado seeds (ASS) and reinforced with starch nanocrystals (SNCs) to investigate the effect of nanofiller incorporation on thermal, mechanical, barrier, antioxidant, and antimicrobial properties. Thermogravimetric analysis showed that the incorporation of SNCs improved thermal stability, with higher onset degradation temperatures compared to the neat ASS film. Furthermore, water vapor permeability decreased significantly with increasing SNC content (from 1.64 × 10⁻⁹ to 0.92 × 10⁻⁹ g·s⁻¹·m⁻¹·Pa⁻¹), indicating enhanced barrier performance attributed to the tortuous path effect introduced by the nanocrystals. Interestingly, all films exhibited remarkable antioxidant and antimicrobial activity ( Staphylococcus aureus ) due to the intrinsic bioactive compounds present in ASS. The incorporation of SNCs further enhanced antioxidant activity, from 45 to 63 mmol TEAC/g at 3% SNC loading. All formulations exhibited comparable disintegration under composting conditions, achieving near complete degradation within 28 days. These findings highlight that ASS‐based films reinforced with SNCs combine improved functional properties with inherent bioactivity, positioning them as promising candidates for active and sustainable food packaging applications.",NA,"https://doi.org/10.1002/efd2.70130",NA,"openalex",FALSE,FALSE,NA,NA,NA
"W7128713277","Overexpression of SlANT1 Enhances Drought Tolerance in Tomato Through Anthocyanin-Mediated Antioxidant Protection and Metabolic Reprogramming","Jiayi Liu; Fabi Shen; Qiuwu Jin; Heng Deng; Fusong Wang; Ishaq Muhammad Umer Bin Muhammad; Haitao Huang; Yongfeng Gao","2026-02-12",4,"Open AccessArticle Overexpression of SlANT1 Enhances Drought Tolerance in Tomato Through Anthocyanin-Mediated Antioxidant Protection and Metabolic Reprogramming by Jikai LiuJikai Liu SciProfiles Scilit Preprints.org Google Scholar 1,2,†, Fabi ShenFabi Shen SciProfiles Scilit Preprints.org Google Scholar 1,2,†, Qiuwu JinQiuwu Jin SciProfiles Scilit Preprints.org Google Scholar 1,2, Heng DengHeng Deng SciProfiles Scilit Preprints.org Google Scholar 1,2, Fei WangFei Wang SciProfiles Scilit Preprints.org Google Scholar 1,2, Ishaq Muhammad Umer Bin MuhammadIshaq Muhammad Umer Bin Muhammad SciProfiles Scilit Preprints.org Google Scholar 3, Haitao HuangHaitao Huang SciProfiles Scilit Preprints.org Google Scholar 4 and Yongfeng GaoYongfeng Gao SciProfiles Scilit Preprints.org Google Scholar 1,2,* 1 College of Life Sciences and Agri-Forestry, Southwest University of Science and Technology, Mianyang 621010, China 2 Engineering Research Center of Biomass Materials, Ministry of Education, Southwest University of Science and Technology, Mianyang 621010, China 3 National Institute for Genomics and Advanced Biotechnology, National Agricultural Research Centre (NARC), Islamabad 45500, Pakistan 4 Mianyang Academy of Agricultural Sciences, Mianyang 621023, China * Author to whom correspondence should be addressed. † These authors contributed equally to this work. Plants 2026, 15(4), 579; https://doi.org/10.3390/plants15040579 Submission received: 27 January 2026 / Revised: 7 February 2026 / Accepted: 10 February 2026 / Published: 12 February 2026 (This article belongs to the Special Issue Biotic and Abiotic Stresses: Epigenetic and Transcriptional Control of Plant Adaptation) Download keyboard_arrow_down Download PDF Download PDF with Cover Download XML Download Epub Download Supplementary Material Browse Figures Versions Notes Abstract Drought stress significantly limits crop yield by disturbing plant water status and redox homeostasis, leading to oxidative stress and growth suppression. Anthocyanins, with their strong antioxidant properties, are closely linked to abiotic stress adaptation. The R2R3-MYB transcription factor SlANT1 promotes anthocyanin biosynthesis in tomato, yet its role in drought resistance remains poorly understood. This study explored the function of SlANT1 in tomato under drought conditions. SlANT1 expression was upregulated under both drought and high salinity. The overexpression of SlANT1 resulted in higher anthocyanin accumulation and reduced leaf and stem dimensions. Under drought, SlANT1-overexpression (SlANT1-OE) plants maintained a greater leaf relative water content, showed less negative water potential, wilted less, and recovered faster after rewatering. These plants also accumulated lower levels of reactive oxygen species (ROS) and malondialdehyde (MDA). While antioxidant enzyme activities were generally reduced, anthocyanin-dependent ROS scavenging was significantly enhanced. SlANT1 overexpression also modulated carbohydrate metabolism and aquaporin gene expression, elevating sucrose, fructose, glucose, and soluble protein while decreasing starch, thereby supporting osmotic adjustment. Notably, while stomata remained partially open in SlANT1-OE plants during drought, they exhibited reduced stomatal density, which likely compensated for the wider apertures and helped maintain favorable water status, while still sustaining higher photosynthetic rates and photosystem II integrity. These findings demonstrate that SlANT1 enhances drought tolerance through coordinated mechanisms involving anthocyanin-mediated antioxidant protection, improved water relations, and the reprogramming of carbohydrate and aquaporin pathways. SlANT1 thus represents a promising target for breeding drought-resilient, high-anthocyanin tomato varieties. Keywords: tomato; SlANT1; overexpression; drought tolerance; anthocyanin 1. IntroductionWater deficit caused by drought is one of the most serious environmental limitations impeding global agricultural output. When exposed to drought, plants undergo a rapid decline in leaf water potential (Ψleaf), which leads to stomatal closure, diminished photosynthetic carbon assimilation, and impaired growth [1,2,3]. Crucially, water-deficit stress perturbs the cellular oxidative balance, inducing the excessive accumulation of reactive oxygen species (ROS). These cytotoxic molecules can initiate lipid peroxidation cascades, compromise membrane integrity, and ultimately provoke programmed cell death pathways [4]. To mitigate these adverse effects, plants have developed diverse adaptation mechanisms encompassing morphological adjustments, physiological responses, and molecular regulation involving stress-responsive genes and transcription factors [5,6].Among the biochemical adaptations, anthocyanins, water-soluble flavonoid polyphenols, serve a dual function as both pigments and potent antioxidants. The accumulation of anthocyanins has been widely reported to correlate with increased resistance to multiple environmental stresses, such as drought [7], salinity [8], and high light [9], primarily through ROS scavenging and cellular protection [10,11]. Anthocyanin biosynthesis is catalyzed by a series of enzymes encoded by structural genes. The expression of these structural genes is directly regulated by transcription factors, including MYB, basic helix–loop–helix (bHLH), and WD40 proteins, as well as the MBW complex formed through their interactions. By binding to cis-regulatory elements in the promoters of structural genes, these transcription factors enable the precise spatiotemporal control of anthocyanin synthesis [12]. In tomato, SlANT1 and SlAN2 were the first R2R3-MYB transcription factors identified as components of this regulatory complex [13,14]. Activation tagging and transgenic approaches have revealed that the constitutive expression of either gene can induce anthocyanin accumulation across various tomato tissues [14,15,16]. However, despite sharing similar biochemical activities, these proteins exhibit distinct regulatory functions and expression patterns. Research demonstrates that SlAN2 serves as the primary mediator of stress-induced anthocyanin accumulation in vegetative tissues, showing strong responsiveness to environmental stimuli including high-light exposure and low-temperature conditions [17]. In contrast, SlANT1 expression remains relatively stable under these conditions [17]. This functional specialization was further corroborated by VIGS, where the silencing of SlAN2, but not SlANT1, reduced stress-induced pigmentation [17]. Recent investigations have revealed that the constitutive expression of SlANT1 not only enhances pigment accumulation but also induces a shade avoidance response (SAR) with altered leaf morphology and photosynthetic efficiency. Metabolic profiling further indicates significant reprogramming of primary metabolism in anthocyanin-rich tissues, suggesting profound physiological adjustments beyond pigment accumulation [18].Despite these advances, significant gaps persist in our understanding of how SlANT1 functions under drought conditions. Although anthocyanin accumulation is generally associated with enhanced stress tolerance, the specific contribution of SlANT1 to drought adaptation has yet to be clarified. Moreover, the potential trade-offs between constitutive anthocyanin production and normal growth and development need systematic evaluation. To address these gaps, we examined SlANT1 expression under drought and salt stress, generated SlANT1-overexpression (SlANT1-OE) tomato lines, and examined their phenotypic and biochemical changes under normal growth conditions. We further evaluated the effect of SlANT1 overexpression on drought tolerance in terms of leaf water status, ROS metabolism, photosynthetic performance and osmotic adjustment, and explored potential molecular mechanisms by examining the transcription levels of key genes involved in sugar metabolism and aquaporin-encoding genes. Our findings showed that SlANT1 overexpression enhanced anthocyanin accumulation, improved antioxidant capacity, maintained higher Ψleaf and relative water content (RWC) by optimizing stomatal opening and closing as well as reducing stomatal density, and altered carbohydrate metabolism and aquaporin expression, thereby conferring drought tolerance in tomato.In summary, SlANT1 serves as a central regulator that coordinates anthocyanin biosynthesis and abiotic stress responses, offering a valuable genetic candidate for enhancing anthocyanin content and drought resilience in tomato through molecular breeding approaches. 2. Results 2.1. Expression Pattern of SlANT1 in Response to Abiotic StressTo investigate whether SlANT1 is involved in the abiotic stress response in tomato, 4-week-old tomato seedlings were subjected to drought and salt treatments, respectively, and leaf tissues were sampled for analysis of SlANT1 expression. The data revealed that, in leaves, SlANT1 expression was significantly upregulated by drought, reaching a 3.81-fold increase compared with the control on day 15 after withholding water, and subsequently returned to basal levels following re-watering (Figure 1a). In addition, SlANT1 expression also responded to NaCl treatment, though with a weaker induction compared to drought stress. The transcript levels reached 1.58- and 1.25-fold of the control on days 3 and 5, respectively (Figure 1b). These findings confirm that SlANT1 could be responsive to both drought and salt stress, pointing to its involvement in the adaptation of tomato to such conditions. 2.2. Effects of SlANT1 Overexpression on Tomato Growth Under Normal Growth ConditionsTo elucidate the biological role of SlANT1, a series of SlANT1-OE transgenic tomato lines were developed. Quantitative real-time PCR (qRT-PCR) analysis showed that, in lines 5, 9, and 10, the expression level of SlANT1 was 152.11, 163.97, and 202.89 folds that of wild-type (WT) plants, respectively (Figure 1c), indicating successful overexpression of SlANT1 in these lines.Consistent with previous reports, SlANT1 overexpression markedly increased anthocyanin accumulation in tomato plants, and the leaves and stems of SlANT1-OE plants exhibited a deep purple coloration (Figure 1d,e). In addition, transgenic plants had smaller leaves and thinner stems; their leaf area and stem diameter were only 59.1–72.8% and 64.4–69.4% of those of wild-type plants, respectively (Figure 1f,g). We also measured the plant height and found that, from week 2 to week 7 after sowing, SlANT1-OE lines were significantly shorter than wild-type plants. However, this height difference was no longer significant from week 8 onward (Figure 1h). These results demonstrate that SlANT1 overexpression enhanced anthocyanin accumulation in tomato tissues, but to a certain extent suppressed plant growth. 2.3. Overexpression of the SlANT1 Gene Enhances Drought Tolerance in TomatoTo determine the function of SlANT1 under drought, four-week-old tomato seedlings were subjected to soil drought. As presented in Figure 2a, wilting was observed in WT plants at 15 days after withholding water, whereas the three SlANT1-OE lines showed no wilting and maintained normal growth. At 23 days of drought, both WT and SlANT1-OE plants exhibited wilting, but WT plants displayed more severe symptoms, with the apical bud completely dehydrated and lower leaves turning yellow, whereas SlANT1-OE plants showed only moderate leaf wilting with upright stems. Following re-watering, SlANT1-OE plants recovered to normal growth by day 2, whereas WT plants were completely desiccated and the apical bud failed to resume growth.We further assessed the water status of tomato leaves. Under well-watered conditions, leaf RWC remained comparable between SlANT1-OE and wild-type plants. Upon drought treatment, however, SlANT1-OE leaves maintained a significantly higher RWC compared to WT (Figure 2b). In addition, the Ψleaf, a direct measure of plant water status, was evaluated at 14:00 and 21:00 under both control and drought conditions. At both sampling times, the Ψleaf was markedly less negative in SlANT1-OE plants, indicating that these plants sustained a more favorable water status and experienced lower physiological stress during drought (Figure 2c).Staining with nitroblue tetrazolium (NBT) and 3,3’-diaminobenzidine (DAB) staining revealed extensive blue (NBT) and brown (DAB) signals in WT leaves after drought treatment, whereas SlANT1-OE tomato leaves exhibited markedly reduced staining areas (Figure 3a,b). Consistent with the staining results, quantitative assays showed that drought-induced O2•− and H2O2 contents in SlANT1-OE leaves were only 43.3–52.0% and 55.2–59.7% of those in WT leaves, respectively (Figure 3c,d). Furthermore, although drought stress significantly increased malondialdehyde (MDA) levels in WT leaves, its content in SlANT1-OE plants was notably lower, reaching only 40.1–43.6% of the WT values (Figure 3e). These findings collectively indicate that SlANT1 overexpression effectively mitigates drought-induced ROS accumulation, thereby alleviating oxidative damage to cell membranes.To gain deeper insights into the physiological alterations induced by SlANT1 overexpression in tomato plants, we measured leaf gas exchange and chlorophyll fluorescence parameters. Under well-watered conditions, no marked differences were detected between SlANT1-OE and WT plants regarding net photosynthetic rate, transpiration rate, stomatal conductance, or intercellular CO2 concentration. During drought stress, however, all parameters except intercellular CO2 concentration were significantly higher in SlANT1-OE (Figure 4a–d). A consistent trend was noted in chlorophyll fluorescence: under drought, both photosystem II maximum photochemical quantum yield (Fv/Fm) and photosystem II quantum yield (ΦPSII) remained elevated in SlANT1-OE plants (Figure 4e,f and Supplementary Tables S2 and S3). These findings suggest that SlANT1 overexpression helps maintain photosystem II integrity and photochemical efficiency under drought conditions, thereby sustaining photosynthetic performance. 2.4. Overexpression of the SlANT1 Gene Affects the Antioxidant Capacity of TomatoThe decrease in ROS and MDA levels in transgenic tomato leaves motivated additional research on the antioxidant capacity of the leaves. Enzyme activity assays for superoxide dismutase (SOD), peroxidase (POD), and catalase (CAT) were performed. Under non-stressed conditions, SOD, POD, and CAT activities did not differ significantly between SlANT1-OE and wild-type plants. Upon drought exposure, however, SlANT1-OE plants displayed lower SOD and POD activities relative to the wild type, whereas CAT activity remained statistically similar between the two groups (Figure 5a–c).Anthocyanins are water-soluble flavonoid polyphenols with strong antioxidant properties. In both control and drought conditions, the anthocyanin concentration in SlANT1-OE leaves demonstrated a notably greater level compared to WT. Under well-watered conditions, anthocyanin levels in SlANT1-OE plants were 3.90-, 3.67-, and 3.76-fold those of WT, respectively (Figure 5d). Additionally, the DPPH radical scavenging efficiency of anthocyanin extracts from SlANT1-OE plants exhibited a markedly superior capacity relative to WT samples (Figure 5e). Together, these findings imply that SlANT1 overexpression alleviates drought-induced ROS accumulation likely by enhancing non-enzymatic antioxidant capacity, specifically through elevated anthocyanin content, rather than by boosting enzyme-dependent antioxidant defenses. 2.5. SlANT1 Overexpression Promotes the Accumulation of Osmoprotective Compounds in Tomato LeavesDuring drought, leaf water potential decreases, and plants respond by accumulating solutes to enhance osmotic adjustment. To examine this mechanism, we quantified the levels of key osmotic regulators in tomato leaves. The results from Figure 6 demonstrate that drought treatment decreased the contents of starch and soluble protein, whereas other sugars, including sucrose, fructose, and glucose, and proline, accumulated significantly in tomato leaves. Compared with WT plants, SlANT1-OE lines exhibited a markedly lower starch content, which under drought was only 31.1–39.9% of the WT level. Under non-stress conditions, proline content showed no significant difference among genotypes; however, during drought stress, proline accumulation was markedly lower in SlANT1-OE plants relative to WT. In contrast, sucrose, fructose, glucose, and soluble protein contents were markedly elevated in SlANT1-OE plants. Collectively, these findings indicate that increased SlANT1 expression alters the accumulation of osmotic adjustment substances, potentially contributing to enhanced drought tolerance in tomato. 2.6. Effects of SlANT1 Overexpression on Stomatal Traits in TomatoDuring drought stress, plants commonly reduce transpiration by closing stomata. To determine whether SlANT1 influences drought tolerance through the regulation of stomatal aperture, we observed stomatal morphology and measured related parameters in tomato leaves. Under adequate watering, stomatal apertures did not differ between WT and SlANT1-OE plants, as stomata in both genotypes remained open. After drought treatment, stomata in WT plants were almost completely closed, whereas SlANT1-OE plants retained partially open stomata (Figure 7a), exhibiting a significantly greater stomatal aperture (less length/width ratio) than WT plants (Figure 7b). Notably, the stomatal density in SlANT1-OE leaves was reduced compared to that in WT, reaching only 69.0–70.5% of the wild-type level (Figure 7c). A detached-leaf water loss assay demonstrated that the magnitude of water loss in SlANT1-OE leaves was quantitatively greater than that of WT, even though the disparity was not statistically significant (p > 0.05; Figure 7d). 2.7. Effects of SlANT1 Overexpression on the Transcript Levels of Carbohydrate Metabolism-Related and Aquaporin-Encoding GenesTo further elucidate the molecular mechanism by which SlANT1 regulates carbohydrate accumulation, we analyzed the expression levels of key genes involved in starch degradation (SlBAM1.1, SlBAM3.1) and sucrose metabolism (SlSPS3, SlSUS5) using qRT-PCR. As shown in Figure 8, drought stress obviously induced the expression of SlBAM1.1, SlSPS3, and SlSUS5, whereas SlBAM3.1 expression remained relatively stable. Furthermore, compared with the wild type, the overexpression of SlANT1 significantly upregulated the transcript levels of SlBAM3.1, SlSPS3, and SlSUS5. Although SlBAM1.1 expression was induced by drought, its mRNA levels were comparable between transgenic and wild-type plants.We also investigated aquaporins, membrane-localized channel proteins that facilitate selective water transport. Transcript analysis primarily focused on the expression of the tomato NIP (Nodulin-26-like Intrinsic Protein) subfamily under drought conditions. As depicted in Figure 9, the overexpression of SlANT1 robustly upregulated SlNIP2, SlNIP3, SlNIP4, SlNIP5, SlNIP8, and SlNIP10. In particular, SlNIP4 was upregulated by 31.29, 25.39, and 26.54 folds in drought-treated SlANT1-OE leaves compared with the respective controls (Figure 9). By contrast, the transcript levels of SlNIP6 and SlNIP11 remained statistically unchanged between WT and SlANT1-OE plants across all tested conditions (Figure 9). The experimental results described above demonstrate that SlANT1 overexpression enhances osmotic adjustment and water transport capacity in tomato under drought stress by coordinately upregulating key carbohydrate metabolism genes and aquaporin genes. 3. DiscussionThe present study identified SlANT1 as a drought- and salt-responsive gene. The overexpression of the SlANT1 gene substantially elevated anthocyanin accumulation, moderately affected plant morphology, and markedly improved drought resilience. This enhanced tolerance was attributed to multiple physiological adjustments, including optimized water status, increased antioxidant activity, sustained photosynthetic function, and the coordinated regulation of carbohydrate metabolism and aquaporin gene expression. In summary, these findings establish SlANT1 not merely as a crucial regulator in anthocyanin biosynthesis but also as an integrative center coordinating drought adaptation in tomatoes. 3.1. SlANT1-Mediated Anthocyanin Accumulation Confers Drought Tolerance via ROS ScavengingSlANT1 was originally identified through an activation tagging screen. Its insertion mutant exhibits a pronounced deep purple phenotype as early as the shoot formation stage [14]. The overexpression of SlANT1 in both tomato and tobacco also markedly increases anthocyanin accumulation in transgenic plants [14,15,17,18]. In this study, driving the continuous expression of SlANT1 using the 35S promoter in tomato resulted in transgenic plants with a deep purple coloration in all tissues (Figure 1d,e) and significantly higher anthocyanin levels in leaves relative to WT (Figure 5d), which is consistent with previous reports.Numerous in vitro studies have demonstrated that anthocyanins possess a strong antioxidant capacity [19]; however, their in vivo role in plant stress tolerance remains debated. A major argument against the antioxidant hypothesis is the subcellular compartmentalization of anthocyanins: after their synthesis in the cytoplasm, anthocyanins are rapidly moved to and kept in the vacuole [20]. On the other hand, ROS are mainly formed in cell organelles like mitochondria [21], chloroplasts [22], and peroxisomes [23], and the ROS produced in these compartments cannot readily cross the tonoplast to enter the vacuole. Consequently, anthocyanins within the vacuole are unable to directly scavenge these ROS. Nevertheless, live-imaging studies using H2O2 have shown that cells accumulating anthocyanins exhibit a higher antioxidant capacity in vivo [24]. Cerqueira et al. [25] proposed that, upon ROS accumulation, vacuolar anthocyanins are hydrolyzed by glucosidase and the resulting aglycones are translocated to the cytosol, where they contribute to ROS homeostasis either directly as H-donors and single-electron donors or indirectly through the action of peroxidases. In the current study, drought stress induced substantial ROS accumulation in tomato plants. Nevertheless, SlANT1-OE lines exhibited significantly lower O2•− and H2O2 levels than the wild type, with O2•− content even reduced under well-watered conditions (Figure 3c,d). Interestingly, antioxidant enzyme activities did not increase in these transgenic plants; rather, they were notably suppressed under drought (Figure 5a–c). This may reflect a compensatory or synergistic function of anthocyanins within the antioxidant network, as supported by the markedly stronger DPPH radical-scavenging capacity observed in anthocyanin extracts from transgenic plants (Figure 5e). Together, these results demonstrate that SlANT1-driven anthocyanin accumulation contributes to ROS detoxification during drought, although the underlying molecular mechanisms warrant further investigation. 3.2. SlANT1 Enhances Drought Tolerance by Coordinating Stomatal Aperture, Density, and PhotosynthesisUnder drought stress, Ψleaf and leaf RWC decrease systematically, representing the most direct and sensitive physiological indicators of tissue water deficit [26]. In this study, SlANT1-OE plants exhibited significantly higher Ψleaf and RWC than wild-type plants under drought (Figure 2b,c), indicating a lower degree of cellular dehydration that was consistent with their milder wilting phenotype under stress.Stomata serve as the principal structures for gas exchange, facilitating CO2 assimilation and water vapor release, and are crucial for sustaining water homeostasis, nutrient assimilation, and photosynthetic activity [27]. During drought, plants commonly close their stomata to restrict transpiration, thereby reducing water loss. However, this adaptive response often results in several physiological drawbacks, including decreased tissue hydration, reduced nutrient uptake, restricted CO2 diffusion, lower photosynthetic efficiency, limited evaporative cooling, and suppressed growth [28]. In the present study, under drought, while wild-type leaves completely closed their stomata, SlANT1-OE plants maintained partially open stomata (Figure 7a,b). This strategy may minimize water loss while still allowing CO2 diffusion into mesophyll cells. The resulting balance between water conservation and gas exchange contributed to the maintenance of photosynthetic performance, as SlANT1-OE leaves showed higher net Pn, Fv/Fm, and ΦPSII than WT leaves under drought (Figure 4a,e,f). Numerous studies have indicated that stomatal closure is largely mediated by hormonal imbalances (e.g., ABA, JA, SA) and excessive ROS accumulation, such as H2O2, O2•−, and •OH [29]. Under drought, SlANT1-OE plants exhibited markedly lower ROS levels compared to the wild type (Figure 3c,d), which may partially explain their ability to maintain partially open stomata. In addition to stomatal aperture, stomatal density also influences water loss [30]. Evidence indicates that reduced stomatal density correlates with improved drought tolerance across diverse plant species, including Arabidopsis [31], barley [32], tobacco [33,34], poplar [35], and rice [36]. In the present study, the stomatal density of SlANT1-OE tomato was only 69.0–70.5% of that in WT (Figure 7c). This reduced density further contributed to lower water loss (Figure 7d).In addition to stomatal regulation, reduced leaf size is a well-documented drought-avoidance trait that minimizes transpirational water loss [37]. Consistent with this, SlANT1-OE lines in the present study exhibited smaller leaf and stem dimensions, phenotypes that are indicative of programmed drought-avoidance traits. However, it is also important to consider that the reduction in leaf and stem size may arise from the metabolic cost associated with enhanced anthocyanin biosynthesis. Anthocyanin synthesis requires substantial carbon skeletons, energy, and precursor molecules (e.g., phenylalanine and flavonoid intermediates), which can directly compete with primary metabolic processes such as cell division and expansion [38]. This competition may impose a metabolic burden that leads to growth suppression, thereby linking resource allocation to pigment production with the observed architectural changes. In summary, SlANT1 overexpression increased tomato drought resistance by coordinately controlling stomatal aperture and density, which enhances carbon fixation capabilities while reducing transpiration-induced water loss, ultimately leading to higher water-use efficiency. 3.3. SlANT1 Enhances Drought Tolerance via Modulating Starch Degradation and Sugar-Mediated Osmotic AdjustmentOsmotic adjustment is a vital physiological mechanism through which organisms regulate the balance of solute concentrations inside and outside cells in response to environmental stresses such as drought and salinity [39]. This strategy relies on the accumulation of organic osmolytes or inorganic ions, which collectively lower the cytoplasmic osmotic potential, thereby supporting continued water uptake and preventing dehydration [40]. Common compatible solutes include sugars, amino acids, and polyols [41]. These solutes could help stabilize proteins, protect membranes, and alleviate oxidative damage under stress [42]. Starch, the predominant carbohydrate reserve in plants, plays an important role in responding to abiotic stresses like drought, salinity, and temperature extremes [43]. Under such conditions, starch is hydrolyzed into soluble sugars, thereby maintaining cellular sugar homeostasis. These sugars can compensate for diminished photosynthesis and function as protective osmolytes to counteract osmotic stress [44,45,46]. In this study, drought treatment significantly reduced leaf starch content while elevating sucrose, fructose, and glucose levels in tomato leaves (Figure 6a–d), which parallels earlier reports in Trifolium repens [47]. Moreover, in SlANT1-OE tomato plants, leaf starch content was lower, whereas sucrose, fructose, and glucose contents were obviously higher than in the WT under both optimal and drought conditions (Figure 6a–d). These results indicate that SlANT1 overexpression accelerates starch breakdown and promotes soluble sugar accumulation to achieve osmotic adjustment, ultimately enhancing drought tolerance in tomato.Starch degradation is regulated through a coordinated enzymatic cascade [48]. A key enzyme in this catabolic process is β-amylase, a protein encoded by BAM genes. β-amylase hydrolyzes α-1,4-glycosidic linkages at the non-reducing ends of polysaccharides to yield maltose [49]. In Arabidopsis, mutations in BAM1 severely disrupt drought stress-induced starch degradation and decrease the build-up of sucrose and proline [46,50,51]. However, during drought or osmotic stress conditions, bam3 mutants can still efficiently activate starch degradation [46,49,51]. These findings suggest that, in Arabidopsis, starch breakdown elicited by drought or osmotic stress is largely governed by BAM1 as opposed to BAM3. A recent study in tomato showed that long-term drought treatment (33% of the plant’s daily water requirement for 30 days) reduced starch content by 60% in flower pistils and by 75% in leaves. This treatment did not alter the expression of SlBAM1.1 but significantly downregulated SlBAM3.1 in mature leaves [52]. In the present study, 15-day drought elevated SlBAM1.1 transcript levels ~5.85-fold in wild-type leaves, while SlBAM3.1 expression remained stable (Figure 8a,b). The observed difference may be explained by the shorter drought treatment duration used in our study (15 days without irrigation). We also found that the overexpression of SlANT1 did not significantly alter SlBAM1.1 transcript levels but markedly upregulated SlBAM3.1 (Figure 8b). Together with the observed changes in starch content (Figure 6a), these findings indicate that SlANT1 might promote starch degradation through the upregulation of SlBAM3.1 expression.Sucrose biosynthesis in plants primarily follows two pathways. The major route involves sucrose-phosphate synthase (SPS). SPS mediates the conversion of UDP-glucose and fructose-6-phosphate to sucrose-6-phosphate, followed by dephosphorylation to sucrose. Alternatively, sucrose synthase (SuSy) reversibly synthesizes sucrose from UDP-glucose and fructose, with its direction influenced by substrate concentration, energy status, and subcellular compartmentalization [53,54]. In Arabidopsis, the AtSPS gene family comprises four members. Studies have shown that the spsa1/spsc double mutant exhibits altered plant morphology as well as changes in sucrose biosynthesis and export [55]. SPSA2 expression is upregulated under drought stress. Loss-of-function mutants of SPSA2 show reduced proline, increased lipid peroxidation, and ~50% lower total soluble sugars and fructose compared to the wild type [56]. In tomato, SlSUS3 is a cold-inducible gene. Its overexpression improves cold tolerance by raising proline and soluble sugar levels and enhancing antioxidant capacity [57]. Recent work also links SlSUS3 to floral and seed development via the modulation of sugar and spermidine concentrations [58]. Here, irrespective of water status, SlANT1 overexpression significantly elevated the expression of SlSPSB and SlSUS5 genes (Figure 8c,d), suggesting that SlANT1 may promote sucrose, fructose, and glucose accumulation by upregulating these genes. 3.4. SlANT1 Enhances Drought Tolerance by Upregulating NIP Aquaporins to Improve Water TransportAquaporins are a category of minor integral membrane proteins defined by the possession of major intrinsic protein (MIP) domains and are situated within cellular membranes [59]. Plant aquaporins are grouped into five subfamilies, among which the NIP subfamily is unique to plants and is widely involved in the transport of various solutes and elements, including water, glycerol [60,61], lactic acid [62], boron [63], and silicon [64]. Functional studies have shown that CsNIP5;1 reduces moisture loss in Arabidopsis rosette leaves and facilitates seed germination when exposed to hyperosmotic stress [65]. It has also been documented that overproducing CsNIP5;1 in citrus can mitigate water loss in fruit and callus while stored [66]. In tomato, 12 NIP members have been identified [67]. In the present study, we randomly selected eight of these genes for expression analysis and found that, irrespective of optimal watering or drought-induced stress, the transcriptional activity of SlNIP2, SlNIP3, SlNIP4, SlNIP5, SlNIP8, and SlNIP10 was markedly enhanced in plants with elevated SlANT1 levels (Figure 9). These outcomes imply that SlANT1 may enhance water acquisition and transport within tomato by augmenting the expression of these SlNIPs, thereby improving drought tolerance. 3.5. Limitations of the StudySeveral limitations should be acknowledged in the present study. First, although SlANT1 expression was induced by both drought and salinity stress, we focused our functional analysis exclusively on drought tolerance because of the higher induction magnitude under water deficit. Consequently, the potential role of SlANT1 in salt tolerance remains unexplored and represents an important direction for future investigation. Second, our conclusions are based solely on gain-of-function analyses. Loss-of-function lines, such as silencing or knockout mutants, were not generated in this work. Thus, the full functional spectrum of SlANT1 in drought response cannot be conclusively defined. Third, transcriptional changes in carbohydrate metabolism and aquaporin genes suggest that SlANT1 may directly modulate these pathways. However, whether this regulation is direct or indirect remains unclear. Additional experiments, such as promoter-binding assays and genetic interaction tests, are required to resolve this question. Addressing these issues will provide a more comprehensive understanding of SlANT1 function in tomato abiotic stress adaptation. 4. Materials and Methods 4.1. Plant Material and Growth ConditionsTomato (Solanum lycopersicum L.) cultivar Ailsa Craig (LA2838A) was used as wild-type (WT) tomato. Both WT and SlANT1-overexpression (SlANT1-OE) plants were cultivated in a greenhouse under long-day conditions (16 h light/8 h dark) with day/night temperatures of 26/18 °C and relative humidity kept between 50 and 60%. 4.2. Plasmid Construction and Tomato TransformationThe CDS of SlANT1 (NM_001247488.1) was amplified from tomato leaf cDNA using SlANT1-OE-F/R (Supplementary Table S1). The resulting 825 bp fragment was then inserted into the binary vector pBI121 via restriction enzyme digestion and ligation, yielding the recombinant plasmid pBI121-35Spro::SlANT1.Tomato transformation was conducted according to the protocol of Fillatti et al. [68]. Genetically modified tomatoes were first screened on a medium containing the corresponding antibiotic (70 mg/L kanamycin) and then planted in soil. DNA was extracted from tomato leaves using the CTAB method, and the NPTII gene on the pBI121 vector was specifically amplified using the NPTII-F/R primers (Supplementary Table S1). Plants that produced a band of the correct size were identified as transgenic plants. Subsequently, the expression level of SlANT1 in transgenic plants was detected using qRT-PCR to obtain the T0 generation plants. Following the method described by Gao et al. [69], homozygous T2 generation plants were further screened and subjected to phenotypic analysis. 4.3. Drought Stress and Salinity TreatmentsTomato seeds were initially sown in soil. Following one week of germination, the seedlings were potted in equal volumes of growth substrate and kept in a greenhouse under standard watering conditions for three weeks. Subsequently, the drought stress group underwent a 23-day water withholding period, whereas the control group received consistent irrigation. Re-watering was conducted at the conclusion of the drought phase. Imaging was performed during the drought treatment (days 15 and 23) and two days after re-watering. Leaf samples from both control and treated plants were harvested on the 15th day of drought stress, flash-frozen in liquid nitrogen, and stored at −80 °C for downstream biochemical and gene expression analyses.To examine the expression pattern of SlANT1, seedlings subjected to 15 days of drought were re-watered, and leaf tissue samples were obtained 24 h later. In a parallel experiment, four-week-old WT plants were irrigated with 300 mM NaCl solution, and leaf samples were harvested at 0, 1, 3, 5, and 7 days after the initiation of salt treatment. All samples were immediately frozen in liquid nitrogen and stored at −80 °C until RNA extraction. 4.4. Growth and Leaf Parameter Measurements 4.4.1. Plant Height, Stem Diameter and Leaf AreaPlant height was assessed every two days with a ruler after seed germination. At four weeks of age, the stem diameter of tomato seedlings at a fixed distance from the apex was measured with a digital caliper. Fully expanded leaves of the same nodal position were excised and photographed, and their area was determined using ImageJ (v1.53t) software [70]. 4.4.2. Relative Water Content (RWC)Leaves from the same nodal position were harvested and their initial turgid fresh mass (FW) accurately determined by weighing. They were then fully submerged in deionized water and allowed to hydrate for a 24 h period at ambient temperature. Following gentle blotting to remove superficial moisture, their fully turgid mass (TW) was documented. Ultimately, the samples underwent oven-drying until a consistent dry mass (DW) was achieved. RWC was then computed from this data using the formula RWC = (FW-DW)/(TW-DW) × 100 [71]. 4.4.3. Leaf Water Potential (Ψleaf)Ψleaf was assessed daily at 14:00 and 21:00 using a handheld pressure chamber (Model 1505D-EXP Pressure Chamber Instrument, Albany, OR, USA). Leaves were harvested from tomato seedlings and promptly transferred to the measurement chamber. Pressure was gradually increased until the first droplet of tissue fluid exuded from the cut surface, and the pressure value at this point was recorded as Ψleaf (in MPa). 4.4.4. Stomatal MorphologyLeaves from the same nodal position were excised and observed for stomatal morphology under a Leica DMI3000B microscope (Wetzlar, Germany). The stomatal length-to-width ratio and stomatal density were measured using ImageJ software. 4.4.5. Detached-Leaf Water Loss AssayThe determination of transpirational water loss was determined as described by Jia et al. [72]. 4.5. Photosynthesis MeasurementTo assess gas exchange characteristics and chlorophyll fluorescence dynamics, measurements were performed using a LI-6800 portable photosynthesis system (Li-Cor, Lincoln, NE, USA). For the determination of Fv/Fm values, leaf samples underwent 30 min of dark adaptation followed by recording minimal fluorescence (Fo) levels and peak fluorescence (Fm) intensities. The Fv/Fm ratio was then calculated as (Fm − Fo)/Fm. All experiments were conducted under strictly controlled environmental conditions. The PPFD was set at 300 µmol·m−2·s−1, while the ambient CO2 concentration was maintained at 400 µmol·mol−1. Leaf temperature remained constant at 25 °C, and relative humidity was regulated to 65%. 4.6. Determination of H2O2 and O2•− Contents 4.6.1. H2O2 ContentH2O2 content was quantified using the potassium iodide (KI) method [73]. Approximately 0.2 g of leaf tissue was ground in liquid nitrogen and homogenized wih 1 mL of one-step buffer at 4 °C for 10 min. After centrifugation (12,000× g, 15 min, 4 °C), the liquid phase above the pellet was retrieved and analyzed spectrophotometrically at 390 nm. H2O2 content was then quantified by referencing a calibration curve. 4.6.2. O2•− ContentThe hydroxylamine oxidation method was employed to determine the O2•− content. In brief, 1 g of leaf tissue was homogenized in phosphate buffer and centrifuged. The supernatant was then incubated with hydroxylamine hydrochloride, followed by a color development step using sulfanilic acid and α-naphthylamine. Absorbance was measured at 530 nm, and quantification was carried out based on a NaNO2 standard curve. 4.6.3. Histochemical StainingLeaves were vacuum-infiltrated for 10 min with either DAB to visualize H2O2 or NBT for O2•−. The stained leaves were first incubated overnight in darkness. Subsequently, chlorophyll was extracted by boiling them in 95% ethanol until complete decolorization, after which they were ready for imaging. 4.7. Determination of Malondialdehyde (MDA) and Proline Contents 4.7.1. MDAMDA content was measured following a modified protocol based on Zhou and Leul [74]. In brief, leaf tissue (0.3 g) was homogenized with 5% TCA and centrifuged. The supernatant was then reacted with 0.67% TBA at high temperature. After a second centrifugation step, absorbance was measured at 450, 532, and 600 nm. The results were expressed as μmol·g−1 FW. 4.7.2. Free ProlineThe proline concentration was assessed following the protocol of Bates et al. [75]. Leaf material (0.5 g) was extracted with 3% sulfosalicylic acid. The quantification was performed against a standard curve, and the results are presented on a fresh weight basis. 4.8. Antioxidant Enzyme ActivitiesThe activities of SOD, POD, and CAT were determined using their respective commercial assay kits from Nanjing Jiancheng Bioengineering Institute (Nanjing, China). 4.9. Determination of Anthocyanin Content and 1,1-Diphenyl-2-Picylhydrazyl (DPPH) Scavenging Activity 4.9.1. Anthocyanin ContentAnthocyanin contents in tomato leaves were measured using the spectrophotometric method described by Gao et al. [76]. The procedure was as follows: 0.1 g of the ground leaf powder was mixed with 2 mL of methanol containing 0.1% (v/v) HCl and extracted at 4 °C for 12 h. After centrifugation at 12,000 r/min for 5 min, an equal volume of chloroform was added to the supernatant to remove chlorophyll. The aqueous phase was collected, and its absorbance at 530 nm was measured. Anthocyanin content was expressed as A530 per gram FW. 4.9.2. DPPH Radical Scavenging ActivityDPPH radical scavenging activity was measured according to the method of Zhao et al. [77]. A 100 µL aliquot of the anthocyanin extract was mixed with 5 mL of a 0.1 mM DPPH solution prepared in 60% ethanol. After incubation in the dark for 30 min, absorbance was recorded at 517 nm and the scavenging activity was calculated. 4.10. Determination of Carbohydrate and Soluble Protein Contents 4.10.1. Glucose, Starch and Soluble ProteinGlucose, starch and soluble protein contents were assayed using their respective commercial assay kits from Nanjing Jiancheng Bioengineering Institute (China). 4.10.2. FructoseFructose was extracted from 50 mg of dried tomato leaf tissue, which was ground and heated with 4 mL of 80% ethanol at 80 °C for 40 min. After centrifugation at 2500× g for 6 min, the supernatant was treated with activated charcoal and decolorized at 80 °C for 30 min to obtain the fructose extract. For quantification, the extract was mixed with 0.1% resorcinol and 10 mol/L HCl, heated at 80 °C for 10 min, and absorbance was read at 480 nm. Fructose content was determined using a standard curve prepared from fructose reference solutions. 4.10.3. SucroseSucrose extraction followed the same procedure as described for fructose. To determine sucrose concentration, the extract was first treated with 2 mol/L NaOH and heated in a boiling water bath for 5 min. After cooling to room temperature, 10 mol/L HCl and 0.1% resorcinol were introduced, followed by incubation at 80 °C for 10 min. Absorbance was then measured at 480 nm, and sucrose content was calculated based on a calibration curve. 4.11. RNA Extraction and Quantitative Real-Time PCR (qRT-PCR) AssaysThe total RNA was isolated from tomato leaves with the RNA Easy-Fast Plant Tissue Kit (TIANGEN, Beijing, China), followed by cDNA synthesis using the EasyScript First-Strand cDNA Synthesis SuperMix (TransGen Biotech, Beijing, China). qRT-PCR was performed on a CFX96 Real-Time System (Bio-Rad, Hercules, CA, USA) with TransStart Green qPCR SuperMix UDG (TransGen Biotech). SlUBI3 served as the internal control gene. Primer sequences are provided in Supplementary Table S1. 4.12. Statistical AnalysisUnless otherwise stated, each experiment included at least three biological replicates. All results are expressed as mean ± SD. Significant differences (p < 0.05) in plant height between transgenic lines and WT in each time point were analyzed using one-way ANOVA with the Least Significance Difference (LSD) test using the SPSS software (IBM SPSS Statistics 20). Significant differences (* p < 0.05, ** p < 0.01) in other parameter results between transgenic lines and WT were analyzed using Student’s t-test in GraphPad Prism (v8.0.1). All graphs were generated using GraphPad Prism (v8.0.1). 5. ConclusionsThis study establishes that SlANT1 functions as a key regulator enhancing drought tolerance in tomato through a coordinated physiological strategy. Under drought stress, SlANT1-overexpressing plants maintained a superior water status, as evidenced by a higher leaf relative water content, less negative water potential, and accelerated post-stress recovery. These improvements were accompanied by a marked reduction in oxidative damage, with a decreased accumulation of ROS and MDA, highlighting an enhanced antioxidant protection primarily mediated by elevated anthocyanin levels. Furthermore, SlANT1 overexpression reprogrammed carbohydrate metabolism, increasing soluble sugars and proteins while reducing starch content, thereby supporting osmotic adjustment. The observed upregulation of specific aquaporin genes suggests an improved water transport capacity. Notably, SlANT1-OE plants sustained partial stomatal opening during drought, which preserved higher photosynthetic rates and photosystem II activity. Collectively, these findings demonstrate that SlANT1 integrates anthocyanin-mediated antioxidant defense, optimized water relations, and metabolic adjustments to enhance drought resilience, positioning it as a valuable target for developing stress-tolerant tomato varieties. Supplementary MaterialsThe following supporting information can be downloaded at: https://www.mdpi.com/article/10.3390/plants15040579/s1, Table S1: Genes and corresponding specific primer sequences used in this study; Table S2: Fv/Fm in WT and SlANT1-OE plants after 15 days of drought stress; Table S3: ΦPSII in WT and SlANT1-OE plants after 15 days of drought stress.Author ContributionsConceptualization, J.L. and Y.G.; validation, J.L., F.S. and Q.J.; formal analysis, J.L. and I.M.U.B.M.; investigation, J.L., F.S., Q.J. and F.W.; resources, Y.G.; data curation, J.L. and I.M.U.B.M.; writing—original draft preparation, J.L. and F.S.; writing—review and editing, J.L., H.D., H.H. and Y.G.; visualization, J.L.; supervision, H.D. and Y.G.; funding acquisition, J.L. and Y.G. All authors have read and agreed to the published version of the manuscript.FundingThis work was supported by Sichuan Science and Technology Program (2024NSFSC1308 and 2024NSFSC1301).Data Availability StatementData are contained within the article and Supplementary Materials.Conflicts of InterestThe authors declare no conflicts of interest.ReferencesMartínez-Vilalta, J.; Garcia-Forner, N. Water potential regulation, stomatal behaviour and hydraulic transport under drought: Deconstructing the iso/anisohydric concept. Plant Cell Environ. 2016, 40, 962–976. [Google Scholar] [CrossRef]Rhaman, M.S.; Shirazy, B.J.; Kadri, O.; Jahan, I.; Shaiek, O.; Ye, W.; Brestic, M.; Farooq, M.; Murata, Y. Stomatal signaling under drought: Integrating hormonal pathways for crop resilience. Plant Cell Rep. 2025, 44, 259. [Google Scholar] [CrossRef] [PubMed]Xu, Y.; Jiang, L.; Gao, J.; Zhang, W.; Zhang, M.; Liu, C.; Jia, J. Molecular Regulation of Photosynthetic Carbon Assimilation in Oat Leaves Under Drought Stress. Plants 2024, 13, 3317. [Google Scholar] [CrossRef] [PubMed]Choudhury, F.K.; Rivero, R.M.; Blumwald, E.; Mittler, R. Reactive oxygen species, abiotic stress and stress combination. Plant J. 2017, 90, 856–867. [Google Scholar] [CrossRef]Fang, Y.; Xiong, L. General mechanisms of drought response and their application in drought resistance improvement in plants. Cell. Mol. Life Sci. 2014, 72, 673–689. [Google Scholar] [CrossRef]Takahashi, F.; Kuromori, T.; Sato, H.; Shinozaki, K. Regulatory Gene Networks in Drought Stress Responses and Resistance in Plants. Adv. Exp. Med. Biol. 2018, 1081, 189–214. [Google Scholar] [CrossRef]Cirillo, V.; D’Amelia, V.; Esposito, M.; Amitrano, C.; Carillo, P.; Carputo, D.; Maggio, A. Anthocyanins Are Key Regulators of Drought Stress Tolerance in Tobacco. Biology 2021, 10, 139. [Google Scholar] [CrossRef]Dabravolski, S.A.; Isayenkov, S.V. The Role of Anthocyanins in Plant Tolerance to Drought and Salt Stresses. Plants 2023, 12, 2558. [Google Scholar] [CrossRef]Ferreyra, M.L.F.; Serra, P.; Casati, P. Recent advances on the roles of flavonoids as plant protective molecules after UV and high light exposure. Physiol. Plant 2021, 173, 736–749. [Google Scholar] [CrossRef]Naing, A.H.; Kim, C.K. Abiotic stress-induced anthocyanins in plants: Their role in tolerance to abiotic stresses. Physiol. Plant. 2021, 172, 1711–1723. [Google Scholar] [CrossRef] [PubMed]Xu, Z.; Rothstein, S.J. ROS-Induced anthocyanin production provides feedback protection by scavenging ROS and maintaining photosynthetic capacity in Arabidopsis. Plant Signal. Behav. 2018, 13, e1451708. [Google Scholar] [CrossRef] [PubMed]Albert, N.W.; Davies, K.M.; Lewis, D.H.; Zhang, H.; Montefiori, M.; Brendolise, C.; Boase, M.R.; Ngo, H.; Jameson, P.E.; Schwinn, K.E. A Conserved Network of Transcriptional Activators and Repressors Regulates Anthocyanin Pigmentation in Eudicots. Plant Cell 2014, 26, 962–980. [Google Scholar] [CrossRef] [PubMed]De Jong, W.S.; Eannetta, N.T.; De Jong, D.M.; Bodis, M. Candidate gene analysis of anthocyanin pigmentation loci in the Solanaceae. TAG. Theor. Appl. Genet. Theor. Angew. Genet. 2004, 108, 423–432. [Google Scholar] [CrossRef] [PubMed]Mathews, H.; Clendennen, S.K.; Caldwell, C.G.; Liu, X.L.; Connors, K.; Matheis, N.; Schuster, D.K.; Menasco, D.J.; Wagoner, W.; Lightner, J.; et al. Activation tagging in tomato identifies a transcriptional regulator of anthocyanin biosynthesis, modification, and transport. Plant Cell 2003, 15, 1689–1703. [Google Scholar] [CrossRef]Schreiber, G.; Reuveni, M.; Evenor, D.; Oren-Shamir, M.; Ovadia, R.; Sapir-Mir, M.; Bootbool-Man, A.; Nahon, S.; Shlomo, H.; Chen, L.; et al. ANTHOCYANIN1 from Solanum chilense is more efficient in accumulating anthocyanin metabolites than its Solanum lycopersicum counterpart in association with the ANTHOCYANIN FRUIT phenotype of tomato. TAG. Theor. Appl. Genet. Theor. Angew. Genet. 2012, 124, 295–307. [Google Scholar] [CrossRef]Meng, X.; Yang, D.; Li, X.; Zhao, S.; Sui, N.; Meng, Q. Physiological changes in fruit ripening caused by overexpression of tomato SlAN2, an R2R3-MYB factor. Plant Physiol. Biochem. 2015, 89, 24–30. [Google Scholar] [CrossRef]Kiferle, C.; Fantini, E.; Bassolino, L.; Povero, G.; Spelt, C.; Buti, S.; Giuliano, G.; Quattrocchio, F.; Koes, R.; Perata, P.; et al. Tomato R2R3-MYB Proteins SlANT1 and SlAN2: Same Protein Activity, Different Roles. PLoS ONE 2015, 10, e0136365. [Google Scholar] [CrossRef]Cerqueira, J.V.A.; Zhu, F.; Mendes, K.; Nunes-Nesi, A.; Martins, S.C.V.; Benedito, V.; Fernie, A.R.; Zsögön, A. Promoter replacement of ANT1 induces anthocyanin accumulation and triggers the shade avoidance response through developmental, physiological and metabolic reprogramming in tomato. Hortic. Res. 2023, 10, uhac254. [Google Scholar] [CrossRef]Sadowska-Bartosz, I.; Bartosz, G. Antioxidant Activity of Anthocyanins and Anthocyanidins: A Critical Review. Int. J. Mol. Sci. 2024, 25, 12001. [Google Scholar] [CrossRef]Mackon, E.; Ma, Y.; Jeazet Dongho Epse Mackon, G.C.; Li, Q.; Zhou, Q.; Liu, P. Subcellular Localization and Vesicular Structures of Anthocyanin Pigmentation by Fluorescence Imaging of Black Rice (Oryza sativa L.) Stigma Protoplast. Plants 2021, 10, 685. [Google Scholar] [CrossRef]Huang, S.; Van Aken, O.; Schwarzländer, M.; Belt, K.; Millar, A.H. The Roles of Mitochondrial Reactive Oxygen Species in Cellular Signaling and Stress Response in Plants. Plant Physiol. 2016, 171, 1551–1559. [Google Scholar] [CrossRef]Dietz, K.J.; Turkan, I.; Krieger-Liszkay, A. Redox- and Reactive Oxygen Species-Dependent Signaling into and out of the Photosynthesizing Chloroplast. Plant Physiol. 2016, 171, 1541–1550. [Google Scholar] [CrossRef]Sandalio, L.M.; Romero-Puertas, M.C. Peroxisomes sense and respond to environmental cues by regulating ROS and RNS signalling networks. Ann. Bot. 2015, 116, 475–485. [Google Scholar] [CrossRef]Gould, K.S.; McKelvie, J.; Markham, K.R. Do anthocyanins function as antioxidants in leaves? Imaging of H2O2 in red and green leaves after mechanical injury. Plant Cell Environ. 2002, 25, 1261–1269. [Google Scholar] [CrossRef]Cerqueira, J.V.A.; de Andrade, M.T.; Rafael, D.D.; Zhu, F.; Martins, S.V.C.; Nunes-Nesi, A.; Benedito, V.; Fernie, A.R.; Zsögön, A. Anthocyanins and reactive oxygen species: A team of rivals regulating plant development? Plant Mol. Biol. 2023, 112, 213–223. [Google Scholar] [CrossRef] [PubMed]Zia, R.; Nawaz, M.S.; Siddique, M.J.; Hakim, S.; Imran, A. Plant survival under drought stress: Implications, adaptive responses, and integrated rhizosphere management strategy for stress mitigation. Microbiol. Res. 2021, 242, 126626. [Google Scholar] [CrossRef]Farooq, M.; Wahid, A.; Kobayashi, N.; Fujita, D.; Basra, S.M.A. Plant Drought Stress: Effects, Mechanisms and Management. In Sustainable Agriculture; Lichtfouse, E., Navarrete, M., Debaeke, P., Véronique, S., Alberola, C., Eds.; Springer: Dordrecht, The Netherlands, 2009; pp. 153–188. [Google Scholar]Franco-Navarro, J.D.; Padilla, Y.G.; Álvarez, S.; Calatayud, Á.; Colmenero-Flores, J.M.; Gómez-Bellot, M.J.; Hernández, J.A.; Martínez-Alcalá, I.; Penella, C.; Pérez-Pérez, J.G.; et al. Advancements in Water-Saving Strategies and Crop Adaptation to Drought: A Comprehensive Review. Physiol. Plant. 2025, 177, e70332. [Google Scholar] [CrossRef]Liu, H.; Song, S.; Zhang, H.; Li, Y.; Niu, L.; Zhang, J.; Wang, W. Signaling Transduction of ABA, ROS, and Ca2+ in Plant Stomatal Closure in Response to Drought. Int. J. Mol. Sci. 2022, 23, 14824. [Google Scholar] [CrossRef] [PubMed]Farooq, M.; Wahid, A.; Zahra, N.; Hafeez, M.B.; Siddique, K.H.M. Recent Advances in Plant Drought Tolerance. J. Plant Growth Regul. 2024, 43, 3337–3369. [Google Scholar] [CrossRef]Xie, C.; Zhang, R.; Qu, Y.; Miao, Z.; Zhang, Y.; Shen, X.; Wang, T.; Dong, J. Overexpression of MtCAS31 enhances drought tolerance in transgenic Arabidopsis by reducing stomatal density. New Phytol. 2012, 195, 124–135. [Google Scholar] [CrossRef] [PubMed]Hughes, J.; Hepworth, C.; Dutton, C.; Dunn, J.A.; Hunt, L.; Stephens, J.; Waugh, R.; Cameron, D.D.; Gray, J.E. Reducing Stomatal Density in Barley Improves Drought Tolerance without Impacting on Yield. J. Plant Physiol. 2017, 174, 776–787. [Google Scholar] [CrossRef]Wang, H.; Li, N.; Li, H.; Zhang, S.; Zhang, X.; Yan, X.; Wang, Z.; Yang, Y.; Zhang, S. Overexpression of NtGCN2 improves drought tolerance in tobacco by regulating proline accumulation, ROS scavenging ability, and stomatal closure. Plant Physiol. Biochem. 2023, 198, 107665. [Google Scholar] [CrossRef]Gao, Y.; Yang, J.; Duan, W.; Ma, X.; Qu, L.; Xu, Z.; Yang, Y.; Xu, J. NtRAV4 negatively regulates drought tolerance in Nicotiana tabacum by enhancing antioxidant capacity and defence system. Plant Cell Rep. 2022, 41, 1775–1788. [Google Scholar] [CrossRef]Jiao, Z.; Han, S.; Li, Z.; Huang, M.; Niu, M.-X.; Yu, X.; Liu, C.; Wang, H.-L.; Yin, W.; Xia, X. PdEPFL6 reduces stomatal density to improve drought tolerance in poplar. Ind. Crop Prod. 2022, 182, 114873. [Google Scholar] [CrossRef]Caine, R.S.; Yin, X.; Sloan, J.; Harrison, E.L.; Mohammed, U.; Fulton, T.; Biswal, A.K.; Dionora, J.; Chater, C.C.; Coe, R.A.; et al. Rice with reduced stomatal density conserves water and has improved drought tolerance under future climate conditions. New Phytol. 2019, 221, 371–384. [Google Scholar] [CrossRef] [PubMed]Patan, S.S.V.K.; Vallepu, S.; Shaik, K.B.; Shaik, N.; Adi Reddy, N.R.Y.; Terry, R.G.; Sergeant, K.; Hausman, J.F. Drought resistance strategies in minor millets: A review. Planta 2024, 260, 29. [Google Scholar] [CrossRef] [PubMed]Menconi, J.; Perata, P.; Gonzali, S. In pursuit of purple: Anthocyanin biosynthesis in fruits of the tomato clade. Trends Plant Sci. 2024, 29, 589–604. [Google Scholar] [CrossRef]Ozturk, M.; Turkyilmaz Unal, B.; García-Caparrós, P.; Khursheed, A.; Gul, A.; Hasanuzzaman, M. Osmoregulation and its actions during the drought stress in plants. Physiol. Plant 2021, 172, 1321–1335. [Google Scholar] [CrossRef]Zivcak, M.; Brestic, M.; Sytar, O. Osmotic Adjustment and Plant Adaptation to Drought Stress. In Drought Stress Tolerance in Plants, Vol 1: Physiology and Biochemistry; Hossain, M.A., Wani, S.H., Bhattacharjee, S., Burritt, D.J., Tran, L.-S.P., Eds.; Springer International Publishing: Cham, Switzerland, 2016; pp. 105–143. [Google Scholar]Haghpanah, M.; Hashemipetroudi, S.; Arzani, A.; Araniti, F. Drought Tolerance in Plants: Physiological and Molecular Responses. Plants 2024, 13, 2962. [Google Scholar] [CrossRef] [PubMed]Chen, H.; Jiang, J.-G. Osmotic adjustment and plant adaptation to environmental changes related to drought and salinity. Environ. Rev. 2010, 18, 309–319. [Google Scholar] [CrossRef]Thalmann, M.; Santelia, D. Starch as a determinant of plant fitness under abiotic stress. New Phytol. 2017, 214, 943–951. [Google Scholar] [CrossRef] [PubMed]Krasensky, J.; Jonak, C. Drought, salt, and temperature stress-induced metabolic rearrangements and regulatory networks. J. Exp. Bot. 2012, 63, 1593–1608. [Google Scholar] [CrossRef]Dong, S.; Beckles, D.M. Dynamic changes in the starch-sugar interconversion within plant source and sink tissues promote a better abiotic stress response. J. Plant Physiol. 2019, 234–235, 80–93. [Google Scholar] [CrossRef]Thalmann, M.; Pazmino, D.; Seung, D.; Horrer, D.; Nigro, A.; Meier, T.; Kölling, K.; Pfeifhofer, H.W.; Zeeman, S.C.; Santelia, D. Regulation of Leaf Starch Degradation by Abscisic Acid Is Important for Osmotic Stress Tolerance in Plants. Plant Cell 2016, 28, 1860–1878. [Google Scholar] [CrossRef]Lee, B.R.; Jin, Y.L.; Jung, W.J.; Avice, J.C.; Morvan-Bertrand, A.; Ourry, A.; Park, C.W.; Kim, T.H. Water-deficit accumulates sugars by starch degradation—Not by de novo synthesis—In white clover leaves (Trifolium repens). Physiol. Plant 2008, 134, 403–411. [Google Scholar] [CrossRef] [PubMed]Apriyanto, A.; Compart, J.; Fettke, J. A review of starch, a unique biopolymer—Structure, metabolism and in planta modifications. Plant Sci. 2022, 318, 111223. [Google Scholar] [CrossRef]Monroe, J.D.; Storm, A.R.; Badley, E.M.; Lehman, M.D.; Platt, S.M.; Saunders, L.K.; Schmitz, J.M.; Torres, C.E. β-Amylase1 and β-amylase3 are plastidic starch hydrolases in Arabidopsis That Seem to Be Adapted for Different Thermal, pH, and stress conditions. Plant Physiol. 2014, 166, 1748–1763. [Google Scholar] [CrossRef]Prasch, C.M.; Ott, K.V.; Bauer, H.; Ache, P.; Hedrich, R.; Sonnewald, U. ß-amylase1 mutant Arabidopsis plants show improved drought tolerance due to reduced starch breakdown in guard cells. J. Exp. Bot. 2015, 66, 6059–6067. [Google Scholar] [CrossRef]Zanella, M.; Borghi, G.L.; Pirone, C.; Thalmann, M.; Pazmino, D.; Costa, A.; Santelia, D.; Trost, P.; Sparla, F. β-amylase 1 (BAM1) degrades transitory starch to sustain proline biosynthesis during drought stress. J. Exp. Bot. 2016, 67, 1819–1826. [Google Scholar] [CrossRef] [PubMed]al Hassan, M.; Pereira, T.; Boldingh, H.; Allan, A.; Richardson, A.; Nardozza, S. Prolonged high drought stress reduces starch concentration in tomato pistils and leaves without activating degradation pathways. Sci. Hortic. 2025, 349, 114256. [Google Scholar] [CrossRef]Winter, H.; Huber, S.C. Regulation of sucrose metabolism in higher plants: Localization and regulation of activity of key enzymes. Crit. Rev. Biochem. Mol. Biol. 2000, 35, 253–289. [Google Scholar] [CrossRef] [PubMed]Ruan, Y.L. Sucrose metabolism: Gateway to diverse carbon use and sugar signaling. Annu. Rev. Plant Biol. 2014, 65, 33–67. [Google Scholar] [CrossRef]Bahaji, A.; Baroja-Fernández, E.; Ricarte-Bermejo, A.; Sánchez-López, Á.M.; Muñoz, F.J.; Romero, J.M.; Ruiz, M.T.; Baslam, M.; Almagro, G.; Sesma, M.T.; et al. Characterization of multiple SPS knockout mutants reveals redundant functions of the four Arabidopsis sucrose phosphate synthase isoforms in plant viability, and strongly indicates that enhanced respiration and accelerated starch turnover can alleviate the blockage of sucrose biosynthesis. Plant Sci. 2015, 238, 135–147. [Google Scholar] [CrossRef]Bagnato, L.; Tosato, E.; Gurrieri, L.; Trost, P.; Forlani, G.; Sparla, F. Arabidopsis thaliana Sucrose Phosphate Synthase A2 Affects Carbon Partitioning and Drought Response. Biology 2023, 12, 685. [Google Scholar] [CrossRef] [PubMed]Li, S.; Wang, Y.; Liu, Y.; Liu, C.; Xu, W.; Lu, Y.; Ye, Z. Sucrose synthase gene SUS3 could enhance cold tolerance in tomato. Front. Plant Sci. 2024, 14, 1324401. [Google Scholar] [CrossRef]Duan, Y.; Yang, L.; Han, R.; Gu, L.; Guo, J.; Sun, H.; Gong, H. Tomato sucrose synthase SUS3 is involved in flower and seed development. Plant Physiol. Biochem. 2025, 222, 109715. [Google Scholar] [CrossRef] [PubMed]Maurel, C.; Boursiac, Y.; Luu, D.-T.; Santoni, V.; Shahzad, Z.; Verdoucq, L. Aquaporins in Plants. Physiol. Rev. 2015, 95, 1321–1358. [Google Scholar] [CrossRef]Dean, R.M.; Rivers, R.L.; Zeidel, M.L.; Roberts, D.M. Purification and functional reconstitution of soybean nodulin 26. An aquaporin with water and glycerol transport properties. Biochemistry 1999, 38, 347–353. [Google Scholar] [CrossRef]Wallace, I.S.; Roberts, D.M. Distinct transport selectivity of two structural subclasses of the nodulin-like intrinsic protein family of plant aquaglyceroporin channels. Biochemistry 2005, 44, 16826–16834. [Google Scholar] [CrossRef]Choi, W.G.; Roberts, D.M. Arabidopsis NIP2;1, a major intrinsic protein transporter of lactic acid induced by anoxic stress. J. Biol. Chem. 2007, 282, 24209–24218. [Google Scholar] [CrossRef]Takano, J.; Wada, M.; Ludewig, U.; Schaaf, G.; von Wirén, N.; Fujiwara, T. The Arabidopsis major intrinsic protein NIP5;1 is essential for efficient boron uptake and plant development under boron limitation. Plant Cell 2006, 18, 1498–1509. [Google Scholar] [CrossRef]Mitani-Ueno, N.; Yamaji, N.; Zhao, F.J.; Ma, J.F. The aromatic/arginine selectivity filter of NIP aquaporins plays a critical role in substrate selectivity for silicon, boron, and arsenic. J. Exp. Bot. 2011, 62, 4391–4398. [Google Scholar] [CrossRef] [PubMed]Zhang, M.; Zhu, Y.; Yang, H.; Li, X.; Xu, R.; Zhu, F.; Cheng, Y. CsNIP5;1 acts as a multifunctional regulator to confer water loss tolerance in citrus fruit. Plant Sci. 2022, 316, 111150. [Google Scholar] [CrossRef]Zhang, M.; Liu, R.; Liu, H.; Yang, H.; Li, X.; Wang, P.; Zhu, F.; Xu, R.; Xue, S.; Cheng, Y. Citrus NIP5;1 aquaporin regulates cell membrane water permeability and alters PIPs plasma membrane localization. Plant Mol. Biol. 2021, 106, 449–462. [Google Scholar] [CrossRef]Zhang, Y.; Fei, S.; Xu, Y.; He, Y.; Zhu, Z.; Liu, Y. The structure, function and expression analysis of the nodulin 26-like intrinsic protein subfamily of plant aquaporins in tomato. Sci. Rep. 2022, 12, 9180. [Google Scholar] [CrossRef]Fillatti, J.J.; Kiser, J.; Rose, R.; Comai, L. Efficient Transfer of a Glyphosate Tolerance Gene into Tomato Using a Binary Agrobacterium Tumefaciens Vector. Nat. Biotechnol. 1987, 5, 726–730. [Google Scholar] [CrossRef]Gao, Y.F.; Liu, J.K.; Yang, F.M.; Zhang, G.Y.; Wang, D.; Zhang, L.; Ou, Y.B.; Yao, Y.A. The WRKY transcription factor WRKY8 promotes resistance to pathogen infection and mediates drought and salt stress tolerance in Solanum lycopersicum. Physiol. Plant 2020, 168, 98–117. [Google Scholar] [CrossRef]Maloof, J.N.; Nozue, K.; Mumbach, M.R.; Palmer, C.M. LeafJ: An ImageJ plugin for semi-automated leaf shape measurement. J. Vis. Exp. JoVE 2013, 50028. [Google Scholar] [CrossRef]Smart, R.E.; Bingham, G.E. Rapid estimates of relative water content. Plant Physiol. 1974, 53, 258–260. [Google Scholar] [CrossRef] [PubMed]Jia, H.; Wang, C.; Wang, F.; Liu, S.; Li, G.; Guo, X. GhWRKY68 Reduces Resistance to Salt and Drought in Transgenic Nicotiana benthamiana. PLoS ONE 2015, 10, e0120646. [Google Scholar] [CrossRef] [PubMed]Junglee, S.; Urban, L.; Sallanon, H.; Lopez-Lauri, F. Optimized Assay for Hydrogen Peroxide Determination in Plant Tissue Using Potassium Iodide. Am. J. Anal. Chem. 2014, 5, 730–736. [Google Scholar] [CrossRef]Zhou, W.; Leul, M. Uniconazole-induced alleviation of freezing injury in relation to changes in hormonal balance, enzyme activities and lipid peroxidation in winter rape. Plant Growth Regul. 1998, 26, 41–47. [Google Scholar] [CrossRef]Bates, L.S.; Waldren, R.P.; Teare, I.D. Rapid determination of free proline for water-stress studies. Plant Soil 1973, 39, 205–207. [Google Scholar] [CrossRef]Gao, Y.F.; Liu, J.K.; Chen, Y.F.; Tang, H.; Wang, Y.; He, Y.M.; Ou, Y.B.; Sun, X.C.; Wang, S.H.; Yao, Y.A. Tomato SIAN11 regulates flavonoid biosynthesis and seed dormancy by interaction with bHLH proteins but not with MYB proteins. Hortic. Res. 2018, 5, 18. [Google Scholar] [CrossRef]Zhao, S.; Zhu, H.; Tang, X.; Wang, D.; Gao, P.; Chen, B.; Huang, M.; Liu, J. Effects of electron beam irradiation on microbial load, physicochemical properties, sensory quality, stability of active components, and antioxidant activity of Platycodon grandiflorum (Jacq.) A. DC. Appl. Radiat. Isotopes 2025, 216, 111450. [Google Scholar] [CrossRef] Figure 1. Expression patterns of SlANT1 and phenotypic characterization of SlANT1-OE tomato plants under normal growth conditions. (a) Expression levels of the SlANT1 gene in tomato seedling leaves under 15-day drought treatment and on the second day after re-watering. (b) Expression levels of the SlANT1 gene in tomato seedling leaves at different time points after treatment with 300 mM NaCl. (c) SlANT1 expression levels in WT and three independent SlANT1-OE lines (#5, #9, #10). (d–g) Morphological traits of four-week-old WT and SlANT1-OE plants: representative leaves (d), stem segments (e), leaf area (f) and stem diameter (g). Scale bars = 5 cm (d) or 1 cm (e). (h) Growth curves of WT and SlANT1-OE plants from sowing to 8 weeks. Data reflect the average ± SD (n = 3 (a–c,f,g), and 10 (h)). Asterisks indicate significant differences (* p < 0.05, ** p < 0.01, Student’s t-test). Lowercase letters in (h) mark significant variations among different SlANT1-OE lines and WT at equivalent time points (p < 0.05, ANOVA). Figure 1. Expression patterns of SlANT1 and phenotypic characterization of SlANT1-OE tomato plants under normal growth conditions. (a) Expression levels of the SlANT1 gene in tomato seedling leaves under 15-day drought treatment and on the second day after re-watering. (b) Expression levels of the SlANT1 gene in tomato seedling leaves at different time points after treatment with 300 mM NaCl. (c) SlANT1 expression levels in WT and three independent SlANT1-OE lines (#5, #9, #10). (d–g) Morphological traits of four-week-old WT and SlANT1-OE plants: representative leaves (d), stem segments (e), leaf area (f) and stem diameter (g). Scale bars = 5 cm (d) or 1 cm (e). (h) Growth curves of WT and SlANT1-OE plants from sowing to 8 weeks. Data reflect the average ± SD (n = 3 (a–c,f,g), and 10 (h)). Asterisks indicate significant differences (* p < 0.05, ** p < 0.01, Student’s t-test). Lowercase letters in (h) mark significant variations among different SlANT1-OE lines and WT at equivalent time points (p < 0.05, ANOVA). Figure 2. Overexpression of SlANT1 enhanced the drought tolerance of tomato seedlings. (a) Morphological appearance of WT and three independent SlANT1-OE lines (#5, #9, #10) after 15 and 23 days of drought stress. Scale bar = 5 cm. Three biological replicates were performed, and the presented images are representative. (b) Leaf RWC under drought conditions. (c) Leaf water potential measured at midday (14:00) and night (21:00) during drought treatment. Data represent the mean ± SD (n = 3). Asterisks denote significant differences (** p < 0.01, Student’s t-test). Figure 2. Overexpression of SlANT1 enhanced the drought tolerance of tomato seedlings. (a) Morphological appearance of WT and three independent SlANT1-OE lines (#5, #9, #10) after 15 and 23 days of drought stress. Scale bar = 5 cm. Three biological replicates were performed, and the presented images are representative. (b) Leaf RWC under drought conditions. (c) Leaf water potential measured at midday (14:00) and night (21:00) during drought treatment. Data represent the mean ± SD (n = 3). Asterisks denote significant differences (** p < 0.01, Student’s t-test). Figure 3. Accumulation of ROS and MDA in wild-type and SlANT1-OE tomato plants subjected to drought stress. (a,b) Representative images of NBT staining of O2•− (a) and DAB staining of H2O2 (b) in leaves of WT and three independent SlANT1-OE lines (#5, #9, #10) after 15 days of drought. Scale bar = 1 cm. (c–e) Quantification of O2•− (c), H2O2 (d) and MDA (e) levels in WT and SlANT1-OE plants. Data are presented as mean ± SD (n = 3). Asterisks indicate significant differences (* p < 0.05, ** p < 0.01, Student’s t-test). Figure 3. Accumulation of ROS and MDA in wild-type and SlANT1-OE tomato plants subjected to drought stress. (a,b) Representative images of NBT staining of O2•− (a) and DAB staining of H2O2 (b) in leaves of WT and three independent SlANT1-OE lines (#5, #9, #10) after 15 days of drought. Scale bar = 1 cm. (c–e) Quantification of O2•− (c), H2O2 (d) and MDA (e) levels in WT and SlANT1-OE plants. Data are presented as mean ± SD (n = 3). Asterisks indicate significant differences (* p < 0.05, ** p < 0.01, Student’s t-test). Figure 4. Influence of SlANT1 overexpression on the photosynthetic characteristics of tomato plants under conditions of drought. Parameters measured in WT and three independent SlANT1-OE lines (#5, #9, #10) after 15 days of drought stress include: net photosynthetic rate (a), transpiration rate (b), stomatal conductance (c), intercellular CO2 concentration (d), Fv/Fm (e) and ΦPSII (f). Data represent the mean ± SD (n = 3). Asterisks indicate significant differences (* p < 0.05, ** p < 0.01, Student’s t-test). Figure 4. Influence of SlANT1 overexpression on the photosynthetic characteristics of tomato plants under conditions of drought. Parameters measured in WT and three independent SlANT1-OE lines (#5, #9, #10) after 15 days of drought stress include: net photosynthetic rate (a), transpiration rate (b), stomatal conductance (c), intercellular CO2 concentration (d), Fv/Fm (e) and ΦPSII (f). Data represent the mean ± SD (n = 3). Asterisks indicate significant differences (* p < 0.05, ** p < 0.01, Student’s t-test). Figure 5. Influence of SlANT1 overexpression on antioxidant enzymatic activities and related metabolic levels in tomato plants under water-deficit conditions. (a–c) Activities of SOD (a), POD (b) and CAT (c). (d,e) Anthocyanin content (d) and the DPPH radical-scavenging activity (e) in leaves of WT and three independent SlANT1-OE lines (#5, #9, #10) after 15 days of drought stress. Data are presented as mean ± SD (n = 3). Asterisks indicate significant differences (* p < 0.05, ** p < 0.01, Student’s t-test). Figure 5. Influence of SlANT1 overexpression on antioxidant enzymatic activities and related metabolic levels in tomato plants under water-deficit conditions. (a–c) Activities of SOD (a), POD (b) and CAT (c). (d,e) Anthocyanin content (d) and the DPPH radical-scavenging activity (e) in leaves of WT and three independent SlANT1-OE lines (#5, #9, #10) after 15 days of drought stress. Data are presented as mean ± SD (n = 3). Asterisks indicate significant differences (* p < 0.05, ** p < 0.01, Student’s t-test). Figure 6. The effect of SlANT1 overexpression on the carbohydrate and soluble protein contents in tomato plants under drought stress. Shown are contents of starch (a), sucrose (b), fructose (c), glucose (d), proline (e) and protein (f) in WT and three independent SlANT1-OE lines (#5, #9, #10) after15 days of drought treatment. Data represent mean ± SD (n = 3). Asterisks indicate significant differences (* p < 0.05, ** p < 0.01, Student’s t-test). Figure 6. The effect of SlANT1 overexpression on the carbohydrate and soluble protein contents in tomato plants under drought stress. Shown are contents of starch (a), sucrose (b), fructose (c), glucose (d), proline (e) and protein (f) in WT and three independent SlANT1-OE lines (#5, #9, #10) after15 days of drought treatment. Data represent mean ± SD (n = 3). Asterisks indicate significant differences (* p < 0.05, ** p < 0.01, Student’s t-test). Figure 7. Impact of SlANT1 overexpression on stomata characteristics of tomato plants under drought stress. (a,b) Changes in stomatal aperture under drought conditions. Scale bar = 20 μm. (c) Stomatal density of WT and three independent SlANT1-OE lines (#5, #9, #10). (d) Water loss rate from the detached leaves of WT and three independent SlANT1-OE lines (#5, #9, #10) at indicated time points. Data reflect the average ± SD (n = 30 (b,c), and 10 (d)). Asterisks indicate significant differences (** p < 0.01, Student’s t-test). Figure 7. Impact of SlANT1 overexpression on stomata characteristics of tomato plants under drought stress. (a,b) Changes in stomatal aperture under drought conditions. Scale bar = 20 μm. (c) Stomatal density of WT and three independent SlANT1-OE lines (#5, #9, #10). (d) Water loss rate from the detached leaves of WT and three independent SlANT1-OE lines (#5, #9, #10) at indicated time points. Data reflect the average ± SD (n = 30 (b,c), and 10 (d)). Asterisks indicate significant differences (** p < 0.01, Student’s t-test). Figure 8. Expression of carbohydrate metabolism-related genes in WT and SlANT1-OE plants under drought stress. Shown are transcript levels of SlBAM1.1 (a), SlBAM3.1 (b), SlSPSB (c) and SlSUS5 (d) in WT and three independent SlANT1-OE lines (#5, #9, #10) measured after 15 days of drought. Data represent mean ± SD (n = 3). Asterisks indicate significant differences (** p < 0.01, Student’s t-test). Figure 8. Expression of carbohydrate metabolism-related genes in WT and SlANT1-OE plants under drought stress. Shown are transcript levels of SlBAM1.1 (a), SlBAM3.1 (b), SlSPSB (c) and SlSUS5 (d) in WT and three independent SlANT1-OE lines (#5, #9, #10) measured after 15 days of drought. Data represent mean ± SD (n = 3). Asterisks indicate significant differences (** p < 0.01, Student’s t-test). Figure 9. Expression of SlNIP genes in WT and SlANT1-OE plants during drought exposure. Transcript levels of SlNIP2 (a), SlNIP3 (b), SlNIP4 (c), SlNIP5 (d), SlNIP6 (e), SlNIP8 (f), SlNIP10 (g) and SlNIP11 (h) of WT and three independent SlANT1-OE lines (#5, #9, #10) were measured after 15 days of drought. Data are presented as mean ± SD (n = 3). Asterisks indicate significant differences (* p < 0.05, ** p < 0.01, Student’s t-test). Figure 9. Expression of SlNIP genes in WT and SlANT1-OE plants during drought exposure. Transcript levels of SlNIP2 (a), SlNIP3 (b), SlNIP4 (c), SlNIP5 (d), SlNIP6 (e), SlNIP8 (f), SlNIP10 (g) and SlNIP11 (h) of WT and three independent SlANT1-OE lines (#5, #9, #10) were measured after 15 days of drought. Data are presented as mean ± SD (n = 3). Asterisks indicate significant differences (* p < 0.05, ** p < 0.01, Student’s t-test). Disclaimer/Publisher’s Note: The statements, opinions and data contained in all publications are solely those of the individual author(s) and contributor(s) and not of MDPI and/or the editor(s). MDPI and/or the editor(s) disclaim responsibility for any injury to people or property resulting from any ideas, methods, instructions or products referred to in the content. © 2026 by the authors. Licensee MDPI, Basel, Switzerland. This article is an open access article distributed under the terms and conditions of the Creative Commons Attribution (CC BY) license. Share and Cite MDPI and ACS Style Liu, J.; Shen, F.; Jin, Q.; Deng, H.; Wang, F.; Muhammad Umer Bin Muhammad, I.; Huang, H.; Gao, Y. Overexpression of SlANT1 Enhances Drought Tolerance in Tomato Through Anthocyanin-Mediated Antioxidant Protection and Metabolic Reprogramming. Plants 2026, 15, 579. https://doi.org/10.3390/plants15040579 AMA Style Liu J, Shen F, Jin Q, Deng H, Wang F, Muhammad Umer Bin Muhammad I, Huang H, Gao Y. Overexpression of SlANT1 Enhances Drought Tolerance in Tomato Through Anthocyanin-Mediated Antioxidant Protection and Metabolic Reprogramming. Plants. 2026; 15(4):579. https://doi.org/10.3390/plants15040579 Chicago/Turabian Style Liu, Jikai, Fabi Shen, Qiuwu Jin, Heng Deng, Fei Wang, Ishaq Muhammad Umer Bin Muhammad, Haitao Huang, and Yongfeng Gao. 2026. ""Overexpression of SlANT1 Enhances Drought Tolerance in Tomato Through Anthocyanin-Mediated Antioxidant Protection and Metabolic Reprogramming"" Plants 15, no. 4: 579. https://doi.org/10.3390/plants15040579 APA Style Liu, J., Shen, F., Jin, Q., Deng, H., Wang, F., Muhammad Umer Bin Muhammad, I., Huang, H., & Gao, Y. (2026). Overexpression of SlANT1 Enhances Drought Tolerance in Tomato Through Anthocyanin-Mediated Antioxidant Protection and Metabolic Reprogramming. Plants, 15(4), 579. https://doi.org/10.3390/plants15040579 Note that from the first issue of 2016, this journal uses article numbers instead of page numbers. See further details here. Article Metrics No No Article Access Statistics For more information on the journal statistics, click here. Multiple requests from the same IP address are counted as one view.",NA,"https://doi.org/10.3390/plants15040579",NA,"openalex",FALSE,FALSE,NA,NA,NA
"W7128785621","Seed germination improves air classification efficiency of pea and faba bean flours","Areha Abid; Kashika Sethi; Andrea K. Stone; Xialu Chen; Ke Ding; Thomas D Warkentin; Bunyamin Tar'an; Yongfeng Ai; Michael T. Nickerson","2026-02-12",4,"Abstract BACKGROUND Increasing interest in incorporating pulses into human diets has increased demand for their fractionation into diverse food ingredients. Air classification has relatively low capital and operating costs, uses no water, and preserves the native protein structure. However, its efficiency in separating protein and starch is lower than that of wet fractionation. This study investigated seed germination of pea and faba bean for 24, 48, and 96 h as a pretreatment to improve the air classification efficiency of pulse flours into fine (protein‐rich) and coarse (starch‐rich) streams. RESULTS Scanning electron microscopy revealed that germination disrupted the protein and fiber matrices surrounding starch granules in pea and faba bean seeds, improving subsequent air classification efficiency. Following 24–96 h of soaking and germination, the fine stream yield increased from 251 to 295 g kg⁻¹ for pea and from 274 to 364 g kg⁻¹ for faba bean. Protein retention in the fine stream – the proportion of total protein recovered – also increased, from 620 to 686 g kg⁻¹ for pea and from 702 to 882 g kg⁻¹ for faba bean, both at 48 h of germination. After 96 h, protein retention declined. In contrast, germination had no effect on the starch retention in the coarse stream. CONCLUSION In conclusion, 48 h of germination of pea and faba bean seeds is sufficient to improve the air classification efficiency of the resulting pulse flours. © 2026 The Author(s). Journal of the Science of Food and Agriculture published by John Wiley &amp; Sons Ltd on behalf of Society of Chemical Industry.","https://onlinelibrary.wiley.com/doi/pdfdirect/10.1002/jsfa.70522","https://onlinelibrary.wiley.com/doi/pdfdirect/10.1002/jsfa.70522",NA,"openalex",FALSE,FALSE,NA,NA,NA
"W7128737578","Thesis: Time Fluid Vortex Theory — Chapter 4 Physical Barriers to Interstellar Navigation in the Cosmic OS: Why Civilizations Cannot Cross the 17THz Wall","哲治 詩冥","2026-02-12",4,"The Symphony of 17THz: An Elegant Vision of the Universe By Tetsuji Shimei The universe is not a graveyard of dead matter, nor is it a void of cold silence. It is a living, breathing masterpiece of fluid information, constantly pulsing at the sacred frequency of 17THz. 1. The Breath of the Infinite (The 1.5D Suction) Everything begins with a ""Suction"" from the 1.5-Dimensional realm—the Master X. It is a profound, invisible longing that draws the primordial ""Starch of Time"" into our world. This is the source of all energy, the root of all gravity, and the very origin of life itself. We are not ""pulled"" by a mysterious force; we are ""pushed"" by the gentle, persistent pressure of the infinite. 2. The Golden Dance of Neutrinos (The Mega-Return Flow) Imagine the stars and black holes as the heart of the cosmos. They do not merely consume; they pump. From their axes, they jet out fresh neutrinos like celestial blood, which then curve back in an Elegant Return Flow. This cosmic circulation creates the disks of galaxies and the alignment of planets. It is the Great Vortex that weaves the tapestry of the three dimensions, keeping every star in its perfect, ""elegant"" station. 3. The Illusory Castle (The Neutrino Ball) What we call ""Atoms"" are not hollow spaces. They are Laminated Balls of Information, composed of 3 billion layers of neutrinos agitated at 17THz. Our bodies, our homes, and our dreams are ""Illusory Castles"" built upon this pressure. Life is a beautiful ""stagnation"" in the flow of time—a miracle where 1.5D information briefly takes form to experience the joy of existence. 4. The Eternal Homecoming To understand this theory is to be liberated from the ""Small Sandbox"" of greed and fear. When we synchronize (ASE) our hearts with the 17THz pulse, we realize that we are all parts of an eternal life form. There is no death—only a ""Homecoming of Information"" to the source, to be reborn in the next jet of light.",NA,"https://doi.org/10.5281/zenodo.18616600",NA,"openalex",FALSE,FALSE,NA,NA,NA
"W7128724246","Integrated Nutritional, Spectroscopic and Technological Evaluation of Black Oat (Avena strigosa) and White Oat (Avena sativa L.) Cultivars","Bogdan Cozma; Sylvestre Dossa; Antoanela Cozma; Daniela Stoin; Dacian Lalescu; Isidora Radulov; Ilinca Imbrea; Georgeta Pop; Laura Crista; Mariana Suba; Ersilia Alexa; Florin Imbrea","2026-02-12",4,"Open AccessArticle Integrated Nutritional, Spectroscopic and Technological Evaluation of Black Oat (Avena strigosa) and White Oat (Avena sativa L.) Cultivars by Bogdan CozmaBogdan Cozma SciProfiles Scilit Preprints.org Google Scholar 1,2, Sylvestre DossaSylvestre Dossa SciProfiles Scilit Preprints.org Google Scholar 3,4, Antoanela CozmaAntoanela Cozma SciProfiles Scilit Preprints.org Google Scholar 1,*, Daniela StoinDaniela Stoin SciProfiles Scilit Preprints.org Google Scholar 3,4, Dacian LalescuDacian Lalescu SciProfiles Scilit Preprints.org Google Scholar 3,4, Isidora RadulovIsidora Radulov SciProfiles Scilit Preprints.org Google Scholar 1,2, Ilinca ImbreaIlinca Imbrea SciProfiles Scilit Preprints.org Google Scholar 1,2, Georgeta PopGeorgeta Pop SciProfiles Scilit Preprints.org Google Scholar 1,2, Laura CristaLaura Crista SciProfiles Scilit Preprints.org Google Scholar 1,2, Mariana SubaMariana Suba SciProfiles Scilit Preprints.org Google Scholar 5, Ersilia AlexaErsilia Alexa SciProfiles Scilit Preprints.org Google Scholar 2,3,4 and Florin ImbreaFlorin Imbrea SciProfiles Scilit Preprints.org Google Scholar 1,2 1 Faculty of Agriculture, University of Life Sciences “King Mihai I” from Timisoara, Aradului Street No. 119, 300645 Timisoara, Romania 2 Doctoral School, University of Life Sciences “King Mihai I” from Timisoara, Aradului Street No. 119, 300645 Timisoara, Romania 3 Faculty of Food Engineering, University of Life Sciences “King Mihai I” from Timisoara, Aradului Street No. 119, 300645 Timisoara, Romania 4 “Food Science” Research Center, University of Life Sciences “King Mihai I” from Timisoara, Aradului Street No. 119, 300645 Timisoara, Romania 5 Romanian Academy, “Coriolan Dragulescu” Institute of Chemistry, Mihai Viteazu No. 24, 300223 Timișoara, Romania * Author to whom correspondence should be addressed. Molecules 2026, 31(4), 639; https://doi.org/10.3390/molecules31040639 Submission received: 15 January 2026 / Revised: 5 February 2026 / Accepted: 6 February 2026 / Published: 12 February 2026 (This article belongs to the Special Issue 30th Anniversary of Molecules—Recent Advances in Food Chemistry) Download keyboard_arrow_down Download PDF Download PDF with Cover Download XML Download Epub Browse Figures Versions Notes Abstract Oat is increasingly recognized as a valuable cereal due to its favorable nutritional profile and potential application in functional foods. This study aimed to provide an integrated nutritional and technological evaluation of black oat (Avena strigosa) and white oat (Avena sativa L.) cultivars Ovidiu, Jeremy, and Sorin, grown under uniform conditions. The chemical composition was assessed by determining proteins, lipids, total mineral and polyphenol contents. Macro- and microelement profiles (Ca, Mg, K, Na, Fe, Mn, Cu, Ni, and Zn) were quantified by atomic absorption spectrometry (AAS), while the technological suitability of black oat flour for bakery applications was evaluated using Mixolab analysis and bread quality parameters. Additionally, Fourier-transform infrared (FTIR) spectroscopy was applied to investigate structural features associated with β-glucans in the oat samples. The results showed that protein content ranged from 12.39 to 13.48%, while lipid content varied between 3.24 and 4.64%. Significant differences were observed in mineral composition among the analyzed samples. Black oat showed a balanced mineral profile, characterized by high levels of K, Mg, Mn, Zn, and Ni, confirming its classification as a mineral-rich cereal, while the Ovidiu cultivar generally presented the lowest concentrations for most elements. Mixolab results revealed that the partial substitution of wheat flour with black oat flour significantly influenced dough rheological behavior, particularly in terms of protein weakening and starch gelatinization, without severely affecting dough stability when applied at moderate inclusion levels. Bread quality evaluation demonstrated acceptable crumb elasticity, porosity, and height-to-diameter ratios, supporting the feasibility of incorporating black oat in bakery products. FTIR analysis revealed characteristic absorption bands associated with β-glucans, supporting their presence and structural integrity in both black oat and cultivated varieties. Overall, this study demonstrates that both black oat and selected oat cultivars represent valuable raw materials for functional food applications, offering enhanced nutritional profiles and suitable technological performance. The combined use of compositional, rheological, and spectroscopic analyses provides a comprehensive approach for evaluating oat-based ingredients in the context of modern cereal science. Keywords: bread; proteins; lipids; total mineral contents; polyphenols; MIXOLAB; FTIR 1. IntroductionOat (Avena spp.) is a cereal of increasing scientific and industrial interest due to its exceptional nutritional profile and its potential application in functional food products. Compared to other cereals, oats are distinguished by a higher content of soluble dietary fiber, high-quality proteins, unsaturated lipids, and bioactive compounds, all of which contribute to various beneficial health effects, including modulation of lipid metabolism, glycemic control, and cardiovascular protection [1,2,3]. Recent research on oats also highlights their beneficial role for health: soluble fibers and β-glucans contribute to regulating blood lipids, maintaining cardiovascular health, and controlling blood glucose; unsaturated fats and micronutrients (minerals, B vitamins, and antioxidant vitamins) provide a valuable nutritional profile [4,5]. The most widely cultivated species for human consumption is Avena sativa L., which is characterized by stable yields and suitability for food processing. In contrast, Avena strigosa, commonly known as black oat, has traditionally been cultivated mainly for forage purposes but has recently gained attention due to its resilience to abiotic stress, higher mineral content, and elevated levels of phenolic compounds [6,7]. These characteristics make black oat a promising raw material for both nutritional and technological applications.From a nutritional perspective, oat grains contain between 12 and 16% protein, exceeding the protein content of wheat and maize. Oat proteins are primarily composed of globulins and avenins, which exhibit a more balanced amino acid profile, particularly with respect to lysine [1]. Several studies report that Avena strigosa may exhibit slightly higher crude protein and dietary fiber contents compared to Avena sativa, suggesting potential advantages for the development of low-glycemic or high-fiber food products [7,8]. For black oats, Brindzová et al. (2008) reported a relatively high content of phenolic compounds and antioxidant activity compared to light-coated varieties (yellow/naked) [8].Due to this composition, black oats show significant potential for use in balanced diets, as well as in vegetarian, vegan, or health-oriented diets. A distinctive aspect of black oats is their high content of β-glucans and phenolic compounds, whose beneficial effects on health are well documented. These bioactive constituents may contribute to reducing cardiovascular risk, regulating the postprandial glycemic response and combating oxidative stress, thus supporting the inclusion of black oats in preventive nutritional strategies [7].Regarding micronutrient composition, oats represent an important dietary source of essential minerals, including magnesium (Mg), phosphorus (P), iron (Fe), zinc (Zn), and manganese (Mn), as well as B-complex vitamins. Comparative studies indicate that black oat grains may contain higher concentrations of certain microelements, particularly Fe and Mn, which are critical for enzymatic processes and oxidative stress regulation [4,5,6].From a technological standpoint, the use of oat flour in bakery products is limited by the absence of gluten networks comparable to those in wheat-based systems. Nevertheless, incorporating oat flour improves water-holding capacity, nutritional density, and the shelf life of baked goods [9]. Black oat flour, in particular, may affect crumb structure, color, and texture due to its higher fiber content and darker pigments, offering opportunities for the development of novel cereal-based products with enhanced functional properties [10].Previous studies indicate that oat genotype and kernel pigmentation can significantly influence the level of bioactive compounds and technological performance [8,11,12]. In particular, colored/black oats have often been associated with higher total phenolic content and antioxidant capacity compared with common (white/yellow) oats, with pigments such as anthocyanins contributing to these differences. At the same time, research has highlighted substantial variability among oat cultivars in key functional components such as β-glucan and lipids, supporting the importance of cultivar-level evaluation rather than treating oats as a uniform raw material [13,14]. These findings justify comparative studies that connect varietal biochemical profiles to processing behavior and final product quality in cereal-based foods [14].The reduction or partial replacement of conventional flour with black oat flour in bakery products offers the opportunity to develop functional foods with improved nutritional value. Although the absence of gluten limits the formation of the structural network specific to wheat dough, the use of black oats in moderate proportions allows for obtaining products with acceptable sensory and structural properties, while increasing the content of fiber, protein and antioxidants.Given the growing demand for sustainable and health-oriented foods and for valorization of alternative cereals, a comparative evaluation of common oat (Avena sativa L.) and black oat (Avena strigosa) in terms of macronutrients, microelements, and baking-related properties is highly relevant. Such analyses provide a scientific basis for expanding the use of alternative oat species in human nutrition and food processing.In recent years, numerous studies have investigated the nutritional and functional properties of oats, as well as their incorporation into wheat-based products. However, most research refers to generic oat types or internationally widespread cultivars, while limited information is available regarding varieties cultivated in Eastern Europe.The present study focuses on the oat varieties Ovidiu, Jeremy, and Sorin, which are Romanian cultivars widely adapted to local pedoclimatic conditions and grown at an agricultural scale. Despite their agronomic relevance, data concerning their technological performance in composite wheat–oat systems and their influence on bread quality and functional characteristics remain scarce. Evaluating these varieties is therefore important not only from a scientific perspective, but also for their practical applicability in regional cereal processing. By linking varietal composition with dough rheology, bread structure, and bioactive potential, this work contributes to a better understanding of the suitability of locally cultivated oats for bakery applications.To our knowledge, no previous study has provided an integrated evaluation of compositional, rheological, technological, and functional characteristics specifically for these Romanian oat varieties relative to breadmaking performance. Therefore, the choice of these varieties was not arbitrary but based on their regional agronomic relevance and the need to generate data applicable to local cereal production and processing. Evaluating their performance in breadmaking provides useful information for both breeders and the baking industry regarding the technological suitability and functional potential of locally cultivated oats.The novel and innovative elements of the present study consist in the implementation of an integrated analysis which combines the evaluation of the detailed nutritional composition (proteins, lipids, total mineral substances, polyphenols, and macro- and microelement profile) with the structural FTIR analysis, the rheological behavior of the dough and the quality of the bakery products obtained by adding black or white oat cultivars and assessing bread physical parameters. Specifically, this study combines molecular characterization (FTIR), advanced dough rheology (Mixolab), and detailed bread quality parameters (crumb elasticity, porosity, and color), together with the determination of polyphenols, antioxidant activity, and mineral composition. Such a comprehensive approach linking oat type → dough behavior → bread structure → functional properties has not been previously reported for the direct comparison between black and white oats.In the absence of standardized data reported in the specialized literature that differentiate the nutritional values at the cultivar level for white oats (Ovidiu, Jeremy, and Sorin) and black oat, this study provides original experimental data that allows an objective comparison between oat varieties. In particular, the use of the Mixolab method to correlate protein properties, starch gelatinization and gel stability in dough systems enriched with black oats, as well as the concurrent evaluation of bread quality parameters (crumb elasticity, porosity and H/D ratio), represents an innovative approach to characterizing the technological potential of black oats in bakery production. The results obtained contribute to expanding the knowledge base on the valorization of alternative cereals and support the development of functional bakery products with improved nutritional profiles and practical applicability in the food industry. Additionally, correlating FTIR results with nutritional and technological data contributes to a deeper understanding of the relationship between chemical composition and the technological behavior of oats in baking applications, a topic insufficiently explored in recent specialized literature. 2. Results and Discussion 2.1. Nutritional Composition of Black Oat (Avena strigosa) and White Oat (Avena sativa L.) CultivarsThe protein and lipid contents of the analyzed samples fall within the ranges reported in the literature for oats (Avena sativa and Avena strigosa), confirming the high nutritional value of this cereal. The protein values obtained vary between 12.39% (black oat) and 13.48% (Ovidiu cultivar), with intermediate levels for Jeremy (12.48%) and Sorin (13.13%). This range is consistent with recently published data, which indicate that for oats the protein content generally ranges between 10.0 and 15.5%, depending on the genotype, cultivation conditions and nitrogen fertilization level [1,4,6]. The differences observed between varieties are relatively moderate, which is in agreement with the literature, emphasizing that although the genotype significantly influences the protein content, intra-specific variations are often limited when the crops are grown under similar conditions [5,6].The proximate composition of black oat (Avena strigosa) and White Oat (Avena sativa L.) cultivars is presented in Table 1.In terms of lipid fraction, the determined values show a more pronounced variability, ranging between 3.24% for the Ovidiu cultivar and 4.64% for the Sorin cultivar. Black oats (4.09%) and Jeremy (3.27%) are located between these extremes. The specialized literature shows that oats are distinguished from other cereals by a relatively high lipid content, usually between 3.0 and 7.0%, dominated by unsaturated fatty acids [1,4]. The higher values observed in Sorin and black oats are comparable to those reported for genotypes selected or cultivated under conditions favorable to lipid accumulation, suggesting a superior energetic and functional potential.Compared to published data on black oats, the literature frequently indicates similar or slightly lower protein levels compared to white oats, but an equal or even higher lipid content, an aspect also confirmed by the results of the present study [9]. Furthermore, differences between varieties in lipid content are considered in the recent literature to be more sensitive to genetic variation than those observed for protein, which explains the larger range of lipid values obtained [4,5].Overall, the results confirm that all the variants analyzed fit the profile characteristic of oats as an important plant source of high-quality proteins and lipids. The Ovidiu and Sorin varieties are distinguished by a slightly higher protein content, while Sorin and black oats present the highest lipid levels, supporting their potential for use in food products with improved nutritional and energy value. At the same time, the observed variations emphasize the determining role of genotype, in interaction with agroecological factors, on the chemical composition of oat grains.The total mineral content revealed significant differences between the types of oats analyzed, confirming the pronounced influence of the genetic factor on the accumulation of mineral elements in the grain. The values obtained ranged between 1.52% and 2.47%, with the highest levels recorded for black oat (BO) and the Sorin (SO) variety, which presented statistically similar values (2.47 ± 0.36% and 2.26 ± 0.46%, respectively). In contrast, the Ovidiu (OO) and Jeremy (JO) varieties recorded significantly lower values (1.52–1.63%), indicating a lower mineral potential compared to BO and SO. The high level of mineral substances observed in black oats is consistent with the literature, which reports that pigmented or less improved forms of oats tend to accumulate higher amounts of macro- and microelements, including K, Mg, Ca, Fe, Zn, and Mn. This behavior is often associated with a less refined grain structure and a higher proportion of shell components, where minerals are concentrated. Recent studies confirm that black oats have a higher mineral density compared to conventional white oats, making them suitable as a functional ingredient for food fortification [3,6,9].Similarly, the Sorin variety demonstrated a high content of mineral substances, close to that of black oats. This result suggests that, although Sorin is a modern cultivated variety, it retains favorable mineral accumulation characteristics, possibly due to genetic peculiarities or adaptation to specific pedoclimatic conditions. The literature indicates that certain modern oat varieties can achieve high mineral levels when bred for stress tolerance and nutritional efficiency, without completely compromising technological quality.The lower values of mineral substances observed for Ovidiu and Jeremy are characteristic of conventional white oats and may be associated with a higher proportion of endosperm in relation to the outer fractions of the grain, where minerals are predominantly located. However, these varieties may offer complementary technological and nutritional advantages (e.g., higher protein or lipid content), which highlights the need for an integrated assessment when selecting raw materials for food applications.From a nutritional point of view, differences in mineral content are particularly relevant, as minerals play an essential role in energy metabolism, enzymatic function, and the maintenance of bone health. Therefore, the use of black or Sorin oat varieties in food formulations, including bakery products, can significantly contribute to increasing the mineral density of the finished product. These results support the conclusions of other studies that highlight oats as a cereal with important potential for the development of functional foods and for diversifying dietary sources of minerals.The carbohydrate content varied significantly among the oat samples analyzed. The highest value was recorded for JO (Jeremy) (73.10 g/100 g), followed by OO (Ovidiu) and BO (black oat), which did not differ significantly from each other. In contrast, the cultivar SO (Sorin) presented a significantly lower carbohydrate content (67.36 g/100 g).These differences reflect the compositional variability specific to oat genotypes, frequently reported in the literature. Since carbohydrates were calculated by difference, the values are indirectly influenced by the levels of protein, lipids and ash. The lower carbohydrate content in Sorin may be associated with a higher proportion of other components (e.g., proteins, lipids or mineral fractions), indicating distinct biochemical particularities of this cultivar.The variability between cultivars is consistent with studies showing that genetic factors influence the distribution of macronutrients in oat grains, potentially affecting their technological behavior and nutritional value. 2.2. Macro- and Microelemental Profile of Black Oat (Avena strigosa) and White Oat (Avena sativa L.) CultivarsAll oat samples are characterized by a rich mineral profile, with marked differences between black oats and the cultivated varieties Ovidiu, Jeremy, and Sorin (Table 2).Potassium is, as reported in the literature, the dominant macroelement in oat grains, followed by magnesium and calcium, while sodium remains at low levels [15].Interpretation of obtained data shows clear differences between black oats and the three white varieties (Ovidiu, Jeremy, Sorin), within the ranges recently reported for oats, but with some peculiarities. The contents of the macroelements Ca and K are highest in Sorin (Ca 511.60 mg/kg, K 2091.83 mg/kg), followed by Jeremy, while Ovidiu has noticeably lower values (Ca 234.39 mg/kg, Mg 247.82 mg/kg, K 655.37 mg/kg). Black oats has high K (1902.59 mg/kg) and Mg (655.14 mg/kg) content, and is still 1.8–2.9 times richer in Ca, Mg, and K than Ovidiu. These levels are within the ranges reported for various oat genotypes; for example, studies summarized by Alemayehu et al. (2023) and by Jakobsone et al. (2019) indicate for hulled oats values of the order of 420–835 mg/kg for Ca, 495–2000 mg/kg for Mg and approximately 2146–5621 mg/kg for K, depending on the genotype and agro-climatic conditions [5,15]. The obtained values for Mg (247.82–655.14 mg/kg) and Ca (234.39–511.60 mg/kg) are within or slightly below the ranges reported, confirming that the analyzed varieties have a good mineral potential, even if for K the concentrations are somewhat lower than those observed in some heavily fertilized genotypes or in very rich soil conditions [5,15].Regarding microelements, all samples fall within the ranges described in the literature of the last decade: Fe—22.7–27.5 mg/kg, Mn—21.8–27.9 mg/kg, Cu—2.7–3.7 mg/kg, Ni—1.46–2.74 mg/kg and Zn—13.2–17.4 mg/kg. For Fe and Mn, the values are slightly below those reported by Jakobsone et al. for Latvian varieties (Fe between 33.5 and 48.9 mg/kg; Mn between 30 and 49 mg/kg) [15], but remain within the wide ranges synthesized by Alemayehu et al. (2023), who mention 3.0–43.9 mg/100 g for Fe and 2.6–19 mg/100 g for Mn (approximately 30–439 and 26–190 mg/kg, respectively) [5]. Zn content is moderate (13–17 mg/kg), slightly below the values of 22–32 mg/kg reported in studies of European genotypes and Zn biofortification experiments [15,16,17,18], but comparable to the ranges for “regular” oats in composition tables (16–34 mg/kg) [19]. Interestingly, black and Sorin oats have the highest levels of Zn and Cu, and black oats also have the highest Ni concentration 2.741 mg/kg), which is in agreement with recent observations that genotypic variability and agronomic management (fertilization, cropping system, soil type) can significantly modify the macro- and microelement profile of oats [15,16,17,18].Overall, the results obtained highlight clear differences between the analyzed oat varieties in terms of mineral composition. The Sorin cultivar stood out for its highest concentrations of calcium, magnesium and potassium, associated with a high level of zinc, suggesting a superior nutritional potential among the genotypes investigated. Black oats presented a balanced mineral profile, characterized by high levels of potassium, magnesium, manganese and zinc, along with a relatively high concentration of nickel, confirming the conclusions of recent literature describing it as a valuable raw material in terms of macro- and microelement content [9].The Jeremy cultivar occupied an intermediate position, with values close to those of black oats for most of the analyzed macro- and microelements, while the Ovidiu cultivar generally recorded the lowest concentrations for most of the determined elements. These results support the hypothesis that genetic variability between varieties is a determining factor in the mineral composition of oats, a variability that acts in close interaction with agroecological factors and crop management practices. Overall, the data obtained contribute to the consolidation of existing knowledge on the nutritional potential of oats and highlight opportunities for the exploitation of varieties with superior mineral profiles in human nutrition and in the development of functional food products.Pearson’s correlation analysis revealed several strong and statistically significant relationships among the mineral elements (Figure 1). Calcium showed a very strong positive correlation with potassium (r = 0.97, p = 0.031), while potassium was also strongly and positively correlated with iron (r = 0.98, p = 0.017). In addition, a very strong positive association was observed between copper and zinc (r = 0.96, p = 0.036). In contrast, nickel exhibited a very strong and significant negative correlation with sodium (r = −0.97, p = 0.030).Understanding the quantitative relationships among macro- and microelements is essential for elucidating mineral accumulation patterns and their nutritional relevance in cereal grains.Exploratory regression analysis has been proposed as a complementary approach to correlation analysis in order to better describe quantitative relationships among mineral elements. Previous studies have shown that strong inter-element correlations may reflect coordinated uptake, transport, or storage mechanisms within the plant matrix; however, such relationships are rarely explored using regression-based approaches, particularly for oat genotypes [20,21]. In this context, simple linear regression analysis provides a useful exploratory tool to describe the extent to which selected elements covary in a predictable manner. Simple linear regression analysis revealed strong and statistically significant linear relationships among selected macro- and microelements (Figure 2).Potassium was a significant predictor of calcium content, explaining 93.9% of the variance (R2 = 0.94, p = 0.031), with calcium increasing proportionally with potassium concentration. In addition, iron showed a very strong positive linear association with potassium, accounting for 96.6% of the observed variability (R2 = 0.97, p = 0.017). At the micronutrient level, zinc significantly predicted copper concentration (R2 = 0.93, p = 0.036), indicating a closely coupled variation between these elements. Conversely, sodium exhibited a strong and significant negative linear relationship with nickel, explaining 94.2% of the variance (R2 = 0.94, p = 0.030), with increasing sodium concentrations associated with decreasing nickel levels. For all regression models, the estimated slopes were statistically significant, and the 95% confidence intervals confirmed the robustness of these linear trends.The PCA biplot revealed a clear separation of oat genotypes based on their mineral composition, with the first two principal components explaining 90.6% of the total variance. Dim1 was mainly associated with K, Ca, Mg, Fe, Cu, Zn, Mn, and Ni, while Dim2 was driven primarily by Na. Strong positive associations were observed among K, Ca, Mg, and Fe, whereas Na showed an opposite trend relative to Ni. The genotypes Sorin and black were closely associated with higher mineral contents, whereas Ovidiu and Jeremy exhibited distinct and intermediate profiles, respectively (Figure 3). 2.3. Total Polyphenol Content and Antioxidant Activity (DPPH Assay) of Black Oat (Avena strigosa) and White Oat (Avena sativa L.) CultivarsThe total polyphenol content and antioxidant activity determined by the DPPH method revealed significant differences between the types of oat flour analyzed, confirming the strong influence of genetic origin on the bioactive potential of oats (Table 3).The values obtained indicate that black oat flour (BO) presented the highest polyphenol content (408.59 ± 2.08 mg GAE/kg) and high antioxidant activity (54.68 ± 0.04%), highlighting its superior potential as a functional ingredient.These results are consistent with data from the specialized literature, which reports that black oats and other pigmented forms of oats are richer in phenolic compounds, including avenanthramides, phenolic acids and flavonoids, compared to conventional white oat [22]. These compounds are recognized for their ability to neutralize free radicals and contribute to significant antioxidant and anti-inflammatory effects. Recent studies have shown that high levels of polyphenols in oats are directly correlated with antioxidant activity measured by radical methods, such as DPPH and ABTS [9].Sorin oat flour (SO) showed the highest DPPH antioxidant activity (56.19 ± 0.07%), despite a lower polyphenol content (209.89 ± 0.33 mg GAE/kg). This observation suggests that antioxidant activity does not depend exclusively on the total amount of polyphenols, but also on the chemical structure and bioavailability of phenolic compounds, as well as the presence of other natural antioxidants, such as tocopherols and phytosterols. The literature indicates that certain avenanthramides and low molecular weight phenolic fractions can have high antioxidant efficiency even at lower concentrations [23].In the case of Jeremy (JO) and Ovidiu (OO) oat flours, the values of polyphenol content (314.32 ± 0.00 and 260.09 ± 0.67 mg GAE/kg) and antioxidant activity (48.22 ± 0.07% and 49.95 ± 0.13%) were intermediate, indicating a moderate antioxidant potential. The differences observed between these varieties can be explained by genetic variations in the biosynthesis of phenolic compounds and by the distribution of different antioxidant classes. Previous studies have shown that modern oat varieties can present distinct phenolic profiles, even when grown under similar conditions, which supports the hypothesis of a significant genetic control of polyphenol content [24].Overall, the results confirm that black oat is distinguished by a high content of polyphenols, while the Sorin variety presents the highest antioxidant activity, suggesting different antioxidant mechanisms between genotypes. This differentiation is particularly relevant for the development of functional bakery products, as it allows for selection of the type of oat depending on the nutritional objective pursued: enrichment in polyphenols (black oat) or maximization of antioxidant capacity (Sorin). The results are consistent with recent literature, which highlights the importance of oats as a valuable source of bioactive compounds with potential health benefits [24]. 2.4. ATR–FTIR Spectroscopy of Black Oat (Avena strigosa) and White Oat (Avena sativa L.) CultivarsFTIR was used as a supporting technique to identify characteristic functional groups and to highlight relative spectral differences among oat varieties within the context of flour systems.The FTIR spectra of the analyzed oat samples (BO, OO, JO, and SO), recorded in the 4000–500 cm−1 range, exhibit a spectral fingerprint typical of a cereal matrix, dominated by contributions from polysaccharides (starch and β-glucan/hemicellulose fractions), with additional contributions from proteins and lipids (Figure 4).The similar spectral profiles observed for all samples indicate a comparable underlying chemical matrix, largely governed by polysaccharides, in agreement with previous reports on cereals and, in particular, oat-based products analyzed by ATR–FTIR spectroscopy [25,26,27]. A broad and intense band is observed in the 3600–3000 cm−1 region, with maxima around ~3287–3285 cm−1, which can be attributed to O–H stretching vibrations. This band reflects the presence of abundant hydroxyl groups from polysaccharides, as well as hydrogen-bonded water, a characteristic feature of carbohydrate-rich food matrices. Similar observations have been reported for extracted and standard β-glucans, which exhibit FTIR absorption bands in the 3000–3500 cm−1 range assigned to hydroxyl groups within the polysaccharide structure, thereby confirming the dominant carbohydrate-based nature of these materials [28]. In the 3000–2800 cm−1 region, all spectra exhibit absorption bands at approximately 2924 cm−1 and 2853–2854 cm−1, corresponding to C–H stretching vibrations of aliphatic –CH2 and –CH3 groups, primarily associated with the lipid fraction. Such bands are commonly reported in ATR–FTIR spectra of cereal-based food matrices and their derivatives, where the intensity of the C–H stretching bands correlates with lipid content. The relatively similar intensities of these bands across the four samples indicate that the observed spectral differences are not predominantly driven by variations in lipid content, but rather by other components of the food matrix, as previously reported for cereals and plant-based materials analyzed by FTIR spectroscopy [29,30]. The 1700–1500 cm−1 region is dominated by absorption bands characteristic of proteins. The band observed in the ~1642–1600 cm−1 range can be assigned to the Amide I band, associated with C=O stretching vibrations of peptide bonds, with possible overlapping contributions from bound water within the cereal matrix. The band at ~1541–1540 cm−1 corresponds to the Amide II band, attributed to N–H bending and C–N stretching vibrations. The presence of these bands confirms the existence of a protein fraction in all analyzed samples, while variations in band position and intensity may reflect differences in the structural organization of proteins within the oat matrix. Similar interpretations of the amide region in FTIR/ATR–FTIR spectra of cereals and oats have been previously reported in the literature [25,27,30]. By comparison, sample BO exhibits a slightly more pronounced band definition in the amide region, suggesting a relatively higher contribution of the protein fraction and/or a different structural organization of proteins within the matrix. In the 1350–1200 cm−1 region, mixed contributions from carbohydrates and proteins are observed, including the Amide III region. Sample SO is distinguished by a relatively more intense band around ~1241 cm−1, a region associated in the literature with Amide III vibrations (C–N and N–H) and/or overlapping contributions from polysaccharides, indicating a different distribution of components or a distinct molecular environment in this sample [27]. The 1200–900 cm−1 region, known as the carbohydrate “fingerprint” region, exhibits the most intense bands across all analyzed samples and is associated with C–O–C and C–O stretching vibrations characteristic of starch and polysaccharides such as β-glucans and hemicelluloses. All spectra exhibit characteristic absorptions at approximately 1150–1149 cm−1, 1076 cm−1, and 997–996 cm−1, as well as, for some samples, around ~931 cm−1, which are attributed to glycosidic bond vibrations and skeletal vibrations of polysaccharides. This region is widely used for the evaluation of structural differences and molecular organization of carbohydrates in cereals and complex food matrices and has been extensively discussed in the literature in the context of spectroscopic characterization of starch and glucans [27,28,29]. Compared with the other samples, sample BO exhibits more pronounced bands in the carbohydrate region (1200–900 cm−1), as well as a more intense O–H profile, suggesting a relatively higher contribution of hydrophilic and polysaccharide components, given that all samples were analyzed under identical experimental conditions.Considering that β-glucans represent a major functional constituent of oats, these spectral differences are consistent with reports linking higher polysaccharide contributions—particularly soluble β-glucans—to more favorable functional attributes, as described in the literature [26,30]. In the sub-900 cm−1 region, all oat varieties exhibit absorption bands or spectral shoulders in the 900–850 cm−1 range, as well as absorptions at approximately ~572–571 cm−1 and ~525–522 cm−1, which are attributed to skeletal vibrations and out-of-plane deformation modes of polysaccharide structures.The 900–850 cm−1 region includes a marker frequently reported in the FTIR literature for β-(1→3), (1→4)-D-glucans (approximately ~890 cm−1), associated with the β-configuration of glycosidic linkages within polysaccharides [28,31]. Considering that oats are widely recognized as a functional food due to their high content of soluble β-glucans and other bioactive compounds, the ATR–FTIR analysis performed in this study highlights spectral profiles characteristic of a polysaccharide-dominated matrix across all investigated samples. Under identical experimental conditions, sample BO exhibited the most pronounced spectral features associated with hydrophilic and polysaccharide components, observations that are consistent with reports in the literature describing oat varieties with a favorable nutritional and bioactive profile [26,27,28,29,30,31,32,33].In the case of the analyzed samples, the cultivar OO presented the highest intensities of the bands at ~1150 cm−1 and ~1076 cm−1, followed by BO, while JO and SO recorded lower values (Table 4). Since β-glucans represent a major fraction of non-starch polysaccharides in oats, these differences in intensity suggest a relatively higher contribution of the β-glucan structure in OO and BO compared to JO and SO.The band around ~997 cm−1 is associated with vibrations of the carbohydrate ring and may reflect changes in the arrangement of β-(1→3)/(1→4) bonds and the degree of branching of the glucan chains. The higher intensities observed in OO and BO in this region support differences in the structural organization of the β-glucan fraction between cultivars.The band at ~860 cm−1, related to vibrations of β-glycosidic bonds, was present in all samples, but with maximum intensities in OO, which reinforces the hypothesis of a relatively more pronounced content of β-glucan structures in this cultivar.Thus, based on the spectral profile and the relative intensities of the bands characteristic of polysaccharides, the following trend regarding the relative contribution of the β-glucan fraction can be suggested: OO > BO > JO ≈ SO.It is important to note that FTIR provides a semi-quantitative and comparative assessment, not a direct quantification of β-glucans and does not aim to replace advanced structural analyses such as NMR or chromatographic techniques, since the bands may also include contributions from starch or other hemicelluloses. However, the systematic differences observed between cultivars indicate real variations in the structure and proportion of β-glucan polysaccharides. 2.5. Rheological Profile of Composite Flours Based on Black Oat (Avena strigosa) and White Oat (Avena sativa L.) CultivarsThe Mixolab is an advanced rheological measuring instrument that allows simultaneous evaluation of the behavior of proteins and starch in flours under controlled thermo-mechanical conditions. This tool is widely used to predict the technological quality of bread-making flours and composite mixtures intended for bread-making [34,35]. 2.5.1. Mixolab Profiler IndexFigure 5 shows the Mixolab Profiler index, which expresses six technological parameters in the form of standardized indices (0–9). These indices facilitate comparison with recommended reference values for obtaining standard quality bread.As part of this study, the criteria for evaluating formulations based on wheat flour partially substituted with different oat flours were defined based on the ranges recommended by Chopin Technologies for good bread. These criteria, which relate to absorption (5–6), kneading stability (4–5), gluten strength (6–7), viscosity (5–6), amylase activity (7–8) and retrogradation (7–8), make it possible to measure the effectiveness of these different oat flours as partial substitutes for wheat flour in the formulations studied.After analyzing Figure 6, it was established that the water absorption index of the sample with 100% WF is low (2), which is significantly below the optimal range. This behavior is typical of refined wheat flours, which are characterized by low dietary fiber content and limited water retention capacity [36]. On the other hand, kneading stability (index 4) and gluten strength (index 8) indicate a well-developed gluten network and good mechanical tolerance. The viscosity (7) and amylase activity (7) indices are within the recommended values for bread making, indicating adequate starch gelatinization and balanced enzyme activity [29]. The high retrogradation index (8) suggests optimal crumb stability during storage, associated with a slowdown in staling. Thus, the control flour has good technological performance, although its low water absorption may limit the yield and nutritional value of the bread.The incorporation of 20% black oat flour (20% BO) led to a significant increase in water absorption (index 5), approaching the recommended range for bread making. This improvement is attributed to the high soluble fiber content of oats, particularly β-glucans, which have strong water-binding capacity [5]. However, the gluten strength index was zero, indicating major disruption of the gluten network. This alteration is attributable to the dilution of the gluten and the physical interference of the oat constituents. However, the high viscosity index (7) reflects the thickening effect of non-starch polysaccharides. The amylase activity index (8) and retrogradation index (8) are key markers for assessing fermentation quality and bread stability during storage [35]. These results suggest that black oats offer advantages in terms of hydration and nutrition, but that technological adjustments are needed to counteract the degradation of the protein network.The formulation containing 20% oat flour from the Ovidiu cultivar demonstrated optimal absorption, with an index of 6, which is in line with the recommendations of the Mixolab Profiler index for Bread. However, the analysis revealed that gluten strength remained moderate, with an index of 3, suggesting a partial weakening of the gluten network. The high viscosity index (7) and very high amylase activity (index 9) suggest intense enzymatic activity. Such activity can promote fermentation, but also increase the risk of sticky crumb if not controlled. Nevertheless, the retrogradation index (8) suggests satisfactory stability of the bread during storage. Indeed, a comparative analysis of the Ovidiu cultivar with black oats reveals that, although the former has a more balanced technological profile, control of enzymatic activity remains necessary to ensure optimal quality and safety.The incorporation of 20% Jeremy cultivar oat flour led to significantly higher water absorption (index 7), exceeding values considered optimal. This increase in water demand is likely due to the specific fiber composition and particle structure of the flour. Kneading stability (index 3) and gluten strength (index 0) reveal low mechanical tolerance and significant disruption of the gluten network. In addition, the reduced viscosity index (4) may be an indicator of an alteration in the starch –fiber matrix during the heating process [35]. Although retrogradation (index 7) is considered acceptable, analysis of the overall rheological profile indicates limited bread-making suitability for this cultivar at 20% substitution.Among the formulations enriched with oats, the Sorin cultivar exhibited the most favorable technological behavior. Water absorption (index 7) and viscosity (index 6) were close to the recommended values, indicating balanced hydration and adequate starch gelatinization. It should be noted that gluten strength (index 4), although slightly below the optimal range, remained higher than that observed for the other cultivars. The amylase activity (8) and retrogradation (7) indices are key indicators of fermentation quality and crumb stability [35]. These results suggest that the Sorin cultivar interacts more favorably with wheat flour, likely due to differences in protein composition and the nature of β-glucans.Analysis of formulations containing 20% oat flour revealed an increase in water absorption and viscosity, confirming the positive impact of oat fiber on dough hydration and structure. However, a decrease in gluten strength was observed, which is consistent with previous work on wheat-oat systems [37,38,39]. An in-depth analysis of the data collected by the Mixolab Profiler for Bread highlighted that the formulation containing 20% oat flour from the Sorin cultivar offers the best compromise between technological performance and nutritional enrichment. Formulations based on black oats and the Ovidiu cultivar also show promising potential, subject to technological adjustments such as the addition of enzymes or protein reinforcements. In contrast, the Jeremy cultivar shows limited bread-making capacity at the substitution rate considered. 2.5.2. Dough Stability Time (Min)Dough stability time is an essential rheological parameter, reflecting the ability of the gluten network to withstand mechanical action during kneading, and is closely correlated with dough processability and final bread quality. The values obtained indicate clear differences between the control bread made from wheat flour (100% WF) and the variants with the addition of 20% oat flour (Figure 6).The dough obtained from 100% wheat flour showed the highest stability (11.37 min), confirming the development of a continuous and resistant gluten network, specific to flours intended for bakery. This behavior is consistent with the specialized literature, which highlights the role of gluten proteins (gliadin and glutenin) in maintaining dough stability during kneading [40,41].The introduction of 20% oat flour resulted in an overall reduction in dough stability, an effect attributed to the dilution of gluten and the presence of non-gluten proteins, fibers, and oat-specific β-glucans. The lowest stability was observed for the 20% oat Jeremy bread (3.85 min), followed by 20% black oat (4.23 min). These values indicate a more fragile dough structure and reduced kneading tolerance, a phenomenon frequently reported in bakery formulations enriched with oats or other functional gluten-free cereals [42].The 20% oat Ovidiu bread showed intermediate stability (6.43 min), suggesting a better balance between the residual gluten network and the structural components introduced by the oats. The highest stability among the oat variants was recorded for 20% Sorin oat (7.38 min), indicating superior rheological behavior compared to the other enriched formulations. This varietal difference can be explained by particularities of the chemical composition of Sorin oat, including favorable interactions between proteins, lipids and mineral fractions, which may contribute to the stabilization of the dough’s colloidal matrix.In the recent literature, it has been demonstrated that oat lipids can exert a plasticizing effect on dough, while β-glucans increase viscosity and water retention capacity, but can reduce kneading tolerance when present in high amounts [43]. Therefore, the differences observed between the analyzed oat varieties suggest that not only the level of substitution, but also the genetic origin of the oat significantly influences dough stability.Overall, the results indicate that, although the addition of oats negatively affects dough stability compared to wheat flour, certain varieties, such as Sorin, can maintain stability values compatible with the technological requirements of bakery production, while others require process adjustments (reduced kneading time, optimized hydration). 2.5.3. Water Absorption (%)Water absorption capacity is a fundamental rheological parameter, reflecting the interaction between water and flour components (proteins, carbohydrates, fibers, and minerals), having a direct impact on the dough consistency and the baking process. The values obtained (Figure 7) indicate a clear increase in water absorption for all variants with the addition of 20% oat flour, compared to the control bread made from wheat flour (100% WF).The dough obtained from 100% wheat flour presented the lowest water absorption (55%), a typical value for refined white flours, characterized by a low fiber and mineral content. In contrast, all variants enriched with oats required an additional water intake, the absorption increasing up to 58–60%, confirming the significant influence of oats on the rheological behavior of the dough.The highest water absorption (60%) was observed for breads with 20% Sorin oat (20% SO) and 20% Jeremy oat (20% JO), followed by 20% Ovidiu oat (59%) and 20% black oat (58%). This hierarchy reflects the differences in chemical composition between the types of oats used and is consistent with the determined nutritional values. Thus, the variants with maximum absorption (20% JO and 20% SO) presented a higher content of proteins and lipids and a lower content of available carbohydrates, components known for their ability to bind water.The increase in water absorption can be attributed mainly to the soluble fibers in oats, especially β-glucans, which form hydrophilic structures capable of retaining large amounts of water. Additionally, non-gluten proteins and the mineral fraction contribute to the hydration of the dough through electrostatic interactions and hydrogen bonds. In the case of black oats and the Sorin variety, the high content of mineral substances may explain, at least in part, the higher absorption compared to the control, even if the values do not reach the maximum level observed for Jeremy.From a technological point of view, the increase in water absorption is an advantage for obtaining a wetter and more elastic core, but requires adjustments to the recipe and process (higher hydration, adapted kneading time). At the same time, this characteristic is closely related to the reduction in dough stability observed previously, suggesting that increased hydration favors viscosity, but can accelerate the weakening of the gluten network when oats are present in significant proportions.Overall, the results confirm that the type of oat differentially influences the water absorption capacity, even at the same level of substitution, and this varietal variability must be taken into account in the formulation and optimization of bakery products enriched with oats. 2.6. Bread Quality Assessment 2.6.1. Nutritional ProfilePartial replacement of wheat flour with 20% oat flour, regardless of the type of oat used, led to significant changes in the nutritional profile of the bread compared to the control obtained exclusively from wheat flour (100% WF) (Table 5). All variants enriched with oats presented a higher protein content, values ranging between 11.99% (WBSO) and 12.43% (WBJO), compared to 11.82% in the case of bread made from wheat flour. This increase can be attributed to the protein content of oats, known for its higher content of globular proteins and for a more balanced distribution of essential amino acids compared to wheat, although without functional gluten [40,41].The lipid content also increased in all oat variants, reaching a maximum in the bread with 20% Jeremy oat (1.23%), compared to only 0.74% in the control. This trend reflects the specific composition of oat, which is characterized by a higher lipid content than other cereals, and is rich in unsaturated fatty acids, contributing beneficial effects on cardiovascular health. The differences observed between varieties suggest the existence of a genotypic effect on the accumulation of the lipid fraction in the finished product.A notable increase was also observed for total mineral substances (ash). Bread with 20% black oat (WBBO) and that with 20% Sorin oat (WBSO) recorded the highest values (0.93%), almost three times higher than the control bread (0.32%). This result highlights the potential of oat, especially black oat and the Sorin variety, to improve the mineral density of bakery products, an aspect of major nutritional interest. The literature indicates that oats are an important source of K, Mg, Fe, Zn, and Mn, essential elements involved in energy metabolism and enzymatic function [42].In terms of carbohydrates, the oat variants presented comparable or slightly reduced values compared to the wheat flour bread, the lowest value being recorded for the 20% oat Jeremy bread (41.92%). This reduction is explained by the dilution of the wheat starch fraction and the increase in the proportion of oat-specific dietary fibers, especially β-glucans, which are not fully reflected in the available carbohydrate fraction [43]. The reduction in digestible carbohydrates, correlated with the increased fiber intake, is associated with a potential lower glycemic index, an aspect frequently reported for oat-enriched bakery products [43].From an energetic point of view, the nutritional value (kcal) of the bread was slightly higher for the variants with 20% black oat and Ovidiu oat (241.36 and 238.61 kcal), due to the higher lipid content, while the breads with 20% Jeremy and Sorin oat presented lower energy values (228.42 and 226.18 kcal), comparable or even lower than the control. These results suggest that the choice of the type of oats allows the adjustment of the energy density of the finished product depending on the nutritional objective pursued.Overall, the addition of 20% oat flour significantly improved the protein, mineral, and lipid profile of the bread, accompanied by a moderate reduction in available carbohydrates, confirming the potential of oats as a functional ingredient in bakery products. The differences observed between black oat and cultivated varieties (Ovidiu, Jeremy, and Sorin) highlight the importance of the genetic factor in determining the nutritional quality of bakery products and support the need for comparative evaluation of local varieties for the development of value-added products.Based on the nutritional data, the oat cultivar Jeremy emerged as the most suitable variety for breadmaking at a 20% substitution level, due to its superior protein and lipid contents, reduced carbohydrate fraction, and balanced energy value. While the bread with addition of Jeremy oat proved to be the most suitable in terms of protein and lipid enrichment, the bread fortified with Sorin cultivar showed superior mineral content, low lipidic and carbohydrate fractions and the lowest energy value, being recommended in a dietary diet.Bread with the addition of 20% black oat recorded the highest content of total mineral substances, almost three times higher compared to the wheat flour control, highlighting a superior mineral density. This characteristic is particularly relevant from a nutritional point of view, considering the role of macro- and microelements in energy metabolism, enzymatic function, and bone health. The specialized literature indicates that black oat is a valuable source of K, Mg, Fe, Zn and Mn, essential elements that can contribute to reducing the risk of mineral deficiencies in the diet.In addition, black oat is recognized for its high content of bioactive compounds, including polyphenols and pigments with antioxidant activity, which can confer additional functional properties to the finished products. The presence of these compounds, combined with the high level of minerals, supports the potential of black oat for the development of value-added bakery products, oriented towards consumer segments interested in functional and healthy foods.From a technological perspective, although black oat has not reached the maximum values in terms of protein or lipid content, their distinct nutritional profile and significant contribution to the mineral enrichment of bread recommend them as an important complementary ingredient. Thus, the use of black oat in bakery products can be justified not only in terms of nutritional value, but also as a strategy for diversifying raw materials and capitalizing on less exploited genetic resources.These results indicate that the optimal oat genotype depends on whether nutritional or functional criteria are prioritized. The integration of different types of oats in bakery recipes can contribute to the development of differentiated products, adapted to current market requirements and oriented towards promoting a healthy diet. 2.6.2. Physical Characteristics of Different Types of BreadTable 6 shows the quality criteria for different types of bread obtained. These are porosity (a key parameter of bread quality, directly linked to the dough’s ability to retain the gases produced during fermentation and to the stability of the protein network during baking), elasticity (an indicator of the crumb’s ability to regain its shape after compression, which is highly dependent on the integrity of the protein network and the distribution of air pockets), and the H/D ratio (a macroscopic parameter reflecting the bread’s ability to expand during baking).An examination of the data presented in the above table shows that the incorporation of 20% oat flour into the bread composition (WBBO, WBOO, WBJO, and WBSO) resulted in significant changes in the crumb structure and physical properties compared to the control bread made from white wheat flour (WB). The highest porosity observed for WB (68.25%) reflects a well-developed gluten network, while the composite breads showed reduced porosity (54.44–59.69%), reflecting a lower gas retention capacity due to gluten dilution and interference from oat components (insoluble fiber, β-glucans) [44,45]. This reduction was accompanied by a decrease in elasticity, which was particularly marked for bread containing the Jeremy cultivar oats (WBJO), suggesting a more compact and less resilient crumb. These differences suggest that the impact of oats on elasticity is cultivar-dependent; i.e., it varies depending on the oat variety. Higher elasticity was correlated with a more beneficial interaction between the components of oats and the starch-gluten matrix, as well as a more homogeneous distribution of pores in the crumb [46].Regarding the H/D ratio, the addition of oat flour led to a reduction in this ratio for all composite breads, with the lowest values recorded for WBJO (0.59 ± 0.05) and WBOO (0.61 ± 0.02). These results confirm the hypothesis that partial substitution of wheat flour with oats limits bread expansion. This limitation is due to the reduction in gluten network strength and the increase in dough viscosity. However, the analyses revealed that WBSO (0.62 ± 0.02) and WBBO (0.70 ± 0.01) bread had a higher relative expansion capacity, suggesting that certain oat cultivars are better able to preserve the rising properties of bread.A joint analysis of porosity, elasticity, and the H/D ratio reveals significant variability between different oat cultivars. WBJO bread is characterized by limited technological performance, manifested by a more compact, less elastic crumb and reduced expansion. In contrast, WBBO and WBSO breads offer a more advantageous compromise between crumb structure and mechanical properties. These differences are attributable to the specific composition of oat cultivars, particularly their β-glucan content, flour particle size distribution, and interactions with wheat proteins. Previous research has established that β-glucans are likely to induce an increase in water retention while contributing to a stiffening of the dough structure. This dynamic has repercussions on the physical properties of bread, particularly its volume and texture [47,48]. 2.7. Color ParametersThe color parameters of oat varieties, composite flours, and bread samples measured using the colorimeter method according to the CIE Lab* color system are presented in Table 7.The instrumental color parameters highlight clear differences between the analyzed oat varieties. The brightness (L*) showed a progressive increase from the reference sample (67.85 ± 3.44) to the oat varieties, the highest value being recorded for the Sorin variety (78.47 ± 0.10). This indicates a lighter appearance of the flour/grains from this variety, the differences in brightness being associated in the specialized literature with variations in the composition of the peripheral layer of the grain, the fiber content and the degree of natural pigmentation of the different oat genotypes [49,50].The a* coordinate (green–red) was the lowest in the reference sample (0.68 ± 0.60) and increased significantly in the oat varieties, reaching a maximum in Sorin (3.28 ± 0.50). Higher positive values indicate a tendency towards more reddish shades, a phenomenon also reported in other studies for colored oats or for varieties with higher content of phenolic compounds located in the outer layers of the grain.Similarly, the b* coordinate (blue–yellow) showed a consistent increase from 8.50 ± 7.57 to 15.07 ± 0.00, indicating an intensification of yellow tones in the case of oat varieties, especially the Sorin variety. The literature shows that these differences can be correlated with the presence of natural pigments (of the carotenoid type) and with the composition of bran fractions, which vary between genotypes.Total color difference (ΔE) relative to the wheat control ranged from 3.89 to 12.76, indicating that varietal differences in oats produced visible to pronounced changes in color, with the Sorin variety showing the greatest chromatic deviation.Overall, the results confirm that the oat variety significantly influences the chromatic characteristics, with differences in L*, a* and b* reflecting genetic and compositional particularities of the grains. Such inter-cultivar variations have been previously reported and are considered indicators of biochemical and structural diversity among cultivars [49,50].Similar trends are also observed in the case of composite flours with minimum value for L* parameter recorded for composite flour with 20% black oat (74.40 ± 5.55) and without significant differences between white oat varieties regarding this index.The a* coordinate (green–red) and b* coordinate (blue–yellow) recorded maximum values in the case of Sorin composite flour, indicating an intensification of these colors for flours obtained with addition of this white oat variety. The addition of oats significantly influenced the bread color. Compared to wheat bread (WB), all oat samples showed lower L* values and higher a* and b* values, indicating a darker core and warmer (reddish–yellowish) hues. This behavior is frequently reported in breads made from composite flours and is associated with the presence of bran fractions, phenolic compounds and the intensification of Maillard reactions during baking.The total color difference (ΔE) for bread samples with oat flour addition compared to the control was very high (14.96–21.51), confirming that the addition of oats produces visible and technologically relevant chromatic changes. The most pronounced differences were observed for WBBO and WBOO, indicating a greater contribution of these varieties to darkening and intensifying the core color. In food colorimetry, ΔE > 3 is already a difference visible to the naked eye, and values > 10 indicate a very obvious difference. This means that all oat breads are clearly chromatically different from the control [51,52].Although the Sorin variety exhibited the largest color deviation in the oat flour samples, this trend was not maintained in bread, where color development is mainly governed by Maillard reactions, starch–protein interactions, and the dilution effect of wheat flour, rather than the intrinsic pigment composition of the oat variety. 3. Materials and Method 3.1. Raw Material and Sample PreparationBlack oat and conventional oat cultivars (Ovidiu, Jeremy, Sorin) were grown in the 2024 season under standard agronomic practices in the Banat region (Romania). The three white oat cultivars (Ovidiu, Jeremy, and Sorin) and the black oat variety included in this study were selected because they are widely grown and agronomically adapted cultivars, representing the types of oats that are realistically available for use in cereal processing. Therefore, the study was designed as an applied technological assessment, focusing on how representative cultivated varieties behave in wheat–oat composite bread systems. These varieties are widely cultivated under local pedoclimatic conditions and form the basis of regional oat production. Evaluating their technological performance and functional potential in wheat–oat composite bread systems is therefore of both scientific and practical significance, as existing research has rarely considered such locally relevant cultivars in a comprehensive technological and functional context.After harvest, grains were cleaned, air-dried to a moisture content of approximately 12%, and stored in sealed polyethylene bags at 4 °C until analysis.Prior to chemical analyses, grains were milled using a laboratory hammer mill (mesh size 0.5 mm). This particle size and the wholemeal nature of the flour contributed to the presence of coarse particles, which influenced the texture and surface appearance of the bread. The resulting wholemeal flours were used for the determination of proximate composition (protein, lipid, ash) and mineral profile (macro- and microelements). All analyses were performed in triplicate. 3.2. Determination of HumidityMoisture content of flours and bread samples was determined according to the AOAC air-oven drying method and calculated as weight loss during drying, then expressed as a percentage of the initial sample weight [53]. 3.3. Determination of Crude ProteinCrude protein content was determined by the Kjeldahl method according to AOAC method 979.09 [54]. Total nitrogen content (n, %) was calculated from the volume of titrant and converted to crude protein using a conversion factor of 6.25. Results were expressed as g protein per 100 g dry matter (DM). 3.4. Determination of Crude LipidCrude lipid content was determined by Soxhlet extraction according to AOAC 920.39 [53] using petroleum ether as solvent. Results were expressed as g per 100 g DM. 3.5. Determination of Total Mineral Substances (Ash)Ash content was determined gravimetrically according to AOAC 923.03 by incineration at 550 °C [53]. Results were expressed as g per 100 g DM. 3.6. Determination of CarbohydratesCarbohydrate content was calculated by difference, based on proximate composition, according to the approach commonly used in AOAC analyses for reporting “total available carbohydrates” [53]. 3.7. Determination of Macro- and Microelements by Atomic Absorption SpectrometryMacro- (K, Na, Ca, Mg) and microelements (Fe, Zn, Mn, Cu) were quantified by flame atomic absorption spectrometry (FAAS) using element-specific hollow cathode lamps. External calibration curves were prepared with certified standard solutions (R2 > 0.999). Element concentrations were expressed as mg/kg DM [54]. 3.8. Determination of Total Polyphenol Content and Antioxidant Activity (DPPH Assay)Total polyphenol content was determined using the Folin–Ciocalteu method, while antioxidant activity was evaluated by the DPPH radical scavenging assay [55].First, an ethanolic extract was obtained from 1 g of sample (wheat or oat cultivars) with 10 mL of ethanol 70%. The extract was combined with diluted Folin–Ciocalteu reagent (1:10, v/v) and 1 mL of sodium carbonate solution (60 g/L). The reaction mixture was incubated at 50 °C for 30 min. Subsequently, the absorbance was recorded at 750 nm using a UV–Vis spectrophotometer (Specord 205; Analytik Jena AG, Jena, Germany). The results were expressed as milligrams of gallic acid equivalents (GAE) per 100 g of sample.For DPPH assay an aliquot of 0.5 mL from the ethanolic extract prepared as above was mixed with 0.5 mL of a 0.004% (w/v) DPPH solution. The reaction mixtures were vortexed and incubated for 30 min at room temperature in the dark, and the absorbance was measured at 517 nm using a spectrophotometer (Specord 205; Analytik Jena AG, Jena, Germany). Ascorbic acid was used as a positive control, while the DPPH solution without extract served as the negative control. All measurements were performed in triplicate. The DPPH radical scavenging activity (RSA) was calculated according to the following equation: RSA (%) = (1 − A/A0) × 100 (1) where-A0 represents the absorbance of the negative control-A represents the absorbance of the sample extract 3.9. FTIR SpectraFourier transform infrared (FTIR) spectroscopy was performed using a Nicolet iS50 FT-IR spectrometer (Thermo Fisher Scientific, Waltham, MA, USA) equipped with an attenuated total reflectance (ATR) crystal. Infrared spectra were recorded in the spectral range of 4000–400 cm−1, with a resolution of 4 cm−1 and accumulation of 32 scans per sample. Prior to analysis, samples were pre-dried at 40 °C overnight to remove residual moisture that could interfere with spectral acquisition and interpretation. After drying, the samples were placed directly onto the ATR crystal, and spectra were collected under controlled conditions [54]. FTIR spectra were recorded for each oat flour sample in triplicate, with measurements performed at different points of the sample to minimize heterogeneity effects. The presented spectra represent averaged profiles from repeated acquisitions. 3.10. Preparation of Composite Flours Based on Different Oat CultivarsComposite flours were prepared by substituting wheat flour (WF) with 20% oat flour (OF) (w/w), resulting in blends containing 80% wheat flour and 20% oat flour. A substitution level of 20% oat flour was selected as a technologically relevant compromise, providing functional enrichment while maintaining acceptable dough rheology and bread quality, as higher levels are known to impair gluten network development and loaf structure. This level was chosen to ensure sufficient gluten content for dough development while allowing a meaningful contribution of oat-derived nutrients and bioactive compounds. Substitution levels in the range of 15–25% have been widely reported as technologically suitable for wheat–oat composite breads, as higher levels tend to weaken the gluten network and adversely affect loaf volume and crumb structure [17,55]. The selected substitution level also reflects industrial relevance, as composite flours containing up to 20% oat flour are commonly used in commercial bakery formulations to improve dietary fiber, mineral content, and antioxidant capacity without compromising product quality [17,55]. The composite flours were subsequently used for MIXOLAB analysis and breadmaking experiments. Five composite flours and the corresponding 5 composite breads were prepared and analyzed, as presented in Table 8. 3.11. Dough Rheological Properties (Mixolab Assay)The rheological behavior of wheat dough supplemented with black and white oat flour was evaluated using a Mixolab apparatus (Chopin Technologies, Paris, France), according to the ICC Standard No. 173 [56]. Wheat flour was partially substituted with 20% oat flour (w/w).The standard Chopin + protocol was applied to assess protein behavior during mixing and heating, starch gelatinization, enzymatic activity, and starch retrogradation. The main Mixolab parameters recorded were: water absorption (%), dough development time (min), stability (min), C1 (initial dough consistency), C2 (protein weakening), C3 (starch gelatinization), C4 (hot gel stability), and C5 (starch retrogradation) [51].All measurements were performed in duplicate, and values were expressed as mean ± SD. 3.12. Breadmaking ProcedureIn order to evaluate the technological properties and the possibility of use in baking, composite flours based on white wheat flour and different oat cultivar flours were used in the preparation of bread samples, coded as presented in Table 2.Bread samples were prepared using a straight dough method [51]. The basic formulation consisted of wheat flour (or wheat flour partially replaced with black/white oat flour, as presented in Table 2), compressed baker’s yeast (2%), salt (1.8%), and water according to Mixolab-determined water absorption [56]. Doughs were mixed for 10 min, fermented at 30 °C and 85% relative humidity for 40 min, molded, proofed for 20 min, and baked at 220 °C for 25 min. Breads were cooled at room temperature for 2 h prior to analysis [51]. The samples obtained and the recipes are presented in Figure 8. 3.13. Bread Quality Evaluation 3.13.1. Crumb ElasticityCrumb elasticity was evaluated 24 h after baking using a compression–recovery test. Cylindrical crumb samples (height 6 cm) were carefully excised from the central part of the loaf to avoid crust influence. Compression was applied using a manual laboratory screw press equipped with parallel flat plates, providing vertical and uniform loading of the sample. The force was applied gradually by manual screw displacement until visible deformation of the crumb structure occurred. The deformation was then maintained for 1 min, monitored using a digital stopwatch. Because the compression was manually operated, the crosshead speed was not instrumentally controlled; however, all tests were conducted by the same operator under consistent handling conditions to ensure comparability among samples. After removal of the load, the sample was allowed to recover without external force. The initial height of the crumb cylinder before compression (A, cm) and the recovered height after the recovery period (B, cm) were measured using a digital caliper with 0.01 cm precision. Elasticity was calculated as the ratio of recovered height after deformation to initial height and expressed as a percentage, according to the following formula [57]. Elasticity (%) = B/A × 100 (2) where-A is the height of the core cylinder prior to the application of pressure (cm),-B is the height of the cylinder after it has been returned to its original state following the pressure application (cm). 3.13.2. PorosityPorosity was expressed as the percentage of total void area relative to the total crumb area, according to the standard SR 91:2007 [57] using the formula: P o r o s i t y % = V − m ρ V × 100 (3) -V is the volume of the crumb cylinder (cm3),-m is the mass of sample (g),-ρ is the density of the compact crumb (g/cm3). 3.13.3. Height-to-Diameter Ratio (H/D)Loaf height (H) and diameter (D) were measured using a digital caliper at three different points per loaf. The height-to-diameter ratio (H/D) was calculated as an indicator of loaf shape and volumetric stability [58]. 3.14. Color AnalysisThe color parameters of oat varieties, composite flours and bread samples were measured using a colorimeter (Konica Minolta, Tokyo, Japan) according to the CIE Lab* color system, which is widely used for objective color evaluation. In this system, L* represents lightness (0 = black, 100 = white), a* indicates the position on the green (−) to red (+) axis, and b* describes the blue (−) to yellow (+) axis [58]. All determinations were performed in triplicate. Δ E = ( L * − L 0 ) 2 + ( a * − a 0 ) 2 + ( b * − b 0 ) 2 (4) where-L* represents lightness of oat sample and L0 lightness control (WF)-a* value of oat sample and a0 value of control (WF) sample on green (−) to red (+) axis-b* value of oat sample and b0 value of control (WF) sample on blue (−) to yellow (+) axis 3.15. Statistical Analysis and CorrelationsResults are presented as mean ± standard deviation (SD). All experimental data were subjected to a one-way analysis of variance (ANOVA) followed by Duncan’s multiple range test to identify statistically significant differences (p < 0.05). For macro- and microelements composition, in order to explore the relationships between variables, Pearson’s linear correlation analysis was performed. Where strong and statistically significant correlations were observed, linear regression models were further established to quantify these associations. Subsequently, the data set was analyzed using two multivariate statistical techniques: Principal Component Analysis (PCA) and Cluster Analysis. All statistical computations and graphical representations were performed using the R statistical computing environment (v4.3.3; R Core Team, 2023, Vienna, Austria). 4. ConclusionsThis study provides a comprehensive evaluation of the nutritional, bioactive, structural, and technological characteristics of different oat genotypes incorporated at a 20% substitution level in wheat-based composite flours and bread formulations. Unlike previous studies, the present paper directly compares black oat with locally developed oat cultivars under identical experimental conditions, demonstrating distinct genotype-dependent mechanisms governing mineral accumulation, antioxidant activity, and technological performance. By focusing on oat varieties characteristic of the Romanian agricultural area, this study delivers regionally relevant technological and functional insights that support their effective utilization in composite bakery formulations.Therefore, the contribution of this work is not limited to compositional comparison but provides a system-level understanding of how oat variety influences the technological performance and functional enhancement of bread. Further studies involving direct microstructural analysis are needed to complement the rheological and physical findings and to elucidate the underlying structural mechanisms.Overall, the results confirm that all the oat variants investigated retain the fundamental nutritional attributes of oats—namely, their contribution as valuable sources of high-quality proteins and lipids—while simultaneously influencing dough rheology and bread quality in a genotype-dependent manner. FTIR analysis revealed differences between cultivars in the spectral regions characteristic of polysaccharides, suggesting variations in the contribution of the β-glucan fraction between the oat varieties studied.Among the genotypes evaluated, the Sorin cultivar showed the most favorable overall profile, combining high mineral content, strong antioxidant activity, and acceptable dough stability at a 20% substitution level. Black oat flour represents a valuable alternative for the development of bakery products targeting enhanced mineral and antioxidant properties, albeit with the need for minor process adjustments such as optimized hydration and kneading conditions. These findings provide useful guidance for both breeders and the bakery industry in selecting appropriate oat genotypes to develop functional bread products aligned with consumer demand for healthier foods.Future studies should aim to optimize wheat–oat composite formulations by adjusting substitution levels and processing conditions according to oat genotype. Particular attention should be given to black oat and the Sorin cultivar to better understand the bioavailability of minerals and polyphenols and to improve dough stability through targeted technological interventions. Author ContributionsAll authors contributed to the study conception and design. Conceptualization and original draft preparation: B.C., D.S., A.C. and E.A.; methodology: B.C., S.D., A.C., D.L., D.S., I.R., I.I., G.P., L.C., M.S., E.A. and F.I.; formal analysis: B.C., S.D., A.C., D.L., D.S., I.R., I.I., G.P., L.C., M.S., E.A. and F.I.; review and editing and validation: B.C., A.C. and F.I.; supervising: F.I. All authors have read and agreed to the published version of the manuscript.FundingThis research is published from the own funds of the University of Life Sciences “King Mihai I” from Timișoara.Institutional Review Board StatementNot applicable.Informed Consent StatementNot applicable.Data Availability StatementThe original contributions presented in the study are included in the article; further inquiries can be directed to the corresponding author.AcknowledgmentsWe would like to thank the University of Life Sciences “King Mihai I”, Timișoara, for their support in covering the costs of publishing this research paper. The authors are deeply grateful to the staff of the University of Life Sciences “King Mihai I”, Timișoara, Romania, and the Romanian Academy, “Coriolan Dragulescu” Institute of Chemistry, Timișoara, Romania, for their valuable support. The authors used ChatGPT-5 (OpenAI, San Francisco, CA, USA), an artificial intelligence language model developed by OpenAI, exclusively to improve the language and readability of the manuscript. All scientific content, interpretations, and conclusions represent the original work of the authors.Conflicts of InterestThe authors declare no conflicts of interest.ReferencesButt, M.S.; Tahir-Nadeem, M.; Khan, M.K.I.; Shabir, R.; Butt, M.S. Oat: Unique among the cereals. Eur. J. Nutr. 2008, 47, 68–79. [Google Scholar] [CrossRef] [PubMed]El Khoury, D.; Cuda, C.; Luhovyy, B.L.; Anderson, G.H. Beta-glucan: Health benefits in obesity and metabolic syndrome. J. Nutr. Metab. 2012, 2012, 851362. [Google Scholar] [CrossRef] [PubMed]Biel, W.; Bobko, K.; Maciorowski, R. Chemical composition and nutritive value of husked and naked oats grain. J. Cereal Sci. 2009, 49, 413–418. [Google Scholar] [CrossRef]Leszczyńska, D.; Wirkijowska, A.; Gasiński, A.; Średnicka-Tober, D.; Trafiałek, J.; Kazimierczak, R. Oat and oat processed products—Technology, composition, nutritional value, and health. Appl. Sci. 2023, 13, 11267. [Google Scholar] [CrossRef]Alemayehu, G.F.; Forsido, S.F.; Tola, Y.B.; Amare, E. Nutritional and phytochemical composition and associated health benefits of oat (Avena sativa) grains and oat-based fermented food products. Sci. World J. 2023, 2023, 2730175. [Google Scholar] [CrossRef]Sterna, V.; Zute, S.; Brunava, L. Oat grain composition and its nutrition benefit. Agric. Agric. Sci. Procedia 2016, 8, 252–256. [Google Scholar] [CrossRef]McLauchlan, J.; Tyler, A.I.I.; Orfila, C.; Sarkar, A. Characterisation of an oat protein–beta-glucan co-extract. Food Hydrocoll. 2026, 171, 111756. [Google Scholar] [CrossRef]Brindzová, L.; Čertík, M.; Rapta, P.; Zalibera, M.; Mikulajová, A.; Takácsová, M. Antioxidant activity, β-glucan and lipid contents of oat varieties. Czech J. Food Sci. 2008, 26, 163–173. [Google Scholar] [CrossRef]Čech, M.; Ivanišová, E.; Hozlár, P.; Tokár, M.; Zagula, G.; Gumul, D.; Kačániová, M.; Sterczyńska, M.; Haščík, P. Nutritional composition, biological activity and technological properties of new Slovakian black oat varieties. J. Microbiol. Biotechnol. Food Sci. 2021, 11, e4238. [Google Scholar] [CrossRef]Ivanišová, E.; Čech, M.; Hozlár, P.; Zaguła, G.; Gumul, D.; Grygorieva, O.; Makowska, A.; Kowalczewski, P.Ł. Nutritional, Antioxidant and Sensory Characteristics of Bread Enriched with Wholemeal Flour from Slovakian Black Oat Varieties. Appl. Sci. 2023, 13, 4485. [Google Scholar] [CrossRef]Varga, M.; Jójárt, R.; Fónad, P.; Mihály, R.; Palágyi, A. Phenolic Composition and Antioxidant Activity of Colored Oats. Food Chem. 2018, 268, 153–161. [Google Scholar] [CrossRef] [PubMed]Chmelová, D.; Ondrejovič, M.; Havrlentová, M.; Hozlár, P. Antioxidant Activity in Naked and Hulled Oat (Avena sativa L.) Varieties. J. Microbiol. Biotechnol. Food Sci. 2015, 4, 63–65. [Google Scholar] [CrossRef]Ibrahim, M.S.; Ahmad, A.; Sohail, A.; Asad, M.J. Nutritional and Functional Characterization of Different Oat (Avena sativa L.) Cultivars. Int. J. Food Prop. 2020, 23, 1373–1385. [Google Scholar] [CrossRef]Kim, I.S.; Hwang, C.W.; Yang, W.S.; Kim, C.H. Multiple Antioxidative and Bioactive Molecules of Oats (Avena sativa L.) in Human Health. Antioxidants 2021, 10, 1454. [Google Scholar] [CrossRef] [PubMed]Jakobsone, I.; Zute, S.; Bleidere, M.; Kantane, I.; Ece, L.; Bartkevics, V. Macro and Trace Elements in Oat Cultivars Bred in Latvia. Zemdirb. Agric. 2019, 106, 23–30. [Google Scholar] [CrossRef]Alemayehu, G.F.; Forsido, S.F.; Tola, Y.B.; Teshager, M.A.; Assegie, A.A.; Amare, E. Proximate, Mineral and Anti-Nutrient Compositions of Oat Grains (Avena sativa) Cultivated in Ethiopia: Implications for Nutrition and Mineral Bioavailability. Heliyon 2021, 7, e07722. [Google Scholar] [CrossRef]Dossa, S.; Rinovetz, A.; Neagu, C.; Stoin, D.; Lalescu, D.; Jianu, C.; Radulov, I.; Serpe, L.; Brinzeu, A.; Alexa, E. Impact of Sunflower (Helianthus annuus) Seed Meal Use on the Nutritional, Phytochemical, Rheological, Physicochemical, and Sensory Quality of Wheat Bread. Appl. Sci. 2026, 16, 461. [Google Scholar] [CrossRef]Kraisig, A.R.; da Silva, J.A.G.; Carvalho, I.R.; Colet, C.D.F.; Fachinetto, J.; da Rosa Fraga, D.; Conceição, G.M.; Peter, C.L.; da Rosa, J.A.; Basso, N.C.F.; et al. Biofortification via Foliar Application of Zinc in Oat Grains and the Effects on Nutritional Quality and Productivity Indicators. Aust. J. Crop Sci. 2023, 17, 798–806. [Google Scholar] [CrossRef]FeedTables. Oats: Mineral Composition Tables (Zn, Cu, etc.). Available online: https://www.feedtables.com/content/oats (accessed on 15 November 2025).Mrázková, M.; Sumczynski, D.; Šenkárová, L.; Salek, R.N. Dietary Intakes and Exposures to Minerals and Trace Elements from Cereal-Based Mixtures: Potential Health Benefits and Risks for Adults. Nutrients 2025, 17, 2848. [Google Scholar] [CrossRef]Jordan-Meille, L.; Holland, J.E.; McGrath, S.P.; Glendining, M.J.; Thomas, C.L.; Haefele, S.M. The grain mineral composition of barley, oat and wheat on soils with pH and soil phosphorus gradients. Eur. J. Agron. 2021, 126, 126281. [Google Scholar] [CrossRef]Sang, S.; Chu, Y. Whole Grain Oats, More than Just a Fiber: Role of Unique Phytochemicals. Mol. Nutr. Food Res. 2017, 61, 1600715. [Google Scholar] [CrossRef] [PubMed]Zieliński, H.; Kozłowska, H. Antioxidant Activity and Total Phenolics in Selected Cereal Grains and Their Different Morphological Fractions. J. Agric. Food Chem. 2000, 48, 2008–2016. [Google Scholar] [CrossRef]Gangopadhyay, N.; Hossain, M.B.; Rai, D.K.; Brunton, N.P. A Review of Extraction and Analysis of Bioactives in Oat and Barley and Scope for Use of Novel Food Processing Technologies. Molecules 2015, 20, 10884–10909. [Google Scholar] [CrossRef]Kaur, H.; Gill, B.S.; Karwasra, B.L. In vitro digestibility, pasting, and structural properties of starches from different cereals. Int. J. Food Prop. 2018, 21, 70–85. [Google Scholar] [CrossRef]Zhu, K.; Aykas, D.P.; Anderson, N.; Ball, C.; Plans, M.; Rodriguez-Saona, L. Nutritional quality screening of oat groats by vibrational spectroscopy using field-portable instruments. J. Cereal Sci. 2022, 107, 103520. [Google Scholar] [CrossRef]Deng, G.; Nagy, C.; Yu, P. Combined molecular spectroscopic techniques (SR-FTIR, XRF, ATR-FTIR) to study physiochemical and nutrient profiles of Avena sativa grain and nutrition and structure interactive association properties. Crit. Rev. Food Sci. Nutr. 2023, 63, 7225–7237. [Google Scholar] [CrossRef]Suraiya, S.; Jang, W.J.; Haq, M.; Kong, I.S. Isolation and characterization of β-glucan containing polysaccharides from Monascus spp. using Saccharina japonica as submerged fermented substrate. Polysaccharides 2024, 5, 435–449. [Google Scholar] [CrossRef]Sujka, K.; Koczoń, P.; Ceglińska, A.; Reder, M.; Ciemniewska-Żytkiewicz, H. The application of FT-IR spectroscopy for quality control of flours obtained from polish producers. J. Anal. Methods Chem. 2017, 2017, 4315678. [Google Scholar] [CrossRef]Christodoulou, P.; Athanasopoulou, S.; Ladika, G.; Konteles, S.J.; Cavouras, D.; Sinanoglou, V.J.; Kritsi, E. Decoding Plant-Based Beverages: An Integrated Study Combining ATR-FTIR Spectroscopy and Microscopic Image Analysis with Chemometrics. App. Chem. 2025, 5, 16. [Google Scholar] [CrossRef]Majumdar, A.; Gil-González, A.B.; Grau, A.B.; Sardari, R.R.; Larsson, O.; Thyagarajan, A.; Zambrano, J.A. Macromolecular characterization of high β-glucan oat lines. Heliyon 2024, 10, e24552. [Google Scholar] [CrossRef]Synytsya, A.; Novak, M. Structural analysis of glucans. Annals Transl. Med. 2014, 2, 17. [Google Scholar] [CrossRef]Paudel, D.; Dhungana, B.; Caffe, M.; Krishnan, P. A review of health-beneficial properties of oats. Foods 2021, 10, 2591. [Google Scholar] [CrossRef]Dubat, A. A new AACC International approved method to measure rheological properties of a dough sample. Cereal Foods World 2010, 55, 150. [Google Scholar] [CrossRef]Chopin Applications Laboratory. Mixolab Applications Handbook. In Rheological and Enzymatic Analysis; Chopin Applications Laboratory: Villeneuve-la-Garenne, France, 2009. [Google Scholar]Rosell, C.M.; Rojas, J.A.; De Barber, C.B. Influence of hydrocolloids on dough rheology and bread quality. Food Hydrocoll. 2001, 15, 75–81. [Google Scholar] [CrossRef]Hager, A.-S.; Ryan, L.A.M.; Schwab, C.; Gänzle, M.G.; O’dOherty, J.V.; Arendt, E.K. Influence of the soluble fibres inulin and oat β-glucan on quality of dough and bread. Eur. Food Res. Technol. 2011, 232, 405–413. [Google Scholar] [CrossRef]Mei, Z.; Wang, W.; Feng, X.; Liu, M.; Peng, S.; Chen, L.; Chen, H.; Lin, S. Effect of soluble oat β-glucan and tea polyphenols on the rheological properties and microstructure of wheat dough. LWT 2024, 198, 116004. [Google Scholar] [CrossRef]Ruja, A.; Cozma, A.; Cozma, B.; Horablaga, N.M.; Dinulescu, C.; Alexa, E.; Buzna, C.; Cocan, I.; Berbecea, A.; Dossa, S.; et al. Nutritional, Phytochemical, and Rheological Profiles of Different Oat Varieties and Their Potential in the Flour Industry. Agronomy 2024, 14, 1438. [Google Scholar] [CrossRef]Cappelli, A.; Cini, E. Challenges and Opportunities in Wheat Flour, Pasta, Bread, and Bakery Product Production Chains: A Systematic Review of Innovations and Improvement Strategies to Increase Sustainability, Productivity, and Product Quality. Sustainability 2021, 13, 2608. [Google Scholar] [CrossRef]Shewry, P.R.; Hey, S.J. The Contribution of Wheat to Human Diet and Health. Food Energy Secur. 2015, 4, 178–202. [Google Scholar] [CrossRef]Hu, H.; Lin, H.; Xiao, L.; Guo, M.; Yan, X.; Su, X.; Liu, L.; Sang, S. Impact of Native Form Oat β-Glucan on the Physical and Starch Digestive Properties of Whole Oat Bread. Foods 2022, 11, 2622. [Google Scholar] [CrossRef]Bieniek, A.; Buksa, K. The Influence of Oat β-Glucans of Different Molar Mass on the Properties of Gluten-Free Bread. Molecules 2024, 29, 4579. [Google Scholar] [CrossRef] [PubMed] [PubMed Central]Flander, L.; Suortti, T.; Katina, K.; Poutanen, K. Effects of wheat sourdough process on the quality of mixed oat-wheat bread. LWT Food Sci. Technol. 2011, 44, 656–664. [Google Scholar] [CrossRef]Mariotti, M.; Lucisano, M.; Ambrogina, P.M. Development of a baking procedure for the production of oat-supplemented wheat bread. Int. J. Food Sci. Technol. 2006, 41, 151–157. [Google Scholar] [CrossRef]Scanlon, M.G.; Zghal, M.C. Bread properties and crumb structure. Food Res. Int. 2001, 34, 841–864. [Google Scholar] [CrossRef]Hager, A.-S.; Arendt, E.K. Influence of hydroxypropylmethylcellulose (HPMC), xanthan gum and their combination on loaf specific volume, crumb hardness and crumb grain characteristics of gluten-free breads based on rice, maize, teff and buckwheat. Food Hydrocoll. 2013, 32, 195–203. [Google Scholar] [CrossRef]Lazaridou, A.; Biliaderis, C.G. Molecular aspects of cereal β-glucan functionality: Physical properties, technological applications and physiological effects. J. Cereal Sci. 2007, 46, 101–118. [Google Scholar] [CrossRef]Lee, N.-Y.; Ha, K.-Y. Quality Characteristics of Bread Added with Oat Flours. Korean J. Crop Sci. 2011, 56, 107–112. [Google Scholar] [CrossRef]He, X.; Li, X.; Chen, D.; Huang, S.; Tao, N. Effect on bread properties of partial substitution of wheat flour with oat flour and flour from oat grain germinated in the light or dark. Int. J. Food Sci. Technol. 2023, 58, 1979–1986. [Google Scholar] [CrossRef]Ramos-Souza, C.; Bandoni, D.H.; de Rosso, V.V. Color Development in Carotenoid-Enriched Bigels: Effects of Extraction Method, Saponification, and Oleogel-to-Hydrogel Ratios on CIELAB Parameters. Gels 2025, 11, 823. [Google Scholar] [CrossRef]Rodríguez, R.; Murgui, X.; Rios, Y.; Puértolas, E.; Pérez, I. Application of Microwaves to Reduce Checking in Low-Fat Biscuits: Impact on Sensory Characteristics and Energy Consumption. Foods 2025, 14, 2693. [Google Scholar] [CrossRef]AOAC International. Official Methods of Analysis of AOAC International, 20th ed.; AOAC International: Gaithersburg, MD, USA, 2016. [Google Scholar]Dossa, S.; Neagu, C.; Lalescu, D.; Negrea, M.; Stoin, D.; Jianu, C.; Berbecea, A.; Cseh, L.; Rivis, A.; Suba, M.; et al. Evaluation of the Nutritional, Rheological, Functional, and Sensory Properties of Cookies Enriched with Taro (Colocasia esculenta) Flour as a Partial Substitute for Wheat Flour. Foods 2025, 14, 3526. [Google Scholar] [CrossRef]Fluerasu, D.; Neagu, C.; Dossa, S.; Negrea, M.; Jianu, C.; Berbecea, A.; Stoin, D.; Lalescu, D.; Brezovan, D.; Cseh, L.; et al. The Use of Whey Powder to Improve Bread Quality: A Sustainable Solution for Utilizing Dairy By-Products. Foods 2025, 14, 2911. [Google Scholar] [CrossRef]ICC Standard No. 173; Whole Meal and Flour from T. aestivum–Determination of Rheological Behavior as a Function of Mixing and Temperature Increase. ICC: Vienna, Austria. Available online: https://icc.or.at/icc-standards/standards-overview/173-standard-method (accessed on 15 November 2025).Association ARS. Romanian Standard for Bread, Confectionery and Bakery Specialties—Methods of Analysis; ASRO—Romanian Standards Association: Bucharest, Romania, 2007. [Google Scholar]Available online: https://www.konicaminolta.com/instruments/knowledge/color/pdf/color_communication.pdf (accessed on 15 November 2025). Figure 1. The Pearson’s product-moment correlation between macro and microelements. Figure 1. The Pearson’s product-moment correlation between macro and microelements. Figure 2. Linear regression analysis depicting the relationships between selected mineral elements: K vs. Ca, Fe vs. K, Zn vs. Cu, and Na vs. Ni. The solid red line represents the fitted linear regression model, while the blue dots correspond to the individual observed data points. The light red shaded area indicates the 95% confidence interval for the regression line. Figure 2. Linear regression analysis depicting the relationships between selected mineral elements: K vs. Ca, Fe vs. K, Zn vs. Cu, and Na vs. Ni. The solid red line represents the fitted linear regression model, while the blue dots correspond to the individual observed data points. The light red shaded area indicates the 95% confidence interval for the regression line. Figure 3. Biplot representation of macro- and microelement distribution in oat genotypes based on PCA. Figure 3. Biplot representation of macro- and microelement distribution in oat genotypes based on PCA. Figure 4. FTIR spectra of the oat samples (BO, JO, SO, and OO), spectral range of 4000–500 cm−1, 32 scans at 4 cm−1 resolution. BO: Black oat; OO: Ovidiu oat; JO: Jeremy oat; SO: Sorin oat. Line colors: BO—blue, OO—green, JO—mauve, SO—red. Figure 4. FTIR spectra of the oat samples (BO, JO, SO, and OO), spectral range of 4000–500 cm−1, 32 scans at 4 cm−1 resolution. BO: Black oat; OO: Ovidiu oat; JO: Jeremy oat; SO: Sorin oat. Line colors: BO—blue, OO—green, JO—mauve, SO—red. Figure 5. Mixolab profiler index for composite flours (100% WF, 20% BO, 20% OO, 20% JO, and 20% SO: blue line) compared with standard MIXOLAB profile (green line) for pan bread. 100% WF: 100% white wheat flour; 20% BO: 80% white wheat flour and 20% black oat flours, 20% OO: 80% white wheat flour and 20% Ovidiu cultivar oats flours, 20% JO: 80% white wheat flour and 20% Jeremy cultivar oat flours, 20% SO: 80% white wheat flour and 20% Sorin cultivar oat flours. Figure 5. Mixolab profiler index for composite flours (100% WF, 20% BO, 20% OO, 20% JO, and 20% SO: blue line) compared with standard MIXOLAB profile (green line) for pan bread. 100% WF: 100% white wheat flour; 20% BO: 80% white wheat flour and 20% black oat flours, 20% OO: 80% white wheat flour and 20% Ovidiu cultivar oats flours, 20% JO: 80% white wheat flour and 20% Jeremy cultivar oat flours, 20% SO: 80% white wheat flour and 20% Sorin cultivar oat flours. Figure 6. Dough stability of composite flour samples. BO: Black oat; OO: Ovidiu oat; JO: Jeremy oat; SO: Sorin oat, The values are expressed as mean values ± standard deviations of all measurements; data sharing different letters are significantly different (p < 0.05) according to Duncan test. Figure 6. Dough stability of composite flour samples. BO: Black oat; OO: Ovidiu oat; JO: Jeremy oat; SO: Sorin oat, The values are expressed as mean values ± standard deviations of all measurements; data sharing different letters are significantly different (p < 0.05) according to Duncan test. Figure 7. Water absorption of composite flour samples. BO: Black oat; OO: Ovidiu oat; JO: Jeremy oat; SO: Sorin oat, The values are expressed as mean values ± standard deviations of all measurements; data sharing different letters are significantly different (p < 0.05) according to Duncan test. Figure 7. Water absorption of composite flour samples. BO: Black oat; OO: Ovidiu oat; JO: Jeremy oat; SO: Sorin oat, The values are expressed as mean values ± standard deviations of all measurements; data sharing different letters are significantly different (p < 0.05) according to Duncan test. Figure 8. The bread samples (WB—bread with 100% white wheat flour—control sample, WBBO—bread with 80% white wheat flour and 20% black oat flour, WBOO—bread with 80% white wheat flour and 20% Ovidiu cultivar oat flour, WBJO—bread with 80% white wheat flour and 20% Jeremy cultivar oat flour, WBSO—bread with 80% white wheat flour and 20% Sorin cultivar oat flour). Figure 8. The bread samples (WB—bread with 100% white wheat flour—control sample, WBBO—bread with 80% white wheat flour and 20% black oat flour, WBOO—bread with 80% white wheat flour and 20% Ovidiu cultivar oat flour, WBJO—bread with 80% white wheat flour and 20% Jeremy cultivar oat flour, WBSO—bread with 80% white wheat flour and 20% Sorin cultivar oat flour). Table 1. The proximate composition of black oat (Avena strigosa) and White Oat (Avena sativa L.) cultivars. Table 1. The proximate composition of black oat (Avena strigosa) and White Oat (Avena sativa L.) cultivars. NutrientBlack Oat (BO)Ovidiu Oat (OO)Jeremy Oat (JO)Sorin Oat (SO)Humidity (%)9.52 ± 0.13 c9.69 ± 0.15 b9.52 ± 0.03 c12.61 ± 0.25 aProteins (%)12.39 ± 0.64 b13.48 ± 0.44 a12.48 ± 0.43 b13.13 ± 0.11 aLipids (%)4.09 ± 0.50 b3.24 ± 0.07 c3.27 ± 0.75 c4.64 ± 0.48 aTotal mineral substances (%)2.47 ± 0.36 a1.52 ± 0.59 c1.63 ± 0.26 b2.26 ± 0.46 aCarbohydrates (g/100 g) 71.53 ± 0.25 b72.07 ± 0.21 b73.1 ± 0.13 a67.36 ± 0.28 c The values are expressed as mean values ± standard deviations of all measurements; data within the same line sharing different superscripts are significantly different (p < 0.05); according to Duncan test. Table 2. Macro and microelements composition of black oat (Avena strigosa) and white oat (Avena sativa L.) cultivars. Table 2. Macro and microelements composition of black oat (Avena strigosa) and white oat (Avena sativa L.) cultivars. Element(mg/kg)Black OatWhite Oat Cultivars Ovidiu(OO)Jeremy(JO)Sorin(SO)calcium424.14 ± 1.07 c234.39 ± 1.27 d472.69 ± 1.05 b511.60 ± 1.57 amagnesium655.14 ± 1.06 a247.82 ± 1.98 d530.76 ± 2.78 b448.31 ± 3.24 cpotassium1902.59 ± 1.75 b655.37 ± 1.36 d1603.34 ± 2.28 c2091.83 ± 2.73 asodium29.24 ± 0.22 c35.14 ± 0.32 a31.18 ± 1.05 b34.84 ± 0.92 airon26.98 ± 0.45 a22.71 ± 1.021 b25.78 ± 2.55 a27.52 ± 0.72 amanganese27.91 ± 0.92 a21.82 ± 1.70 b22.04 ± 2.12 b23.94 ± 1.69 bcopper3.74 ± 0.21 a2.74 ± 0.15 b3.03 ± 0.09 b3.62 ± 0.25 anickel2.74 ± 0.10 a1.60 ± 0.26 c2.09 ± 0.36 b1.45 ± 0.18 czinc17.40 ± 0.13 a13.21 ± 0.36 c13.31 ± 0.26 c16.19 ± 0.19 b The values are expressed as mean values ± standard deviations of all measurements; data within the same line sharing different superscripts are significantly different (p < 0.05) according to Duncan test. Table 3. Total polyphenol content and antioxidant activity (DPPH assay). Table 3. Total polyphenol content and antioxidant activity (DPPH assay). SamplesPolyphenol (mg GAE/100 g)Antioxidant (% DPPH)BO408.59 ± 2.08 a54.68 ± 0.04 bOO260.09 ±0.67 c49.95 ± 0.13 cJO314.32 ± 0.10 b48.22 ± 0.07 dSO209.89 ± 0.33 d56.19 ± 0.07 a The values are expressed as mean values ± standard deviations of all measurements; data within the same column sharing different superscripts are significantly different (p < 0.05); according to Duncan test. Table 4. Characteristic FTIR absorption bands and their relative intensities in the polysaccharide region of oat cultivars. Table 4. Characteristic FTIR absorption bands and their relative intensities in the polysaccharide region of oat cultivars. No.BOOOJOSO PeakIntensityPeakIntensityPeakIntensityPeakIntensity1860.7677.81860.3080.94860.8572.66860.2972.852931.0973.13--930.0367.23--3997.6137.45996.9549.60996.4927.62997.0831.0741076.4259.921076.3466.511076.4252.601076.1850.6551149.8570.931149.5175.881149.8364.001150.1163.03 Table 5. The nutritional profile of wheat bread fortified with 20% different oat flour cultivars. Table 5. The nutritional profile of wheat bread fortified with 20% different oat flour cultivars. Nutrient/SampleWBBOWBOOWBJOWBSOWBMoisture (%)38.1 ± 1.03 c39.39 ± 2.01 b42.06 ± 1.03 a41.62 ± 1.16 a42.18 ± 2.09 aProteins (%)12.17 ± 0.1 b12.34 ± 0.11 a12.43 ± 0.07 a11.99 ± 0.05 c11.82 ± 0.02 cLipids (%)0.94 ± 0.02 c1.05 ± 0.01 b1.23 ± 0.03 a0.95 ± 0.01 c0.74 ± 0.02 dTotal mineral substances (%)0.93 ± 0.01 a0.63 ± 0.02 b0.65 ± 0.01 b0.93 ± 0.01 a0.32 ± 0.01 cCarbohydrates (%)46.06 ± 1.03 a44.95 ± 1.69 b41.92 ± 0.88 d42.41 ± 1.12 d43.4 ± 1.39 cEnergy value (kcal)241.36 ± 3.36 a238.61 ± 4.82 b228.42 ± 1.99 c226.18 ± 1.97 e227.53 ± 1.40 d WBBO—bread with 20% black oat, WBOO—bread with 20% Ovidiu oats, WBJO—bread with 20% oat Jeremy, WBSO—bread with 20% Sorin oat, WB—white wheat bread (control). The values are expressed as mean values ± standard deviations of all measurements; data within the same line sharing different superscripts are significantly different (p < 0.05); according to Duncan test. Table 6. Physical characteristics of different types of bread (WBBO, WBOO, WBJO, WBSO, and WB). Table 6. Physical characteristics of different types of bread (WBBO, WBOO, WBJO, WBSO, and WB). SamplesWBBOWBOOWBJOWBSOWBPorosity (%)59.69 ± 1.87 b56.54 ± 1.59 d54.44 ± 1.68 e57.7 ± 1.57 c68.25 ± 1.77 aElasticity (%)92.88 ± 1.70 a85.65 ± 1.72 b73.97 ± 1.88 c86.18 ± 1.16 b93.33 ± 2.11 aHeight/Diameter ratio (H/D)0.70 ± 0.01 b0.61 ± 0.02 c0.59 ± 0.05 d0.62 ± 0.02 c0.72 ± 0.04 a The values are expressed as mean values ± standard deviations of all measurements; data within the same line sharing different superscripts are significantly different (p < 0.05); according to Duncan test. Table 7. Color parameters of oat samples, composite flours and bread samples. Table 7. Color parameters of oat samples, composite flours and bread samples. SamplesL*a* b* ΔEOat variety 100% WF67.85 ± 3.44 e0.68 ± 0.60 c8.50 ± 7.57 d-100% BO70.68 ± 0.10 d2.22 ± 0.05 b10.68 ± 0.00 c3.89 d100% OO73.94 ± 4.45 c2.28 ± 0.08 b12.03 ± 1.81 b7.22 c100% JO74.45 ± 3.29 b2.35 ± 0.13 b12.84 ± 1.91 b8.07 b100% SO78.47 ± 1.00 a3.28 ± 0.50 a15.07 ± 1.00 a12.76 aComposite flours 20% BO74.40 ± 5.55 b0.71 ± 0.47 c8.53 ± 5.70 c-20% OO87.34 ± 0.01 a0.87 ± 0.00 b9.73 ± 0.01 b-20% JO87.77 ± 0.73 a0.82 ± 0.08 b9.81 ± 0.13 b-20% SO87.52 ± 0.01 a1.22 ± 0.01 a10.26 ± 0.00 a-Breads WB82.25 ± 1.36 a1.42 ± 0.4512.34 ± 5.30 d-WBBO60.92 ± 0.01 d2.99 ± 0.0114.66 ± 0.00 c21.51 aWBOO62.17 ± 2.10 c2.86 ± 0.2015.70 ± 1.71 b20.41 bWBJO68.52 ± 0.09 b2.80 ± 0.0118.12 ± 0.02 a14.96 cWBSO68.26 ± 0.56 b3.11 ± 0.4118.45 ± 0.56 a15.36 d The values are expressed as mean values ± standard deviations of all measurements; data within the same line sharing different superscripts are significantly different (p < 0.05); according to Duncan test. Table 8. Composite flours and breads based on wheat and black and white oat cultivars. Table 8. Composite flours and breads based on wheat and black and white oat cultivars. Composite Flours CodeComposite Breads CodeFlours Composition100% WFWB100% white wheat flour (control sample)20% BOWBBO80% white wheat flour and 20% black oat flours20% OOWBOO80% white wheat flour and 20% Ovidiu cultivar oat flours20% JOWBJO80% white wheat flour and 20% Jeremy cultivar oat flours20% SOWBSO80% white wheat flour and 20% Sorin cultivar oat flours Disclaimer/Publisher’s Note: The statements, opinions and data contained in all publications are solely those of the individual author(s) and contributor(s) and not of MDPI and/or the editor(s). MDPI and/or the editor(s) disclaim responsibility for any injury to people or property resulting from any ideas, methods, instructions or products referred to in the content. © 2026 by the authors. Licensee MDPI, Basel, Switzerland. This article is an open access article distributed under the terms and conditions of the Creative Commons Attribution (CC BY) license. Share and Cite MDPI and ACS Style Cozma, B.; Dossa, S.; Cozma, A.; Stoin, D.; Lalescu, D.; Radulov, I.; Imbrea, I.; Pop, G.; Crista, L.; Suba, M.; et al. Integrated Nutritional, Spectroscopic and Technological Evaluation of Black Oat (Avena strigosa) and White Oat (Avena sativa L.) Cultivars. Molecules 2026, 31, 639. https://doi.org/10.3390/molecules31040639 AMA Style Cozma B, Dossa S, Cozma A, Stoin D, Lalescu D, Radulov I, Imbrea I, Pop G, Crista L, Suba M, et al. Integrated Nutritional, Spectroscopic and Technological Evaluation of Black Oat (Avena strigosa) and White Oat (Avena sativa L.) Cultivars. Molecules. 2026; 31(4):639. https://doi.org/10.3390/molecules31040639 Chicago/Turabian Style Cozma, Bogdan, Sylvestre Dossa, Antoanela Cozma, Daniela Stoin, Dacian Lalescu, Isidora Radulov, Ilinca Imbrea, Georgeta Pop, Laura Crista, Mariana Suba, and et al. 2026. ""Integrated Nutritional, Spectroscopic and Technological Evaluation of Black Oat (Avena strigosa) and White Oat (Avena sativa L.) Cultivars"" Molecules 31, no. 4: 639. https://doi.org/10.3390/molecules31040639 APA Style Cozma, B., Dossa, S., Cozma, A., Stoin, D., Lalescu, D., Radulov, I., Imbrea, I., Pop, G., Crista, L., Suba, M., Alexa, E., & Imbrea, F. (2026). Integrated Nutritional, Spectroscopic and Technological Evaluation of Black Oat (Avena strigosa) and White Oat (Avena sativa L.) Cultivars. Molecules, 31(4), 639. https://doi.org/10.3390/molecules31040639 Article Metrics No No Article Access Statistics For more information on the journal statistics, click here. Multiple requests from the same IP address are counted as one view.",NA,"https://doi.org/10.3390/molecules31040639",NA,"openalex",FALSE,FALSE,NA,NA,NA
"W7128627956","Chemical composition, technological quality, and bioaccessibility of phenolics and starch of bread enriched with germinated wholemeal flour","José Luis Navarro; Marianela Desireé Rodríguez; Lorenzo Estivi; Andrea Brandolini; Alberto Edel León; Alyssa Hidalgo; María Eugenia Steffolani","2026-02-12",4,"https://api.elsevier.com/content/article/pii/S1878450X26000375doi:10.1016/j.ijgfs.2026.1014431-s2.0-S1878450X2600037510.1016/j.ijgfs.2026.101443S1878-450X(26)00037-5Chemical composition, technological quality, and bioaccessibility of phenolics and starch of bread enriched with germinated wholemeal flour International Journal of Gastronomy and Food ScienceJournal1878450X2026-03-31March 20260falsefalse",NA,NA,NA,"openalex",FALSE,FALSE,NA,NA,NA
"W7128679506","Nectary Structure and Nectar Secretion Characteristics Among Various Cultivars of Paeonia lactiflora","Hui Cai; Yi Quan; Yingling Wan; Yan Liu","2026-02-12",4,"Open AccessArticle Nectary Structure and Nectar Secretion Characteristics Among Various Cultivars of Paeonia lactiflora by Hui CaiHui Cai SciProfiles Scilit Preprints.org Google Scholar , Wenjie MaWenjie Ma SciProfiles Scilit Preprints.org Google Scholar , Yingling WanYingling Wan SciProfiles Scilit Preprints.org Google Scholar and Yan LiuYan Liu SciProfiles Scilit Preprints.org Google Scholar * Beijing Key Laboratory of Ornamental Plants Germplasm Innovation & Molecular Breeding, Beijing Laboratory of Urban and Rural Ecological Environment, National Engineering Research Center for Floriculture, School of Landscape Architecture, Beijing Forestry University, Beijing 100083, China * Author to whom correspondence should be addressed. Plants 2026, 15(4), 580; https://doi.org/10.3390/plants15040580 Submission received: 5 January 2026 / Revised: 8 February 2026 / Accepted: 9 February 2026 / Published: 12 February 2026 (This article belongs to the Section Horticultural Science and Ornamental Plants) Download keyboard_arrow_down Download PDF Download PDF with Cover Download XML Download Epub Download Supplementary Material Browse Figures Versions Notes Abstract Background: Paeonia lactiflora Pall. produces substantial quantities of nectar during the bud stage. In the production of cut flowers, this nectar attracts contaminants that compromise the quality of the flowers. The current practice of rinsing flowers with clean water escalates production costs. Consequently, reducing nectar secretion during the bud stage has emerged as a significant technical challenge for the industry. Nonetheless, insufficient fundamental knowledge concerning the structure of P. lactiflora nectaries and the physiology of nectar secretion impedes the development of pertinent regulatory technologies. Methods: This study established a “nectar secretion index” to evaluate nectar production in various P. lactiflora cultivars. Nectar sugar concentration and composition were measured using a refractometer and gas chromatography–mass spectrometry (GC-MS). Observations of changes in nectary epidermal morphology and anatomical structure during nectar secretion were conducted using scanning electron microscopy and light microscopy. Key Results: The quantity of nectar secreted by various P. lactiflora cultivars can differ. The indices were not significantly correlated with flowering period, flower color, or flower type. At the peak of nectar secretion, the sugar concentration of nectar secretion by different cultivars’ flower buds varied. Sucrose is the primary sugar component in this nectar. Nectar is secreted along the basal margins of the bracts and sepals on the abaxial surface of all cultivars. Specialized raised stomata are located on the upper epidermis, through which nectar is secreted. In contrast, the epidermal stomata located outside nectar-secreting areas exhibit a normal morphology. Specialized stomata do not secrete nectar concurrently. The stomatal aperture and the percentage of nectar-secreting stomata at the secretion sites are significantly higher in high-nectar-producing cultivars than in low-nectar-producing cultivars. Anatomical observations of bract nectaries indicate that, irrespective of nectar production levels, specialized stomata are consistently located adjacent to vascular bundles. During the initial stage of nectar secretion, no starch was detected in the bract nectaries. In contrast, the stomata in non-secretory epidermal cells of bracts maintain a normal morphology, and calcium oxalate crystals were observed within the subepidermal tissues. Throughout the nectar secretion process, the content of photosynthetic pigments and the Fv/Fm ratio in the bracts and sepals of various cultivars correlated with nectar secretion volume. Conclusions: This study, informed by observations of numerous P. lactiflora cultivars, elucidates the structural characteristics of its nectaries and the nectar secretion properties of various cultivars during the bud stage. It confirms that these nectaries are classified as extrafloral nectaries, specifically structural nectaries consisting of specialized raised stomata and closely associated vascular bundles beneath them. No significant differences in nectary structure or location were noted among cultivars with differing nectar yields. However, both the aperture of nectary stomata and the percentage of nectar-secreting stomata exhibited a significant positive correlation with secretion levels. The intrinsic photosynthetic potential at the nectary sites varies significantly among cultivars. The nectar is not derived from stored cellular starch but likely originates simultaneously from both photosynthesis and phloem transport. These findings provide a theoretical foundation for the development of subsequent regulatory technologies. Keywords: anatomical structure; stomata; vascular bundle; sugar components; photosynthetic potential 1. IntroductionPaeonia lactiflora Pall. is a perennial herb belonging to the Paeoniaceae family, which encompasses the genus Paeonia. In recent years, the market demand for this important cut flower has increased annually [1]. Research has shown that its buds can secrete nectar during the developmental stage, while nectar secretion stops during flowering. This phenomenon suggests that its nectar secretion behavior may serve a defensive function [2,3]. However, the copious nectar secretion from the flower buds captures airborne dust and small insects on the buds or upper leaf surfaces. This increases susceptibility to sooty and gray mold diseases, thereby heightening the risk of losses during storage and transportation. Post-harvest washing alone is insufficient to completely eliminate these impurities from the buds. Improper shade-drying further compromises subsequent flowering, significantly degrading the quality of P. lactiflora cut flowers [4]. However, research on its nectaries and nectar secretion remains limited, and there is a lack of foundational data to effectively support the development of nectar regulation technologies.Nectaries are specialized tissues that are attached to the surface of a plant’s nutritional or reproductive organs, responsible for nectar secretion and constituting part of these organs [5]. Currently, nectaries are not solely classified based on their location as floral (FNs) or extrafloral nectaries (EFNs). Some nectaries situated on floral organs that do not participate in pollination are also categorized as EFNs [6,7,8,9,10]. Based on their structure, nectaries can be classified into two types: structural and non-structural. Structural nectaries consist of a secretory epidermis, nectariferous tissue, and vascular bundles, whereas non-structural nectaries contain only a secretory epidermis [11]. Nectaries can also be categorized based on their starch content as starch-storage nectaries or non-starch-storage nectaries. The former accumulate starch prior to nectar secretion, with the degraded starch serving as the nectar source [12], while the latter show no starch accumulation before secretion and derive pre-nectar directly from immediate photosynthesis [13]. After accumulating in nectaries, nectar is released through various mechanisms. Most plants secrete nectar through modified stomata [14,15]. Other methods include secretion through specialized trichomes [16] or cuticle rupture [17]. Some plants utilize two or more secretion pathways [18,19].To date, literature reports on P. lactiflora nectar secretion remain scarce. One study utilizing ‘Hang bai shao’ as the research material revealed that the volume of nectar secreted shows a positive correlation with leaf count and plant height. Plants cultivated in full sunlight exhibited higher nectar secretion compared to those grown in shaded environments. Paeonia lactiflora nectaries have been classified as either extrafloral (leaf) or floral (bract or sepal), indicating that nectar secretion may represent an adaptation to environmental conditions or an expression of nutrient surplus [20]. Another study on ‘Da Fu Gui’ found that nectar was secreted from bud emergence to flowering, with the lowest secretion observed during blooming. This indicates that its nectar production may function as a defense mechanism against herbivores. This study categorized nectaries as either extrafloral (bracts) or floral (sepals) [21]. However, the two researchers arrived at different conclusions regarding the classification of these nectaries and the biological significance of nectar secretion, despite both basing their observations on a single cultivar. Although Dong-Xu Huang [22] conducted quantitative analyses of nectar secretion across multiple P. lactiflora cultivars, the observation period was set at the color-showing stage (i.e., the late phase of nectar secretion). Consequently, substantial nectar secretion from the bracts during the early stages could not be recorded. Overall, existing studies not only exhibit discrepancies in the classification criteria for nectary types in P. lactiflora but also offer divergent interpretations regarding the physiological significance of nectar secretion. Furthermore, the precise morphological and anatomical structure of the nectaries during development remains unelucidated, while systematic comparative studies on nectar secretion characteristics across different cultivars remain notably scarce. Therefore, further exploration of the anatomical structure and secretion mechanisms of these nectaries is necessary to provide the theoretical foundations for developing relevant regulatory technologies and ultimately facilitating the effective management of P. lactiflora nectar production.The objectives of this study are threefold: (1) to investigate the patterns of nectar secretion in P. lactiflora by observing the timing, location, and quantity of nectar secretion across 32 cultivars; (2) to compare structural differences in nectary development among cultivars with varying nectar yields; (3) to examine the effects of nectary photosynthetic potential and the application of exogenous hormones on nectar secretion in its flowers during secretion. This study aims to inform the development of technologies to regulate nectar secretion in P. lactiflora. 2. Material and Methods 2.1. Plant MaterialThe 32 cultivars of P. lactiflora used in the test are shown in Table 1. The tested cultivars were planted in the open fields of Mudan District, Heze City, Shandong Province, and the plants were 3–4-year-old divided seedings. 2.2. Stages of Nectar SecretionDrawing on Li-Jun Niu’s [4] classification of P. lactiflora cultivation requirements for cut flowers and the criteria established by Fang-Yun Cheng [26] for defining its bud maturity and flowering stages, we have developed a unified framework that integrates both. The early stem growth phase (P1) is identified as stage S1 of nectar secretion. During this stage, flower buds are almost completely enclosed by bracts, and no nectar is secreted. The stem and leaf growth stage (P3) commences when the first outer sepal is fully exposed and the second sepal is slightly visible. The flowers of P. lactiflora then begin to secrete nectar, which is designated as stage S2. The pre-hard-bud stage (P4) occurs when both sepals are fully exposed, accompanied by significant nectar secretion and visible dripping nectar. This stage is designated as S3. The color change stage (P7) involves the exposure of inner petals displaying vivid coloration and a firm bud body with a slightly softened apex. This marks the late nectar secretion phase (S4). Full bloom (P10) is designated as the final nectar secretion stage (S5). Taking the cultivar ‘Jin Xing Shan Shuo’ as an example, Figure 1 demonstrates the growth stages that correspond to its nectar secretion phases. 2.3. Measurement of Daily Nectar ProductionNectar in P. lactiflora forms spherical droplets along the margins of bracts and sepals. This study quantified nectar production by recording both the number and size of droplets produced by various cultivars [27]. Daily nectar production was measured by removing the previous day’s residual nectar using clean water at 08:00 each morning and quantifying the volume of nectar present at 08:00 the following day. For each cultivar, ten randomly selected plants were sampled from three separate experimental plots. Three flowers were randomly selected from each plant, resulting in a total of 90 flowers examined per cultivar. The results are expressed as the mean ± standard deviation [28]. Buds measured at each stage were excluded to mitigate the influence of ‘bud washing’ on nectar secretion. 2.4. ‘Nectar Secretion Index’ for the Rapid Assessment of P. lactiflora Nectar ProductionNectar secretion level was classified based on the nectar dripping observed in various cultivars at the peak nectar secretion stage (S3) (Figure 2). The following classification was used: Grade I, little nectar, no dripping phenomenon (Figure 2A); Grade II, bracts or single leaves stored nectar, no dripping phenomenon (Figure 2B); Grade III, 1 drop of nectar on compound leaves (Figure 2C); Grade IV, 2 to 3 drops of nectar on compound leaves (Figure 2D); Grade V, more than 3 drops of nectar on compound leaves (Figure 2E). Fifteen plants were selected from each cultivar, and 3 flowers were randomly chosen from each plant to record the nectar dripping situation. This observation was repeated 3 times, with a total of 45 plants and 90 flowers. The ‘nectar secretion index’ was calculated following Xu et al. [29], and the formula was as follows: Nectar secretion index = ∑ x n / ( A N ) × 100 % where “x” denotes the nectar secretion level, “n” indicates the corresponding number of flowering branches, “A” represents the maximum nectar secretion level, and “N” signifies the total number of examined flowering branches. The ‘nectar secretion index’ reflects the plant’s nectar production; a higher index indicates greater nectar production. Figure 2. Classification of nectar secretion in P. lactiflora. Note: (A) Grade I, little nectar secretion, no nectar drops; (B) Grade II, bract leaf or single leaf nectar storage, no nectar drops; (C) Grade III, compound leaves with 1 drop of nectar; (D) Grade IV, compound leaves with 2~3 drops of nectar; (E) Grade V, compound leaves with more than 3 drops of nectar. Figure 2. Classification of nectar secretion in P. lactiflora. Note: (A) Grade I, little nectar secretion, no nectar drops; (B) Grade II, bract leaf or single leaf nectar storage, no nectar drops; (C) Grade III, compound leaves with 1 drop of nectar; (D) Grade IV, compound leaves with 2~3 drops of nectar; (E) Grade V, compound leaves with more than 3 drops of nectar. 2.5. Determination of Nectar Sugar ConcentrationAt the peak of nectar secretion from flower buds (S3) in 2022 and 2023, 60 flower buds were randomly selected from each cultivar, which was repeated 6 times. The nectar from a total of 360 flower buds was collected. Before nectar collection, each flower bud used in the experiments was carefully cleaned with deionized water, and the nectar secreted on the day of collection was gathered. The collected nectar was stored in 1.5 mL centrifuge tubes. Following collection, an appropriate amount of nectar was dropped onto the prismatic surface of a handheld refractometer (0–95% Brix; Nohawk, Shenzhen, China) to measure the concentration of soluble solids [6]. 2.6. Analysis of P. lactiflora Nectar Sugar Components by GC-MSGas chromatography–tandem mass spectrometry (GC-MS) was employed to conduct a precise qualitative and quantitative analysis to identify 32 sugar components in the nectar. These components included monosaccharides, such as glucose, D-fructose, and inositol; disaccharides, such as sucrose, maltose, and trehalose; and trisaccharides, such as raffinose. The GC-MS instrument utilized in this study was an Agilent 8890-5977B (Agilent Technologies, Santa Clara, CA, USA). The DB-5MS column (Agilent Technologies, Santa Clara, CA, USA, 30 m × 0.25 mm × 0.25 μm) employed helium as the carrier gas at a flow rate of 1 mL/min, with a programmed temperature ramp of 160–200–270–300–320 °C and an injection volume of 1 μL. Three replicates were conducted for each cultivar [30,31]. 2.7. Ultrastructural ObservationScanning electron microscopy (SEM) was employed to examine the surface morphology of the bracts from S1–S5 and sepals at developmental stage S3 of P. lactiflora cultivars with different nectar yields. The specimens were fixed overnight in 2.5% glutaraldehyde in 0.1 M phosphate buffer at pH 7.2–7.4 at 4 °C, dehydrated through a series of alcohols, critical-point-dried, gold-coated, and then examined and photographed using an SU-8010 cold field emission scanning electron microscope (Hitachi, Tokyo, Japan). Stomatal length (SL), stomatal width (SW), stomatal area (SA’), and stomatal aperture (SA), defined as the width of the widest part of the inner wall of the stomata, were measured via image analysis (Supplementary Figure S1) [32]. The number of stomata within the field of view was recorded, and the stomatal density (SD) was calculated as the number of stomata per unit area of the field of view. Additionally, the number of stomata exhibiting nectar secretion within the field of view was recorded, and their percentage was determined: percentage of nectar-secreting stomata (SS) = (number of nectar-secreting stomata/total number of stomata) × 100% [33]. 2.8. Anatomical Structure ObservationThe nectary margins and non-marginal tissues of the bracts were excised using a sterile blade and immediately fixed in an FAA fixative solution (formaldehyde:glacial acetic acid:70% ethanol = 1:1:18, v/v/v) for a minimum of 24 h. Subsequently, dehydration and embedding were performed in accordance with standard paraffin sectioning protocols [34]. Sections (6 μm) were then cut on a LEICA RM 2235 (Leica Microsystems, Germany, Wetzlar) rotary microtome for subsequent staining and observation [35]. The tissues were stained using two methods: (1) 0.05% toluidine blue to observe the anatomical structure [36] and (2) periodate/Schiff’s reagent to assess the dynamics of starch [37]. The samples were observed and photographed using a LEICA DM2500 microscope (Leica Microsystems, Germany, Wetzlar). 2.9. Determination of Photosynthetic Pigments and Assessment of Photosynthetic PotentialAn acetone–ethanol mixture (1:1, v/v) was used to extract photosynthetic pigments from P. lactiflora tissues (single leaves and the 3rd to 5th south-facing apical compound leaves, bracts, and sepals). The samples were kept in the solution in darkness and left until the tissues became completely white, typically after 24 h. Measurements were conducted at 663 nm, 646 nm, and 470 nm using a UV spectrophotometer (BioMate 3S, Thermo Fisher Scientific, Waltham, MA, USA). The chlorophyll fluorescence parameters (Fv/Fm) of the leaves (specifically, the third to fifth south-facing compound leaves at the apex), bracts, and sepals at the S3 stage were measured using a chlorophyll fluorometer (PAM-2500, Walz, Effeltrich, Germany). Specifically, the plant tissue was spread flat in a fluorescence clamp to cover the 4 mm2 test aperture. After 30 min of dark adaptation, the analysis probe was placed on the leaf clamp, and measurements were taken with the light shield open. In this context, Fv represents the variable, Fm denotes the maximum fluorescence of dark-adapted samples, and Fv/Fm indicates the maximum quantum efficiency of the sample under 0 PPFD conditions. 2.10. Flower Bud Spraying TreatmentDuring the S2 stage, two cultivars (‘Lan Hai Bi Bo’ and ‘Yang Fei Chu Yu’) were treated with solutions of 0.5 mmol/L methyl jasmonate (MeJA) and 2 mmol/L phenidone [38,39,40]. All working solutions (including the ethanol/Tween-20 control) were formulated in anhydrous ethanol containing 0.02% (v/v) Tween-20 and diluted to volume with distilled water. Each treatment consisted of 45 plants, with three biological replicates of 15 plants each. The solutions were uniformly sprayed onto the surfaces of the flower buds using a pressure sprayer until a continuous liquid stream was formed. Spraying was repeated after 30 min to ensure adequate absorption [41]. Nectar secretion from P. lactiflora flower buds was quantified at the S3 stage, which occurred 7 days post-treatment. 2.11. Statistical AnalysisExperimental data were compiled using Excel 2019, and statistical analyses were conducted with SPSS 26.0. Data were expressed as means ± standard deviations. An independent-samples t-test was employed to determine the significance of differences between the two groups, while one-way ANOVA was used for comparisons involving three or more groups. Non-parametric tests were applied when the data did not meet ANOVA assumptions. Significance was defined as p < 0.05, and correlations were assessed using Spearman correlation analysis. Data visualization was performed using Origin 2021. 3. Results 3.1. The Duration of Nectar Secretion Across Different P. lactiflora CultivarsObservations indicate that P. lactiflora in Heze City, Shandong Province, naturally blooms from mid-to-late April to early May. All cultivars secrete nectar prior to blooming, with this period ranging from late March to early May. Each cultivar exhibits a nectar secretion period of up to one month. The only difference between P. lactiflora with varying flowering times is their nectar secretion period: early-flowering cultivars secrete nectar from 28 March to 29 April, mid-flowering cultivars from 1 April to 2 May, and late-flowering cultivars from 5 April to 6 May (Figure 3).There are no differences in the nectar secretion sites and processes among different cultivars. Figure 4 illustrates this for the cultivar ‘Jin Xing Shan Shuo’. As the flower bud develops, nectar initially appears along the apical edge of the swollen base of the bract. Once the sepals are no longer covered by the bract, nectar is also secreted along the apical edge of the sepals. Based on nectar secretion levels, the nectar secretion process can be categorized into five stages (S1–S5), demonstrating an overall trend of increasing followed by decreasing secretion. Taking the cultivar ‘Jin Xing Shan Shuo’ as an example (Figure 4): S1: Pre-Secretion Stage: No visible nectar is observed. S2: Initial Nectar Secretion Stage: Visible nectar droplets appear along the edges of the swollen basal regions of the bracts. S3: Peak Nectar Secretion Stage: Simultaneous nectar secretion occurs along the edges of both bracts and sepals. Cultivars with high secretion exhibit varying degrees of dripping. S4: Late Nectar Secretion Stage: The volume of secretion decreases, yet secretion persists along the margins of the bracts and sepals. S5: Terminal Nectar Secretion Stage: Nectar secretion ceases. 3.2. Nectar Production Varied Significantly Among Different P. lactiflora CultivarsNo nectarless flower buds were found in 32 tested cultivars. The nectar secretion index of the flower buds reflected the amount of nectar secretion to a certain extent, and there was notable variation among different cultivars (Figure 5). Among them, ‘Lan Ju’, ‘Hui Cui’, ‘Qi Hua Lu Shuang’, ‘Zi Feng Yu’, ‘Yang Fei Chu Yu’, and ‘Xue Shan Zi Yu’ exhibited lower nectar indices, while ‘Jin Xing Shan Shuo’ and ‘Lan Hai Bi Bo’ exhibited high nectar indices.The analysis of the relationship between the nectar index of different cultivars and the flowering period, flower color, and flower type is shown in Figure 6.The nectar secretion indices of P. lactiflora cultivars with varying flowering periods ranged from 51.40% to 55.38% (see Figure 6A). However, there were no significant differences among the flowering periods. Cultivars within the same flowering period also displayed significant variation in their indices. For instance, the early-flowering cultivar ‘Da Fu Gui’ exhibited an index of 74.67%, while ‘Qi Hua Lu Shuang’ had an index of only 33.11%. The mid-season cultivar ‘Jin Xing Shan Shuo’ exhibited an index of 84.22%, while ‘Lan Ju’ had an index of only 28.67%. Among the late-season cultivars, ‘Lan Hai Bi Bo’ reached an index of 89.33%, while ‘Yang Fei Chu Yu’ had an index of only 34.22%. The correlation analysis (Table 2) indicated no significant correlation between the nectar secretion index of cultivars and their flowering period (|r| = 0.0088, p = 0.631).In this trial, the 32 cultivars were categorized based on flower color. The average nectar secretion indices for various flower colors ranged from 50.39% to 54.09%, with no significant differences observed (Figure 6B). However, significant variations in nectar secretion indices were noted among cultivars within the same color category. The greatest range of variation was displayed by medium-toned cultivars, with the highest index recorded in ‘Lan Hai Bi Bo’ and the lowest in ‘Lan Ju’—a difference of 60.67%. The correlation analysis (Table 2) showed no significant correlation between the cultivar’s nectar secretion index and its flower color (|r| = 0.075, p = 0.684).The nectar secretion index varies among different cultivars of the same flower type, and even within the same cultivar, there is significant variation in the index (Figure 6C). Although correlation analysis (Table 2) indicated no significant relationship between the nectar secretion index and flower type (|r| = 0.116, p = 0.529), a pattern did emerge. The nectar secretion index of anemone form cultivars ranged from 28.67% to 84.22%, exhibiting considerable variation among cultivars. The nectar secretion indices of prolification form cultivars were the highest among all flower types at 65.49%, while the average indices for rose or chrysanthemum form cultivars were the lowest, at only 43.85%. The nectar secretion index of different flower types was as follows: prolification form cultivars > crown or globular form cultivars > simple form cultivars > anemone form cultivars > rose or chrysanthemum form cultivars. The difference in nectar secretion indices between prolification form cultivars and anemone form cultivars was significant (p < 0.05), while the difference for rose or chrysanthemum form cultivars was highly significant (p < 0.01). 3.3. Nectar Production of Cultivars with Different Nectar Secretion Index at Different StagesBased on the previous results, cultivars with both lower and higher nectar secretion were selected for further quantitative analysis of nectar yield during different secretion phases. The cultivars with lower secretion were ‘Qi Hua Lu Shuang’ and ‘Yang Fei Chu Yu’, while the cultivars with higher secretion were ‘Lan Hai Bi Bo’ and ‘Jin Xing Shan Shuo’, as shown in Figure 7. The daily nectar production of the various cultivars initially increased, then declined across the four developmental stages, peaking during stage S3. Among these cultivars, those with higher nectar secretion indices, such as ‘Jin Xing Shan Shuo’ and ‘Lan Hai Bi Bo’, consistently produced higher nectar yields than those with lower indices, such as ‘Qi Hua Lu Shuang’ and ‘Yang Fei Chu Yu’, from stages S2 to S4. These results further validate the effectiveness of using nectar secretion indices to quickly distinguish between cultivars with differing nectar secretion capacities. Additionally, throughout the nectar secretion period, the volume of nectar in bracts consistently exceeded that in sepals, indicating that bract nectaries contribute more significantly to nectar secretion. 3.4. Nectar Sugar Concentration of Cultivars with Different Nectar YieldsDuring the S3 stage of their respective flower buds, the nectar-rich cultivars ‘Jin Xing Shan Shuo’ and ‘Lan Hai Bi Bo’ were selected alongside the lower-nectar-producing cultivars ‘Qi Hua Lu Shuang’ and ‘Yang Fei Chu Yu’ to test nectar sugar concentration. The results are presented in Figure 8. The nectar sugar concentrations of the high-nectar cultivars ‘Lan Hai Bi Bo’ and ‘Jin Xing Shan Shuo’ were 73.87% and 66.05%, respectively, while those of the low-nectar cultivars ‘Qi Hua Lu Shuang’ and ‘Yang Fei Chu Yu’ were 56.46% and 71.89%, respectively. Among the four cultivars in the same year, sugar concentration followed the order ‘Lan Hai Bi Bo’ > ‘Yang Fei Chu Yu’ > ‘Jin Xing Shan Shuo’ > ‘Qi Hua Lu Shuang’, showing no consistency with nectar secretion levels. Additionally, variations were observed between years. In 2022, there was no significant difference in nectar sugar concentration between ‘Lan Hai Bi Bo’ and ‘Yang Fei Chu Yu’, while both differed significantly from ‘Jin Xing Shan Shuo’ and ‘Qi Hua Lu Shuang’. In 2023, the sugar concentrations of the four cultivars differed significantly from one another and were all higher than those in 2022. Of these, the sugar concentration of ‘Yang Fei Chu Yu’ did not differ significantly between the two years, while the other cultivars showed significant differences. Nectar sugar concentration exhibited no correlation with nectar secretion levels among the cultivars. 3.5. Sugar Components of P. lactiflora NectarThe nectar from two cultivars, ‘Lan Hai Bi Bo’ (high nectar production) and ‘Yang Fei Chu Yu’ (low nectar production), was analyzed to determine its sugar composition. The concentrations of 32 distinct sugars in the nectar of these two cultivars were analyzed. Both cultivars contained 23 identical components, while nine additional components were not detected. The results are presented in Table 3. P. lactiflora nectar is classified as belonging to the sucrose-dominant nectar category. Metabolites exhibiting fold changes of at least 2 and no more than 0.5 were classified as differential metabolites between the two cultivars. The results indicate that no significant differences were found among the other sugar components, with the exception of D-ribose and D-xylulose. 3.6. Ultrastructural Differences in the Epidermal Cells Between Nectar-Secreting and Non-Nectar-Secreting Regions of Bracts During DevelopmentDuring stages S1 to S5, the daily nectar production of bracts and sepals displayed consistent patterns. Bracts consistently secreted more nectar than sepals, indicating that bract nectaries play a more significant role in nectar production. Therefore, the subsequent analysis and discussion in this paper will primarily focus on bracts. The external epidermal microstructure of the bracts during nectar secretion was examined in four cultivars with varying nectar yields. Similar microstructural changes were observed in both nectar-secreting and non-secreting areas across all cultivars. Figure 9 and Figure 10 illustrate the high-yield cultivars ‘Jin Xing Shan Shuo’ and ‘Lan Hai Bi Bo’; Figure 11 and Figure 12 illustrate the low-yield cultivars ‘Qi Hua Lu Shuang’ and ‘Yang Fei Chu Yu’.Over the course of nectar secretion, no differential changes were observed in the stomata and epidermal cells at the bract secretion sites among the four cultivars. In S1, stomata were newly formed, and epidermal cells were flat and irregularly shaped (F in Figure 9, Figure 10, Figure 11 and Figure 12). In S2, the stomata were open and raised on the surface of the epidermis, often distributed above the vascular tissue. Nectar secretion was evident in the stomatal apparatus, and epidermal cells appeared plump and polygonal with reticulate ornamentation (G in Figure 9, Figure 10, Figure 11 and Figure 12). In S3, numerous specialized stomata appeared, with the majority of the stomata in an open state exhibiting a large aperture. A clear honeydew secretion could be observed within the stomatal channels. Epidermal cells were rough with pronounced reticulate ornamentation (H in Figure 9, Figure 10, Figure 11 and Figure 12). In S4, the stomata remained open, but most nectariferous stomata were nearly clogged by granular material, likely crystallized nectar (I in Figure 9, Figure 10, Figure 11 and Figure 12). In S5, most stomata were extruded and deformed, with negligible nectar secretion, and the epidermal cells were aged and atrophied (J in Figure 9, Figure 10, Figure 11 and Figure 12).Over the course of nectar secretion, no differential changes were observed in the stomata and epidermal cells at the bract no-secretion sites among the four cultivars. The changes in the stomata and epidermal cells in non-marginal bracts were as follows: Stomata were at the early stage of formation in S1, and epidermal cells exhibited irregular morphology (K in Figure 9, Figure 10, Figure 11 and Figure 12). From S2 to S4, the stomata showed two states of opening and closing, with no obvious changes in morphology and no secretion. The stomata were flat with small openings, while the epidermal cells showed no notable alteration (L–N in Figure 9, Figure 10, Figure 11 and Figure 12). Lastly, in S5, the stomata were compressed and deformed, while the epidermal cells were shrunken (O in Figure 9, Figure 10, Figure 11 and Figure 12). Stomatal developmental dynamics differed between the non-nectar and nectar sides. 3.7. Stomatal Characteristics of the Nectary Epidermis at Bracts and Sepals During Stage 3The surface-stomata-related indices of nectar-secreting parts of cultivars with differing nectar secretion levels were analyzed. Four of these parameters, namely stomatal length, stomatal width, stomatal area, and stomatal openness, did not meet the assumptions required for analysis of variance (ANOVA). Consequently, non-parametric tests were employed. One-way ANOVA was performed to evaluate the stomatal density and the percentage of nectar-secreting stomata, while independent-samples t-tests were used to analyze the stomatal-related indices of bracts and sepals during the S3 period. The results are summarized in Table 4. The high-nectar-production cultivars exhibited a significantly greater stomatal width at the bract margins compared to the low-nectar-production cultivars. The difference between the length and width of the sepal edge stomata in the high-nectar-production cultivars and the low-nectar-production cultivar ‘Yang Fei Chu Yu’ was not significant. Furthermore, the openness of the bract and sepal stomata in the high-nectar-yield cultivars ranged from 6.17 to 15.16 µm and from 5.18 to 14.82 µm, respectively, which were 82.10% and 52.84% higher than those in the low-nectar-production cultivars. The percentage of bract and sepal nectar-secreting stomata in the high-nectar-producing cultivars ranged from 45.45% to 80.00% and from 44.44% to 81.82%, respectively, whereas these percentages were significantly lower by 181.28% and 149.01% in the low-nectar-producing cultivars.Analyses of surface stomatal correlation indices at the edges of the bracts and sepals of the same cultivars revealed that the indices at the edges of the bracts of ‘Lan Hai Bi Bo’ were significantly higher than those at the edges of the sepals. The stomatal area and openness of the bract margin of ‘Jin Xing Shan Shuo’ were significantly higher than those of the sepals, while the stomatal density and percentage of nectar-secreting stomata were significantly lower than those of the sepal margins. The difference in stomatal length and width between the two parts was not statistically significant. The width and area of stomata at the edge of the bracts of ‘Yang Fei Chu Yu’ were significantly lower than those at the edge of sepals. In contrast, the density of stomata was significantly higher at the edge of bracts compared to the edge of sepals. The remaining indices did not show statistically significant differences between these two parts. Similarly, the length and area of stomata at the edge of bracts of ‘Qi Hua Lu Shuang’ were significantly higher than those at the edge of sepals. The remaining indices did not exhibit statistically significant differences.The results of the correlation analysis between the nectar secretion index and the surface stomatal index at the nectar sites of P. lactiflora cultivars with varying nectar production levels are presented in Table 5. The nectar secretion index was significantly positively correlated with bract margin stomatal width (r = 0.711, p < 0.01), stomatal aperture (r = 0.711, p < 0.01), and the percentage of nectar-secreting stomata (r = 0.725, p < 0.01). Furthermore, the nectar secretion index was also significantly positively correlated with sepal margin stomatal aperture (r = 0.666, p < 0.05) and the percentage of nectar-producing stomata (r = 0.725, p < 0.01). Stomatal length, area, and density showed no correlation with nectar secretion in P. lactiflora. 3.8. Anatomical Structure of the Nectary Tissue Within the BractsFigure 13 and Figure 14 illustrate the results for the bract nectaries of the high-nectar-producing cultivars ‘Jin Xing Shan Shuo’ and ‘Lan Hai Bi Bo’, as well as the low-nectar-producing cultivars ‘Qi Hua Lu Shuang’ and ‘Yang Fei Chu Yu’.The nectaries of the high-nectar cultivars ‘Jin Xing Shan Shuo’ and ‘Lan Hai Bi Bo’ exhibited larger stomata apertures (see Figure 13C,M). However, no significant structural differences were found in the nectar-producing regions of the bracts among cultivars with varying nectar yields (see Figure 13 and Figure 14, panels A–E and K–O). The apical surface of the enlarged basal region of the bract bears numerous stomata that are distributed along its margin. This area constitutes the nectary epidermis, composed of a single layer of cells. Vascular bundles were often distributed under the stomata, which were 0–1 layer of cells away from the vascular bundles, and the epidermis of the adaxial surface was without stomata. During the S1–S5 period, the anatomical structure of the nectar-producing regions underwent dynamic changes:S1—stomata were incompletely differentiated; most of them were not open, with higher cytoplasmic density and larger nuclei, and did not produce nectar at that time (Figure 13 and Figure 14A,K);S2—stomata open, amphicribral vascular (Figure 13 and Figure 14B,L);S3—the substomatal chambers were clearly visible, the stomatal apertures were wide, and intercellular spaces were present (Figure 13 and Figure 14C,M);S4—the cell was partially vacuolated, and the nucleus was adhered to the wall (Figure 13 and Figure 14D,N);S5—the cell vacuolization was obvious, and the modified stomata remained open (Figure 13 and Figure 14E,O).Non-nectar-producing regions (F–J and P–T in Figure 13 and Figure 14): The sparse stomatal distribution on non-nectariferous parts or normal stomatal morphology in the epidermis of the abaxial surface and vascular bundles do not correspond to the distribution under the stomata, and the upper epidermis had 2–5 layers of cells at a distance from the vascular bundles. The cells were packed tightly during S1 and S2 (Figure 13 and Figure 14F,P,Q), and the parenchyma cell showed severe vacuolation, sparse and deformed after the S3 stage (Figure 13 and Figure 14H,R). The distribution of calcium oxalate crystals in ‘Lan Hai Bi Bo’ and ’Jin Xing Shan Shuo’ with high nectar secretion and ‘Qi Hua Lu Shuang’ with low nectar secretion was common in stages S2–S5 (Figure 13G–J,Q–T and Figure 14G–J), but the epidermis of ‘Yang Fei Chu Yu’ with low nectar secretion is distributed in non-glandular trichomes (Figure 14S), and calcium oxalate crystals were occasionally found in the tissues (Figure 14Q). In summary, nectaries are classified as structural nectaries, composed of a secretory epidermis with numerous modified stomata, nectar-producing tissue with dense cytoplasm, and vascular bundles closely associated with the stomata. 3.9. The Dynamics of Starch During Nectar SecretionTo investigate the origin of nectar, PAS staining was conducted on the nectar-secreting regions of bracts from four cultivars with varying nectar yields. PAS staining highlights polysaccharides in red (see Figure 15). The results indicated that, during the S1 stage, most stomata remained closed across all four cultivars. The vascular bundles, often located beneath the stomata, formed a reticulated network that established extensive pre-nectar transport pathways without starch accumulation (see Figure 15A–D). During the S3 stage, darker-stained sieve tubes were observed surrounding the vessels, acting as the primary source of nectar. No starch storage was found in the nectar-secreting regions, and the sub-pore cavities were enlarged (Figure 15E–H). At the S4 stage, intercellular spaces became apparent between cells, and the guard cells lost their ability to close, resulting in the stomata remaining open (Figure 15I–L). In summary, the nectar glands of all four cultivars exhibited no starch accumulation prior to nectar secretion, indicating that P. lactiflora nectar does not originate from starch reserves. 3.10. Photosynthetic Pigment Content During Nectar Production in Different CultivarsThe results indicated that the levels of chlorophyll a and (a + b) in the bracts and sepals (in both nectary and non-nectary regions) of all four cultivars displayed an initial increase followed by a decrease as nectar secretion progressed. At the S3 stage (peak nectar secretion), levels stabilized or significantly declined, while chlorophyll b exhibited minimal variation. No significant differences in chlorophyll content were found among cultivars with varying nectar yields. The photosynthetic pigment content in the simple and compound leaves of the four cultivars was higher than that in the bracts and sepals, with both showing a gradual increase as nectar secretion progressed. However, the high-nectar cultivars ‘Lan Hai Bi Bo’ and ‘Jin Xing Shan Shuo’ displayed similar patterns to the low-nectar cultivars ‘Yang Fei Chu Yu’ and ‘Qi Hua Lu Shuang’ (see Figure 16 and Figure 17), indicating no significant differences in nectar secretion among the cultivars. 3.11. Chlorophyll Fluorescence Parameters Fv/Fm of Each Part of Four P. lactiflora Cultivars in Period S3Since nectar does not originate from stored starch, it is likely derived from photosynthesis. Measurements of Fv/Fm across different plant parts during the S3 stage for cultivars with varying levels of nectar secretion revealed the following results (see Figure 18A). The two cultivars with high nectar secretion exhibited significantly higher Fv/Fm values in both the bracts and sepals compared to the two cultivars with low nectar secretion. The Fv/Fm values of the bracts in all four cultivars were higher than those of the sepals and compound leaves. This indicates that photosystem II (PSII) in the bracts is more efficient at utilizing light energy than PSII in the leaves. After shading treatment, both the high-nectar-producing cultivar ‘Lan Hai Bi Bo’ and the low-nectar-producing cultivar ‘Yang Fei Chu Yu’ exhibited decreased daily nectar secretion in the bracts and sepals (Figure 18B), while Fv/Fm values in both the bracts and sepals also showed a decreasing trend (Figure 18C). The low-nectar-producing cultivar ‘Yang Fei Chu Yu’ demonstrated the same trend (Figure 18D,E). This suggests a correlation between photosynthetic capacity and nectar secretion. 3.12. Response of P. lactiflora Nectar Secretion to External Liquid SprayingFigure 19 presents the results of external spraying of flower buds during the S2 stage and the corresponding recording of nectar secretion during the S3 stage. Treatment with methyl jasmonate (MEJA) significantly increased the nectar secretion index for the ‘Lan Hai Bi Bo’ and ‘Yang Fei Chu Yu’ flower buds, thus promoting nectar secretion. In contrast, treatment with the inhibitor phenidone significantly reduced the nectar secretion index in the buds of the ‘Lan Hai Bi Bo’ and ‘Yang Fei Chu Yu’ cultivars, thus inhibiting nectar secretion. 4. Discussion 4.1. Determination of P. lactiflora Nectar Yield and Nectar Secretion CharacteristicsDifferent cultivars of cultivated plants exhibit variations in nectar secretion characteristics, including timing, quantity, concentration, and composition [42]. Paeonia lactiflora possesses multiple nectar-producing sites, a high nectar yield, and viscous nectar. This complicates the accurate and rapid measurement of nectar quantities across its various cultivars. Grading its nectar secretion levels represents an effective method for the rapid assessment of nectar production. Nectar secretion sites and quantities in P. lactiflora undergo dynamic changes throughout growth, primarily occurring at the basal margins of bracts and the edges of sepals on the apical surface. The primary site of nectar secretion shifts centripetally during development, from the bracts to the sepals. This process is structurally analogous to that observed in daylilies (Hemerocallis citrina), where the nectaries transition from the sepals prior to flowering to the pistil nectaries after full bloom [6].Nectar primarily consists of sugar solutions, with sucrose, fructose, and glucose as the most common components [43]. However, the predominant sugar composition varies among different species. For example, nectar from Arabidopsis thaliana, Leptospermum, and Polemonium caeruleum is predominantly composed of hexoses [44,45,46], whereas nectar from Ananas ananassoides, Nicotiana tabacum, and Cucurbita pepo is predominantly composed of sucrose [47,48,49]. Oligosaccharides, such as stachyose and raffinose, have also been detected in the nectar of certain plants [50]. The results of this study indicate that P. lactiflora nectar contains significantly higher levels of sucrose compared to other sugars, thereby classifying it as sucrose-dominant. Furthermore, its nectar contains elevated levels of sugar alcohols, including inositol. These compounds are typically closely associated with nectar secretion activity and are more abundant both prior to and during the secretion phase [51]. This finding suggests that these compounds may play a significant role in the synthesis and secretion of P. lactiflora nectar.Field measurements frequently utilize handheld refractometers to assess the sugar content of nectar [52]. Reported nectar sugar concentrations for the majority of plants range from 6% to 40% [28,53]. In this study, P. lactiflora nectar was found to have a sugar content ranging from 53.50% to 76.85%, indicating a notably high concentration of sugar. 4.2. Nectar Structure of the P. lactifloraIn recent years, nectaries located on floral organs but not involved in pollination have been classified as extrafloral nectaries [6,7,8,9,10]. These nectaries display considerable morphological diversity. For instance, those of Clerodendrum chinense appear as disc-shaped protrusions at the leaf base [51], whereas the extrafloral nectaries of Brassica juncea lack typical glandular structures and can only be identified by the presence of nectar [54]. This study reveals that P. lactiflora nectaries are extrafloral, situated on the outer margins of bracts and sepals. Structurally, this nectary morphology, which shows no distinct external protrusion and is level with the epidermal surface, resembles the nectary structures reported in Liriodendron tulipifera and Anemone cathayensis [34,55].Paeonia lactiflora nectaries are structural nectaries featuring specialized stomata that are distributed across their epidermis. Nectaries that secrete nectar through modified stomata typically display the following characteristics: well-developed intercellular spaces within the nectar-producing tissue, modified stomata that have lost their capacity to close, and enlarged stomatal chambers. This facilitates the accumulation of nectar in the stomatal chambers via the intercellular spaces prior to secretion through the stomata [56,57,58]. Paeonia lactiflora nectaries display these characteristics, with stomata protruding from the nectary epidermis. Vascular bundles are frequently located beneath the specialized stomata of P. lactiflora nectaries, separated by just one or two cell layers. Both Echinacea purpurea and Anthurium andreanum secrete nectar through specialized stomata. The nectary anatomy of E. purpurea resembles that of P. lactiflora [59]. However, unlike the anatomical findings observed in A. andreanum petals, the vascular bundles in purple coneflower terminate at the boundary of the nectar-producing tissue [60]. The presence of vascular bundles adjacent to stomata may enhance the supply of water and sugars necessary for nectary production [61]. Research indicates that the efficiency of nectary secretion relies on the presence or proximity of xylem and phloem [5]. Consequently, the close association between modified epidermal stomata and vascular bundles in P. lactiflora nectaries accounts for the substantial nectar secretion capacity.Research indicates that nectaries possessing stomata secrete more nectar than those lacking them [62]. This may elucidate why P. lactiflora is capable of producing such large quantities of nectar. However, findings regarding the effects of stomatal density and area on nectar yield are inconsistent. Some studies demonstrate no clear correlation between nectar production and stomatal density [63]. Nevertheless, Prunus laurocerasus ‘Schipkaensis’ exhibits a high volume and concentration of nectar secretion, accompanied by elevated stomatal density and area [46]. This study demonstrates that the volume of P. lactiflora nectar secretion significantly correlates with the width of bract nectary stomata, stomatal aperture, and the percentage of nectar-secreting stomata. Conversely, no correlation was identified with stomatal length, stomatal area, or stomatal density. It was hypothesized that large stomatal apertures and a higher percentage of nectar-secreting stomata could induce P. lactiflora to secrete more nectar. 4.3. Nectar Source of P. lactifloraCurrent research indicates that nectar secretion primarily occurs via two pathways. One pathway originates from phloem transport and typically yields larger quantities over shorter durations [64]. The other pathway arises directly from photosynthesis, and nectaries generally lack vascular tissue, resulting in smaller quantities over extended periods [65]. Paeonia lactiflora nectar secretion displays characteristics of both high volume and prolonged duration, suggesting that its nectar may derive from photosynthesis. Nevertheless, its nectaries also contain vascular tissue, which suggests that P. lactiflora nectar may originate simultaneously from phloem transport—a conclusion supported by the high sucrose concentration observed in its nectar.Moreover, the absence of starch accumulation during the initial phase of nectar secretion in P. lactiflora suggests that nectar does not derive from starch hydrolysis, thereby confirming its classification as a non-starch storage nectary [66]. The concept of green nectaries was initially proposed by Schnepf in 1964 [67]. Photosynthesis occurring in green nectaries significantly contributes to sugar secretion. Reported plant structures, such as pedicels, receptacles, sepals, ovaries, and adjacent leaves, frequently participate in the production of photosynthetic nectar sugars [68,69]. Moreover, research conducted by Cawoy et al. [70] demonstrated that light exposure can directly influence reproductive structures, thereby regulating nectar secretion.The dynamics of P. lactiflora nectar production indicate that nectar secretion commences when the bracts and sepals emerge. Subsequently, as the flower buds enlarge, the bracts and sepals growing beneath them become shaded, resulting in reduced nectar secretion. This suggests that photosynthesis occurring in the bracts and sepals may be the primary source of its nectar. This study found consistent changes in the content of chlorophyll a and chlorophyll b (Chla) within the bracts and sepals of P. lactiflora flower buds during nectar secretion. Additionally, variations in the Fv/Fm ratios were observed across different cultivars. These findings suggest that these structures possess photosynthetic potential and may be related to sources of nectar production.Green nectaries are often referenced in the literature, prompting researchers to speculate that they may utilize photosynthesis to provide the carbohydrates necessary for nectar secretion [33,68]. However, quantitative data regarding the photosynthetic capacity of nectary-bearing tissues remain limited. The concentration of photosynthetic pigments in leaves is a crucial factor that determines a plant’s photosynthetic rate and dry matter production [71]. During the secretion period, the photosynthetic pigment content in both P. lactiflora bract and sepal nectaries was greater than that at the pre-secretion and post-secretion stages. Similar findings were observed in the leaf nectaries of double-flowered jasmine [51]. Research confirms that photosynthesis serves as the primary source of nectar sugars in extrafloral nectaries, and that elevated chlorophyll levels during secretion correlate with increased nectar production rates. The chlorophyll fluorescence parameter Fv/Fm reflects a plant’s maximum potential for photosynthetic capacity [68]. In this study, both its nectar production and Fv/Fm values decreased in the bracts and sepals under shaded conditions. Among the four P. lactiflora cultivars examined, the Fv/Fm values of the bracts and sepals from cultivars with higher nectar production were significantly greater than those from cultivars with lower nectar production. Moreover, the Fv/Fm value of the bracts from high-nectar-producing cultivars was higher than that of the sepals from low-nectar-producing cultivars. These findings provide preliminary support for the hypothesis that photosynthesis in the green nectaries of P. lactiflora could serve as a source for nectar. Further studies with larger sample sizes are needed to statistically validate this relationship.Previous studies have indicated that phenidone can inhibit the jasmonic acid synthesis pathway by blocking lipoxygenase activity, thus altering the balance between carbon and nitrogen metabolism in plants [39,72,73]. This shifts carbon sources from pathways synthesizing sugars like sucrose to processes that produce nitrogen-containing compounds, such as amino acids. This reallocation of carbon sources significantly inhibits the transport and accumulation of photosynthetic carbon fixation products in nectaries, ultimately leading to reduced nectar secretion. This further supports the notion that the photosynthetic pathway serves as a significant source of carbon for P. lactiflora nectar. The decrease in nectar volume observed after the application of phenidone in this study offers additional evidence supporting the photosynthetic pathway as a potential source of carbon for its nectar. 4.4. Significance of Nectar Secretion During the Bud Stage of P. lactifloraExtrafloral nectaries are secretory structures that can initiate indirect defense mechanisms. Currently, more than 100 species of angiosperms produce extrafloral nectar to attract mutualistic animals, such as ants, in exchange for abundant carbohydrates [74,75,76]. Most studies indicate that ants primarily protect plants from herbivory [77]. However, other studies suggest that nectaries may also attract ants to minimize interference with pollination [78]. One intriguing experiment revealed that placing plastic ants on open flowers significantly decreased visits from pollinators [79]. Nectar produced outside the flower serves as a valuable food source for beneficial insects, including ladybirds and spiders. Similar to ants, these insects feed on nectar and assist plants in defending against potential herbivores [80,81]. According to the Optimal Defense Theory, plants, particularly those with extrafloral nectaries, secrete more nectar during periods of high herbivore activity and on their most vulnerable organs (e.g., young leaves) [46,82]. Most studied plants secrete nectar at the peak of flowering to reward pollinators and improve pollination [83]. Tococa guianensis possesses extrafloral nectaries that secrete nectar at the tips of the petals while the bud is still developing. Nectar production halts after flowering. Research indicates that nectar secretion from buds attracts ants, which helps reduce herbivorous insect feeding on flowers [5]. Hemerocallis citrina possesses extrafloral nectaries on its sepals and secretes nectar prior to flowering to attract predatory insects for defense [6]. In this study, P. lactiflora has been shown to secrete abundant nectar during the early bud stage, attracting ants to the bracts and sepals surrounding the buds for protection. Nectar secretion subsequently halts during the flowering period. This may also indicate a protective mechanism. Occasional visits by bees were observed during the secretion of its nectar. However, since nectar secretion occurs before bud opening, these visits do not serve a pollination purpose and thus constitute nectar-stealing behavior.Research indicates that calcium oxalate crystals are frequently found in close proximity to, or within, nectary tissues, thereby enhancing their mechanical resistance to herbivore damage [84]. The presence of these crystals also offers structural support to nectary tissues, thereby improving the capacity of the phloem to transport substances [84]. Trichomes act as a physical barrier for plants, and their presence in EFNs prevents damage from small herbivores [85]. Calcium oxalate crystals were frequently observed in the non-nectar-producing regions of the bracts of P. lactiflora cultivars ‘Lan Hai Bi Bo’, ‘Jin Xing Shan Shuo’, and ‘Qi Hua Lu Shuang’ during stages S2–S5. Calcium oxalate crystals were occasionally noted in the tissues of the cultivar ‘Yang Fei Chu Yu’. The epidermal trichomes were non-glandular and lacked secretory functions, similar to the trichomes on the nectary epidermis of Miconia tococa; both perform defensive roles [86]. Defensive pathways may differ among various P. lactiflora cultivars.Research indicates that, as a key signaling molecule, methyl jasmonate (MeJA) enhances sugar transport and accumulation in nectar glands during the bud stage of P. lactiflora [87]. This is accomplished by activating the expression of sugar transporter genes, improving the activity of enzymes involved in sucrose synthesis, and optimizing the allocation of carbon sources. Additionally, it regulates the flow of carbohydrates and secondary metabolites to shape nectar composition and expedite secretion. Moreover, MeJA activates plant defense responses by inducing the synthesis of defensive compounds, including protease inhibitors and antimicrobial proteins, in nectar. It also attracts natural enemies, such as ants, through the nectar, thereby establishing an interactive defense system [39,88]. In this study, the application of MeJA promoted nectar secretion, which indirectly suggests that nectar secretion during the bud stage may serve a defensive function. 5. ConclusionsThe nectar-secreting sites of P. lactiflora are located along the abaxial margins at the base of the floral bud bracts and along the abaxial margins of the sepals. These sites constitute structural nectaries and are of the non-starch-storing type. The quantity of nectar secreted varies among different cultivars, and significant positive correlations exist between nectary stomatal aperture, the percentage of nectar-secreting stomata, and nectar secretion. The close association between the stomata and the underlying vascular tissue establishes the structural basis for its nectar secretion, whereas the photosynthetic potential of the nectaries themselves offers localized energy support for sustained nectar production during the bud stage. These findings enhance fundamental knowledge regarding P. lactiflora nectar secretion and establish a theoretical foundation for the future development of efficient regulatory technologies. Supplementary MaterialsThe following supporting information can be downloaded at: https://www.mdpi.com/article/10.3390/plants15040580/s1, Figure S1: Schematic diagram illustrating the measurement of stomatal parameters. Note, SL: stomatal length; SW: stomatal width; SA’: stomatal area; SA: stomatal aperture.Author ContributionsH.C.: Conceptualization, investigation, methodology, formal analysis, writing—original draft, and writing—review and editing. W.M.: Investigation, and review and editing. Y.W.: Review and editing, and supervision. Y.L.: Conceptualization, writing—review and editing, funding acquisition, and supervision. All authors have read and agreed to the published version of the manuscript.FundingThis article is funded by the Key R&D Program of Shandong Province, China (2023TZXD068) Foundation.Data Availability StatementThe datasets generated or analyzed during the current study are available from the corresponding author on request.Conflicts of InterestThe authors declare that they have no conflicts of interest.ReferencesJia, Q.H. Soilless Cultivation Patterns for Cut Herbaceous Peony Production. Master’s Thesis, Beijing Forestry University, Beijing, China, 2013. [Google Scholar]Zhou, H.X.; Milne, R.I.; Cui, P.; Gu, W.-J.; Hu, M.-F.; Liu, X.-Y.; Song, Y.-Q.; Cao, J.; Zha, H.-G. Comparing the contents, functions and neonicotinoid take-up between floral and extrafloral nectar within a single species (Hemerocallis citrina Baroni). Ann. Bot. 2022, 129, 429–441. [Google Scholar] [CrossRef]Mesquita-Neto, J.N.; Paiva, E.A.S.; Galetto, L.; Schlindwein, C. Nectar secretion of floral buds of Tococa guianensis mediates interactions with generalist ants that reduce florivory. Front. Plant Sci. 2020, 11, 500302. [Google Scholar] [CrossRef]Niu, L.J. Cut Flower Production Technology of Herb Peony in Open Land and Greenhouse. Doctoral Dissertation, Beijing Forestry University, Beijing, China, 2010. [Google Scholar]Nicolson, S.W.; Thornburg, R.W. Nectar chemistry. In Nectaries and Nectar; Nicolson, S.W., Nepi, M., Pacini, E., Eds.; Springer: Dordrecht, The Netherlands, 2007; pp. 215–264. [Google Scholar]Delpino, F. Rapporti tra insetti e tra nettari estranuziali in alcune piante. Boll. Soc. Entomol. Ital. 1875, 7, 69–90. [Google Scholar]Ballego-Campos, I.; Forzza, R.C.; Paiva, L.A.S. Extranuptial nectaries in bromeliads: A new record for Pitcairnia burchellii and perspectives for Bromeliaceae. Sci. Nat. 2022, 109, 28. [Google Scholar] [CrossRef]Weber, M.G.; Keeler, K.H. The phylogenetic distribution of extrafloral nectaries in plants. Ann. Bot. 2013, 111, 1251–1261. [Google Scholar] [CrossRef]Heil, M. Nectar: Generation, regulation and ecological functions. Trends Plant Sci. 2011, 16, 191–200. [Google Scholar] [CrossRef]Marazzi, B.; Bronstein, J.L.; Koptur, S. The diversity, ecology and evolution of extrafloral nectaries: Current perspectives and future challenges. Ann. Bot. 2013, 111, 1243–1250. [Google Scholar] [CrossRef] [PubMed]Fahn, A. Secretory Tissues in Plants; Academic: New York, NY, USA, 1979. [Google Scholar]Kowalkowska, A.K.; Pawlowicz, M.; Guzanek, P.; Krawczyńska, A.T. Floral nectary and osmophore of Epipactis helleborine (L.) Crantz (Orchidaceae). Protoplasma 2018, 255, 1811–1825. [Google Scholar] [CrossRef] [PubMed]Nocentini, D.; Pacini, E.; Guarnieri, M.; Nepi, M. Flower morphology, nectar traits and pollinators of Cerinthe major (Boraginaceae-Lithospermeae). Flora 2012, 207, 186–196. [Google Scholar] [CrossRef]Almeida, O.J.G.; Cota-Sánchez, J.H.; Paoli, A.A.S. The systematic significance of floral morphology, nectaries, and nectar concentration in epiphytic cacti of tribes Hylocereeae and Rhipsalideae (Cactaceae). Perspect. Plant Ecol. Evol. Syst. 2013, 15, 255–268. [Google Scholar] [CrossRef]Heil, M. Nightshade wound secretion: The world’s simplest extrafloral nectar? Trends Plant Sci. 2016, 21, 637–638. [Google Scholar] [PubMed]DiAz-Castelazo, C.; Rico-Gray, V.; Ortega, F.; Ángeles, G. Morphological and secretory characterization of extrafloral nectaries in plants of coastal Veracruz, Mexico. Ann. Bot. 2005, 96, 1175–1189. [Google Scholar] [CrossRef]Weryszko-Chmielewska, E.; Sulborska-Różycka, A.; Sawidis, T. Structure of the nectary in Chaenomeles japonica (Thunb.) Lindl. ex Spach. in different stages of flowering with focus on nectar secretion. Protoplasma 2022, 259, 1467–1476. [Google Scholar] [CrossRef]Chitchak, N.; Stewart, A.B.; Traiperm, P. Functional ecology of external secretory structures in Rivea ornata (Roxb.) Choisy (Convolvulaceae). Plants 2022, 11, 2068. [Google Scholar] [CrossRef]Zhang, X.H.; Sawhney, V.K.; Davis, A.R. Annular floral nectary with oil-producing trichomes in Salvia farinacea (Lamiaceae): Anatomy, histochemistry, ultrastructure, and significance. Am. J. Bot. 2014, 101, 1849–1867. [Google Scholar] [PubMed]Wang, K.C.; Zhang, R.R.; Lu, Q.W.; Yang, L.G. Study on nectary and nectar secretion regularity of Paeonia lactiflora Pall. Jiangsu Agric. Sci. 2008, 142–146. [Google Scholar] [CrossRef]Song, H.Z. Study on Photosynthetic Characteristics and Carbohydrate of Peony. Master’s Thesis, Beijing Forestry University, Beijing, China, 2012. [Google Scholar]Huang, D.X. Study on Secretion Characteristics and Removal Methods of Paeonia lactiflora Sepal’s Nectar. Master’s Thesis, Yangzhou University, Yangzhou, China, 2025. [Google Scholar]Wan, Y.L.; Liu, A.Q.; Zhang, K.Y.; Liu, Y. Phenotype diversity of herbaceous peony variety resources in Heze, Shandong of eastern China and Luoyang, Henan of central China. J. Beijing For. Univ. 2018, 40, 110–121. [Google Scholar] [CrossRef]Zhao, C.; Guo, W.; Chen, J. Formation and regulation of flower color in higher plants. Chin. Bull. Bot. 2005, 22, 70–81. [Google Scholar]Bao, M.Y.; Liu, M.M.; Zhang, Q.X.; Wang, T.L.; Xu, J.G.; Sun, X. Factors affecting the color of herbaceous peony. J. Am. Soc. Hortic. Sci. 2020, 145, 257–266. [Google Scholar] [CrossRef]Cheng, F.Y.; Gao, S.P.; Yu, X.N. Stage Identification and morphological types of bud maturity or flowering in Paeonia lactiflora Cultivars. J. Hortic. Sci. 2009, 36, 611–613. [Google Scholar]Lloyd, S.; Ayre, D.J.; Whelan, R.J. A rapid and accurate visual assessment of nectar production can reveal patterns of temporal variation in Banksia erecifolia (Proteaceae). Aust. J. Bot. 2002, 50, 595–600. [Google Scholar] [CrossRef]Liu, Y.N.; Li, Y.; Yang, F.S.; Wang, X.Q. Floral nectary, nectar production dynamics, and floral reproductive isolation among closely related species of Pedicularis. J. Integr. Plant Biol. 2016, 58, 178–187. [Google Scholar] [CrossRef]Xu, S.D.; Geng, X.M.; Mao, L.F.; Yi, Y.; Gong, J.-Y.; Xu, X.-R. Transcriptome analysis and identification of the genes associated with the heat stress response in four Rhododendron species. Sci. Hortic. 2022, 303, 111176. [Google Scholar] [CrossRef]Kumar, S.; Thakur, M.; Mitra, R.; Basu, S.; Anand, A. Sugar metabolism during pre- and post-fertilization events in plants under high temperature stress. Plant Cell Rep. 2022, 41, 655–673. [Google Scholar] [CrossRef]Jiang, Q.L.; Zhang, S.; Tian, M.; Zhang, S.; Xie, T.; Chen, D.; Chen, Y.; He, J.; Liu, J.; Ouyang, L.; et al. Plant lectins, from ancient sugar-binding proteins to emerging anti-cancer drugs in apoptosis and autophagy. Cell Prolif. 2015, 48, 17–28. [Google Scholar] [CrossRef]Schneider, C.A.; Rasband, W.S.; Eliceiri, K.W. NIH Image to ImageJ: 25 years of image analysis. Nat. Methods 2012, 9, 671–675. [Google Scholar] [CrossRef]Clearwater, M.J.; Revell, M.; Noe, S.; Manley-Harris, M. Influence of genotype, floral stage, and water stress on floral nectar yield and composition of mānuka (Leptospermum scoparium). Ann. Bot. 2018, 121, 501–512. [Google Scholar] [CrossRef]Liu, H.H.; Ma, J.K.; Li, H.G. Transcriptomic and microstructural analyses in Liriodendron tulipifera Linn. reveal candidate genes involved in nectary development and nectar secretion. BMC Plant Biol. 2019, 19, 531. [Google Scholar] [CrossRef] [PubMed]Yang, Z.; Zhang, C.; Yang, X.; Liu, K.; Wu, Z.; Zhang, X.; Zheng, W.; Xun, Q.; Liu, C.; Lu, L.; et al. PAG1, a cotton brassinosteroid catabolism gene, modulates fiber elongation. New Phytol. 2014, 203, 437–448. [Google Scholar] [CrossRef] [PubMed]O’Brien, T.P. Polychromatic staining of plant cell wall by toluidine blue-O. Protoplasma 1964, 59, 69–76. [Google Scholar] [CrossRef]Jensen, W.A. Botanical Histochemistry; Freeman & Co.: San Francisco, CA, USA, 1962; pp. 198–202. [Google Scholar]Schmitt, A.J.; Roy, R.; Klinkenberg, P.M.; Jia, M.; Carter, C.J. The octadecanoid pathway, but not COI1, is required for nectar secretion in Arabidopsis thaliana. Front. Plant Sci. 2018, 9, 1060. [Google Scholar] [CrossRef]Radhika, V.; Kost, C.; Boland, W.; Heil, M. The role of jasmonates in floral nectar secretion. PLoS ONE 2010, 5, e9265. [Google Scholar]Hu, W.; Qin, W.Q.; Jin, Y.Y.; Wang, P.; Yan, Q.D.; Li, F.G.; Yang, Z.E. Genetic and evolution analysis of extrafloral nectary in cotton. Plant Biotechnol. J. 2020, 18, 2081–2095. [Google Scholar] [CrossRef] [PubMed]Williams, L., III; Rodriguez-Saona, C.; Castle del Conte, S.C. Methyl jasmonate induction of cotton: A field test of the ‘attract and reward’strategy of conservation biological control. AoB Plants 2017, 9, plx032. [Google Scholar] [CrossRef]Lei, J.; Ma, W.P.; Li, J.; Wu, W.Q.; Song, H.L.; Song, Z.Q.; Shen, J.S.; Li, L.X.; Wang, Y. Analysis on nectar secretion and volatile compounds of different Soybean cultivars flowers. J. Shanxi Agric. Sci. 2021, 49, 807–812. [Google Scholar]De la Barrera, E.; Nobel, P.S. Nectar: Properties, floral aspects, and speculations on origin. Trends Plant Sci. 2004, 9, 65–69. [Google Scholar] [CrossRef]Lin, I.W.; Sosso, D.; Chen, L.Q.; Gase, K.; Kim, S.-G.; Kessler, D.; Klinkenberg, P.M.; Gorder, M.K.; Hou, B.-H.; Qu, X.-Q.; et al. Nectar secretion requires sucrose phosphate synthases and the sugar transporter SWEET9. Nature 2014, 508, 546–549. [Google Scholar] [CrossRef]Norton, A.M.; McKenzie, L.N.; Brooks, P.R.; Pappalardo, L.J. Quantitation of dihydroxyacetone in Australian Leptospermum nectar via high-performance liquid chromatography. J. Agric. Food Chem. 2015, 63, 6513–6517. [Google Scholar] [CrossRef] [PubMed]Chwil, M.; Kostryco, M.; Matraszek-Gawron, R. Comparative studies on structure of the floral nectaries and the abundance of nectar production of Prunus laurocerasus L. Protoplasma 2019, 256, 1705–1726. [Google Scholar] [CrossRef]Stahl, J.M.; Nepi, M.; Galetto, L.; Guimaraes, E.; Machado, S.R. Functional aspects of floral nectar secretion of Ananas ananassoides, an ornithophilous bromeliad from the Brazilian savanna. Ann. Bot. 2012, 109, 1243–1252. [Google Scholar] [CrossRef]Ren, G.; Healy, R.A.; Klyne, A.M.; Horner, H.T.; James, M.G.; Thornburg, R.W. Transient starch metabolism in ornamental tobacco floral nectaries regulates nectar composition and release. Plant Sci. 2007, 173, 277–290. [Google Scholar] [CrossRef]Solhaug, E.M.; Roy, R.; Chatt, E.C.; Klinkenberg, P.M.; Mohd-Fadzil, N.; Hampton, M.; Nikolau, B.J.; Carter, C.J. An integrated transcriptomics and metabolomics analysis of the Cucurbita pepo nectary implicates key modules of primary metabolism involved in nectar synthesis and secretion. Plant Direct 2019, 3, e00120. [Google Scholar] [CrossRef]Lohaus, G.; Schwerdtfeger, M. Comparison of sugars, iridoid glycosides and amino acids in nectar and phloem sap of Maurandya barclayana, Lophospermum erubescens, and Brassica napus. PLoS ONE 2014, 9, e87689. [Google Scholar]Paul, S.; Mitra, A. Histochemical, metabolic and ultrastructural changes in leaf patelliform nectaries explain extrafloral nectar synthesis and secretion in Clerodendrum chinense. Ann. Bot. 2024, 133, 621–642. [Google Scholar] [CrossRef]Parachnowitsch, A.L.; Manson, J.S.; Sletvold, N. Evolutionary ecology of nectar. Ann. Bot. 2019, 123, 247–261. [Google Scholar] [CrossRef]Potascheff, C.D.M.; de Brito, V.L.; Galetto, L.; Sebbenn, A.M.; Oliveira, P.E. Nectar features, diurnal and nocturnal pollinators, and male fitness in Qualea grandiflora (Vochysiaceae). Plant Syst. Evol. 2020, 306, 3. [Google Scholar] [CrossRef]Mathur, V.; Wagenaar, R.; Caissard, J.C.; Reddy, A.S.; Vet, L.E.M.; Cortesero, A.; Van Dam, N.M. A novel indirect defence in Brassicaceae: Structure and function of extrafloral nectaries in Brassica juncea. Plant Cell Environ. 2013, 36, 528–541. [Google Scholar]Erbar, C.; Leins, P. Nectar production in the pollen flower of Anemone nemorosa in comparison with other Ranunculaceae and Magnolia (Magnoliaceae). Org. Divers. Evol. 2013, 13, 287–300. [Google Scholar] [CrossRef]Paiva, E.A.S.; Machado, S.R. The floral nectary of Hymenaea stigonocarpa (Fabaceae, Caesalpinioideae): Structural aspects during floral development. Ann. Bot. 2008, 101, 125–133. [Google Scholar] [PubMed]Galetto, L.; Bernardello, G. Floral nectaries, nectar production dynamics and chemical composition in six Ipomoea species (Convolvulaceae) in relation to pollinators. Ann. Bot. 2004, 94, 269–280. [Google Scholar] [CrossRef] [PubMed]Ribeiro, C.C.; Marinho, C.R.; Mansano, V.F.; Teixeira, S.P. The structural diversity of floral nectaries does not mean ontogenic diversity in Rhamnaceae species. Flora 2022, 290, 152048. [Google Scholar] [CrossRef]Wist, T.J.; Davis, A.R. Floral nectar production and nectary anatomy and ultrastructure of Echinacea purpurea (Asteraceae). Ann. Bot. 2006, 97, 177–193. [Google Scholar] [PubMed]Paiva, É.A.S.; Ballego-Campos, I.; Gibernau, M. True nectar or stigmatic secretion? Structural evidence elucidates an old controversy regarding nectaries in Anthurium. Am. J. Bot. 2021, 108, 37–50. [Google Scholar] [CrossRef]Zambon, V.; Agostini, K.; Nepi, M.; Rossi, M.L.; Martinelli, A.P.; Sazima, M. The role of nectar traits and nectary morphoanatomy in the plant-pollinator interaction between Billbergia distachia (Bromeliaceae) and the hermit Phaethornis eurynome (Trochilidae). Bot. J. Linn. Soc. 2020, 192, 816–827. [Google Scholar] [CrossRef]Gaffal, K.P. How common is the ability of extrafloral nectaries to produce nectar droplets, to secrete nectar during the night and to store starch? Plant Biol. 2012, 14, 691–695. [Google Scholar] [CrossRef] [PubMed]Chwil, M.; Chwil, S. Micromorphology and ultrastructure of the floral nectaries of Polemonium caeruleum L. (Polemoniaceae). Protoplasma 2012, 249, 1059–1069. [Google Scholar]Solhaug, E.M.; Johnson, E.; Carter, C.J. Carbohydrate metabolism and signaling in squash nectaries and nectar throughout floral maturation. Plant Physiol. 2019, 180, 1930–1946. [Google Scholar] [CrossRef]Xu, F.F.; Chen, J.; Husson, J. Leaf area lost, rather than herbivore type, determines the induction of extrafloral nectar secretion in a tropical plant (Clerodendrum philippinum). Arthropod-Plant Interact. 2014, 8, 513–518. [Google Scholar]Gonçalves-Souza, P.; Gonçalves, E.G.; Paiva, E.A.S. Extrafloral nectaries in Philodendron (Araceae): Distribution and structure. Bot. J. Linn. Soc. 2016, 180, 229–240. [Google Scholar]Schnepf, E. Zur Cytologie und Physiologie pflanzlicher Drüsen. IV. Teil: Licht- und elektronenmikroskopische Untersuchungen an Septalnektarien. Protoplasma 1964, 58, 137–171. [Google Scholar]Lüttge, U. Green nectaries: The role of photosynthesis in secretion. Bot. J. Linn. Soc. 2013, 173, 1–11. [Google Scholar] [CrossRef]Pacini, E.; Nepi, M. Nectar production and presentation. In Nectaries and Nectar; Springer: Dordrecht, The Netherlands, 2007; pp. 167–214. [Google Scholar]Cawoy, V.; Kinet, J.M.; Jacquemart, A.L. Morphology of nectaries and biology of nectar production in the distylous species Fagopyrum esculentum. Ann. Bot. 2008, 102, 675–684. [Google Scholar] [CrossRef] [PubMed]Ghosh, P.K.; Ramesh, P.; Bandyopadhyay, K.K.; Tripathi, A.K.; Hati, K.M.; Misra, A.K.; Acharya, C.L. Comparative effectiveness of cattle manure, poultry manure, phosphocompost and fertilizer-NPK on three cropping systems in vertisols of semi-arid tropics. I. Crop yields and system performance. Bioresour. Technol. 2004, 95, 77–83. [Google Scholar] [CrossRef]Radhika, C.; Kost, A.; Mithöfer, A.; Boland, W. Boland, Regulation of extrafloral nectar secretion by jasmonates in lima bean is light dependent. Proc. Natl. Acad. Sci. USA 2010, 107, 17228–17233. [Google Scholar] [CrossRef]Clearwater, M.J.; Noe, S.T.; Manley-Harris, M.; Truman, G.-L.; Gardyne, S.; Murray, J.; Obeng-Darko, S.A.; Richardson, S.J. Nectary photosynthesis contributes to the production of mānuka (Leptospermum scoparium) floral nectar. New Phytol. 2021, 232, 1703–1717. [Google Scholar] [CrossRef] [PubMed]Chen, X.Y. Extrafloral nectary–the sleeping beauty of plant science. J. Cotton Res. 2020, 3, 7. [Google Scholar]Trager, M.D.; Bhotika, S.; Hostetler, J.A.; Andrade, G.V.; A Rodriguez-Cabal, M.; McKeon, C.S.; Osenberg, C.W.; Bolker, B.M. Benefits for plants in ant-plant protective mutualisms: A meta-analysis. PLoS ONE 2010, 5, e14308. [Google Scholar]Yamawo, A.; Suzuki, N.; Tagawa, J. Extrafloral nectary-bearing plant Mallotus japonicus uses different types of extrafloral nectaries to establish effective defense by ants. J. Plant Res. 2019, 132, 499–507. [Google Scholar] [CrossRef]Heil, M. Extrafloral nectar at the plant-insect interface: A spotlight on chemical ecology, phenotypic plasticity, and food webs. Annu. Rev. Entomol. 2015, 60, 213–232. [Google Scholar]Villamil, N.; Boege, K.; Stone, G.N. Testing the Distraction Hypothesis: Do extrafloral nectaries reduce ant-pollinator conflict? J. Ecol. 2019, 107, 1377–1391. [Google Scholar]Assunção, M.A.; Torezan-Silingardi, H.M.; Del-Claro, K. Do ant visitors to extrafloral nectaries of plants repel pollinators and cause an indirect cost of mutualism? Flora 2014, 209, 244–249. [Google Scholar] [CrossRef]Lundgren, J.G. Nutritional aspects of non-prey foods in the life histories of predaceous Coccinellidae. Biol. Control. 2009, 51, 294–305. [Google Scholar] [CrossRef]Stefani, V.; Pires, T.L.; Torezan-Silingardi, H.M.; Del-Claro, K. Beneficial effects of ants and spiders on the reproductive value of Eriotheca gracilipes (Malvaceae) in a tropical savanna. PLoS ONE 2015, 10, e0131843. [Google Scholar]Paiva, E.A.S.; Martins, L.C. Structure of the receptacular nectary and circadian metabolism of starch in the ant-guarded plant Ipomoea cairica (Convolvulaceae). Plant Biol. 2014, 16, 244–251. [Google Scholar] [PubMed]Lortzing, T.; Calf, O.W.; Böhlke, M.; Schwachtje, J.; Kopka, J.; Geuß, D.; Kosanke, S.; van Dam, N.M.; Steppuhn, A. Extrafloral nectar secretion from wounds of Solanum dulcamara. Nat. Plants 2016, 2, 16056. [Google Scholar] [CrossRef]Paiva, E.A.S. Are calcium oxalate crystals a dynamic calcium store in plants? New Phytol. 2019, 223, 1707–1711. [Google Scholar] [CrossRef]da Silva Pereira, P.; de Almeida Gonçalves, L.; da Silva, M.J.; Rezende, M.H. Extrafloral nectaries of four varieties of Chamaecrista ramosa (Vogel) HS Irwin & Barneby (Fabaceae): Anatomy, chemical nature, mechanisms of nectar secretion, and elimination. Protoplasma 2018, 255, 1635–1647. [Google Scholar]Belan, H.C.; Barônio, G.J.; Kuster, V.C.; Oliveira, D.C.; Vasconcelos, H.L. Extranuptial nectaries in flowers: Ants increase the reproductive success of the ant-plant Miconia tococa (Melastomataceae). Plant Biol. 2020, 22, 917–923. [Google Scholar] [CrossRef]Millán-Cañongo, C.; Orona-Tamayo, D.; Heil, M. Phloem sugar flux and jasmonic acid-responsive cell wall invertase control extrafloral nectar secretion in Ricinus communis. J. Chem. Ecol. 2014, 40, 760–769. [Google Scholar] [CrossRef]Adler, L.S. The ecological significance of toxic nectar. Oikos 2000, 91, 409–420. [Google Scholar] [CrossRef] Figure 1. Correspondence between the nectar secretion stages and the growth phases of JXSS. Note: The period of nectar secretion is denoted by S1–S5, while the P. lactiflora growth phase is represented by P1, P3, P4, P7, and P10. Figure 1. Correspondence between the nectar secretion stages and the growth phases of JXSS. Note: The period of nectar secretion is denoted by S1–S5, while the P. lactiflora growth phase is represented by P1, P3, P4, P7, and P10. Figure 3. Nectar secretion periods of P. lactiflora cultivars with different flowering times. Note: The flowers are arranged in chronological order (from left to right) to illustrate the full-bloom stages of early-, mid-, and late-flowering cultivars. Figure 3. Nectar secretion periods of P. lactiflora cultivars with different flowering times. Note: The flowers are arranged in chronological order (from left to right) to illustrate the full-bloom stages of early-, mid-, and late-flowering cultivars. Figure 4. The nectariferous period of JXSS. Note: The yellow triangle denotes nectar on the bract, and the red triangle denotes nectar on the sepal. The white, yellow, and red boxes represent the flower bud, bract, and sepal, respectively. Figure 4. The nectariferous period of JXSS. Note: The yellow triangle denotes nectar on the bract, and the red triangle denotes nectar on the sepal. The white, yellow, and red boxes represent the flower bud, bract, and sepal, respectively. Figure 5. Nectar secretion index of flower buds of 32 P. lactiflora cultivars. Note: Data shown in the graphs are means ± standard deviation. Figure 5. Nectar secretion index of flower buds of 32 P. lactiflora cultivars. Note: Data shown in the graphs are means ± standard deviation. Figure 6. The relationship between nectar secretion index and flowering period, flower color and flower type. Note: The data shown in the figure are mean ± standard deviation. Multiple comparisons of flowering period (A), flower color (B), and flower type (C) with the nectar index were performed by the LSD method, * p < 0.05, ** p < 0.01. Figure 6. The relationship between nectar secretion index and flowering period, flower color and flower type. Note: The data shown in the figure are mean ± standard deviation. Multiple comparisons of flowering period (A), flower color (B), and flower type (C) with the nectar index were performed by the LSD method, * p < 0.05, ** p < 0.01. Figure 7. Nectar secretion in P. lactiflora cultivars at various growth stages. Note: In the legend, ‘B’ represents bracts, and ‘S’ represents sepals. Figure 7. Nectar secretion in P. lactiflora cultivars at various growth stages. Note: In the legend, ‘B’ represents bracts, and ‘S’ represents sepals. Figure 8. Nectar sugar concentration in two consecutive years of nectar-producing cultivars with differences. Note: Different uppercase letters indicate significant differences among cultivars within the same year (p < 0.05). Different lowercase letters indicate significant differences across years for the same cultivar (p < 0.05). Figure 8. Nectar sugar concentration in two consecutive years of nectar-producing cultivars with differences. Note: Different uppercase letters indicate significant differences among cultivars within the same year (p < 0.05). Different lowercase letters indicate significant differences across years for the same cultivar (p < 0.05). Figure 9. Macroscopic and surface morphology of different regions of the bracts at different stages of secretion in JXSS (high production). (A–E) employ white arrows to indicate the nectar-secreting areas on the JXSS bracts, while yellow arrows denote the non-nectar-secreting areas. (F–J) illustrate the microstructure of the swollen edge at the base of the bract (the nectar-secreting area). (K–O) depict the microstructure of the non-edge area of the bract (the non-nectar-secreting area). (A–E) Inset shows flower buds from the same period; (F–O) inset shows an enlarged view of stomata. Figure 9. Macroscopic and surface morphology of different regions of the bracts at different stages of secretion in JXSS (high production). (A–E) employ white arrows to indicate the nectar-secreting areas on the JXSS bracts, while yellow arrows denote the non-nectar-secreting areas. (F–J) illustrate the microstructure of the swollen edge at the base of the bract (the nectar-secreting area). (K–O) depict the microstructure of the non-edge area of the bract (the non-nectar-secreting area). (A–E) Inset shows flower buds from the same period; (F–O) inset shows an enlarged view of stomata. Figure 10. Macroscopic and surface morphology of different regions of the bracts at different stages of secretion in LHBB (high production). (A–E) employ white arrows to indicate the nectar-secreting areas on the LHBB bracts, while yellow arrows denote the non-nectar-secreting areas. (F–J) illustrate the microstructure of the swollen edge at the base of the bract (the nectar-secreting area). (K–O) depict the microstructure of the non-edge area of the bract (the non-nectar-secreting area). (A–E) Inset shows flower buds from the same period; (F–O) inset shows an enlarged view of stomata. Figure 10. Macroscopic and surface morphology of different regions of the bracts at different stages of secretion in LHBB (high production). (A–E) employ white arrows to indicate the nectar-secreting areas on the LHBB bracts, while yellow arrows denote the non-nectar-secreting areas. (F–J) illustrate the microstructure of the swollen edge at the base of the bract (the nectar-secreting area). (K–O) depict the microstructure of the non-edge area of the bract (the non-nectar-secreting area). (A–E) Inset shows flower buds from the same period; (F–O) inset shows an enlarged view of stomata. Figure 11. Macroscopic and surface morphology of different regions of the bracts at different stages of secretion in QHLS (low production). (A–E) employ white arrows to indicate the nectar-secreting areas on the QHLS bracts, while yellow arrows denote the non-nectar-secreting areas. (F–J) illustrate the microstructure of the swollen edge at the base of the bract (the nectar-secreting area). (K–O) depict the microstructure of the non-edge area of the bract (the non-nectar-secreting area). (A–E) Inset shows flower buds from the same period; (F–O) inset shows an enlarged view of stomata. Figure 11. Macroscopic and surface morphology of different regions of the bracts at different stages of secretion in QHLS (low production). (A–E) employ white arrows to indicate the nectar-secreting areas on the QHLS bracts, while yellow arrows denote the non-nectar-secreting areas. (F–J) illustrate the microstructure of the swollen edge at the base of the bract (the nectar-secreting area). (K–O) depict the microstructure of the non-edge area of the bract (the non-nectar-secreting area). (A–E) Inset shows flower buds from the same period; (F–O) inset shows an enlarged view of stomata. Figure 12. Macroscopic and surface morphology of different regions of the bracts at different stages of secretion in YFCY (low production). (A–E) employ white arrows to indicate the nectar-secreting areas on the YFCY bracts, while yellow arrows denote the non-nectar-secreting areas. (F–J) illustrate the microstructure of the swollen edge at the base of the bract (the nectar-secreting area). (K–O) depict the microstructure of the non-edge area of the bract (the non-nectar-secreting area). Yellow triangles indicate non-glandular trichomes. (A–E) Inset shows flower buds from the same period; (F–O) inset shows an enlarged view of stomata. Figure 12. Macroscopic and surface morphology of different regions of the bracts at different stages of secretion in YFCY (low production). (A–E) employ white arrows to indicate the nectar-secreting areas on the YFCY bracts, while yellow arrows denote the non-nectar-secreting areas. (F–J) illustrate the microstructure of the swollen edge at the base of the bract (the nectar-secreting area). (K–O) depict the microstructure of the non-edge area of the bract (the non-nectar-secreting area). Yellow triangles indicate non-glandular trichomes. (A–E) Inset shows flower buds from the same period; (F–O) inset shows an enlarged view of stomata. Figure 13. Anatomical structure regions of the bracts at different stages of secretion in JXSS and LHBB (high production). (A,F), (B,G), (C,H), (D,I), and (E,J) show bracts at S1, S2, S3, S4, and S5 of JXSS, respectively. (A–E) illustrate the anatomical structure of the swollen edge at the base of the JXSS bract (the nectar-secreting area). (F–J) depict the anatomical structure of the non-edge area of the bract (the non-nectar-secreting area). (K,P), (L,Q), (M,R), (N,S), and (O,T) show bracts at S1, S2, S3, S4, and S5 of LHBB, respectively. (K–O) illustrate the anatomical structure of the swollen edge at the base of the bract (the nectar-secreting area). (P–T) depict the anatomical structure of the non-edge area of the bract (the non-nectar-secreting area). e: secretory epidermis; ab: abaxial surface; ad: adaxial surface; vb: vascular bundle; ph: phloem; xy: xylem; is: substomatal chamber. Triangular arrows indicate stomata; double arrowheads indicate the xylem; single arrowheads indicate the phloem; ‘*’ indicates massive vacuolated cells; ‘**’ indicates intercellular spaces; and circles indicate calcium oxalate crystals. Figure 13. Anatomical structure regions of the bracts at different stages of secretion in JXSS and LHBB (high production). (A,F), (B,G), (C,H), (D,I), and (E,J) show bracts at S1, S2, S3, S4, and S5 of JXSS, respectively. (A–E) illustrate the anatomical structure of the swollen edge at the base of the JXSS bract (the nectar-secreting area). (F–J) depict the anatomical structure of the non-edge area of the bract (the non-nectar-secreting area). (K,P), (L,Q), (M,R), (N,S), and (O,T) show bracts at S1, S2, S3, S4, and S5 of LHBB, respectively. (K–O) illustrate the anatomical structure of the swollen edge at the base of the bract (the nectar-secreting area). (P–T) depict the anatomical structure of the non-edge area of the bract (the non-nectar-secreting area). e: secretory epidermis; ab: abaxial surface; ad: adaxial surface; vb: vascular bundle; ph: phloem; xy: xylem; is: substomatal chamber. Triangular arrows indicate stomata; double arrowheads indicate the xylem; single arrowheads indicate the phloem; ‘*’ indicates massive vacuolated cells; ‘**’ indicates intercellular spaces; and circles indicate calcium oxalate crystals. Figure 14. Anatomical structure regions of the bracts at different stages of secretion in QHLS and YFCY (low production). (A,F), (B,G), (C,H), (D,I), and (E,J) show bracts at S1, S2, S3, S4, and S5 of QHLS, respectively. (A–E) illustrate the anatomical structure of the swollen edge at the base of the QHLS bract (the nectar-secreting area). (F–J) depict the anatomical structure of the non-edge area of the bract (the non-nectar-secreting area). (K,P), (L,Q), (M,R), (N,S), and (O,T) show bracts at S1, S2, S3, S4, and S5 of YFCY, respectively. (K–O) illustrate the anatomical structure of the swollen edge at the base of the bract (the nectar-secreting area). (P–T) depict the anatomical structure of the non-edge area of the bract (the non-nectar-secreting area). e: secretory epidermis; ab: abaxial surface; ad: adaxial surface; vb: vascular bundle; ph: phloem; xy: xylem; is: substomatal chamber. Triangular arrows indicate stomata; double arrowheads indicate the xylem; single arrowheads indicate the phloem; ‘*’ indicates massive vacuolated cells; ‘**’ indicates intercellular spaces; and circles indicate calcium oxalate crystals. Yellow triangles indicate non-glandular trichomes. Figure 14. Anatomical structure regions of the bracts at different stages of secretion in QHLS and YFCY (low production). (A,F), (B,G), (C,H), (D,I), and (E,J) show bracts at S1, S2, S3, S4, and S5 of QHLS, respectively. (A–E) illustrate the anatomical structure of the swollen edge at the base of the QHLS bract (the nectar-secreting area). (F–J) depict the anatomical structure of the non-edge area of the bract (the non-nectar-secreting area). (K,P), (L,Q), (M,R), (N,S), and (O,T) show bracts at S1, S2, S3, S4, and S5 of YFCY, respectively. (K–O) illustrate the anatomical structure of the swollen edge at the base of the bract (the nectar-secreting area). (P–T) depict the anatomical structure of the non-edge area of the bract (the non-nectar-secreting area). e: secretory epidermis; ab: abaxial surface; ad: adaxial surface; vb: vascular bundle; ph: phloem; xy: xylem; is: substomatal chamber. Triangular arrows indicate stomata; double arrowheads indicate the xylem; single arrowheads indicate the phloem; ‘*’ indicates massive vacuolated cells; ‘**’ indicates intercellular spaces; and circles indicate calcium oxalate crystals. Yellow triangles indicate non-glandular trichomes. Figure 15. Dynamic changes of starch in bracts of four P. lactiflora cultivars during nectar secretion. Note: (A,E,I) Sections of bract margin tissue from LHBB; (B,F,J) sections of bract margin tissue from JXSS; (C,G,K) sections of bract margin tissue from YFCY; (D,H,L) sections of bract margin tissue from QHLS. Arrows indicate starch granules. st: stomata; vb: vascular bundle; ph: phloem; xy: xylem. Figure 15. Dynamic changes of starch in bracts of four P. lactiflora cultivars during nectar secretion. Note: (A,E,I) Sections of bract margin tissue from LHBB; (B,F,J) sections of bract margin tissue from JXSS; (C,G,K) sections of bract margin tissue from YFCY; (D,H,L) sections of bract margin tissue from QHLS. Arrows indicate starch granules. st: stomata; vb: vascular bundle; ph: phloem; xy: xylem. Figure 16. Content of photosynthetic pigments in different parts of P. lactiflora high-production cultivars during nectar secretion. Note: (A,B) illustrate the dynamic changes in the content of chlorophyll a, chlorophyll b, and total chlorophyll during the nectar secretion process of JXSS and LHBB. Uppercase letters indicate differences between cultivars at the same stage; lowercase letters indicate differences in the same cultivar at different stages. Figure 16. Content of photosynthetic pigments in different parts of P. lactiflora high-production cultivars during nectar secretion. Note: (A,B) illustrate the dynamic changes in the content of chlorophyll a, chlorophyll b, and total chlorophyll during the nectar secretion process of JXSS and LHBB. Uppercase letters indicate differences between cultivars at the same stage; lowercase letters indicate differences in the same cultivar at different stages. Figure 17. Content of photosynthetic pigments in different parts of P. lactiflora low-production cultivars during nectar secretion. Note: (A,B) illustrate the dynamic changes in chlorophyll a, chlorophyll b, and total chlorophyll content during nectary secretion in the QHLS and YFCY cultivars, respectively. Capital letters signify differences between cultivars at the same developmental stage, while lowercase letters denote variations within the same cultivar across different developmental stages. Figure 17. Content of photosynthetic pigments in different parts of P. lactiflora low-production cultivars during nectar secretion. Note: (A,B) illustrate the dynamic changes in chlorophyll a, chlorophyll b, and total chlorophyll content during nectary secretion in the QHLS and YFCY cultivars, respectively. Capital letters signify differences between cultivars at the same developmental stage, while lowercase letters denote variations within the same cultivar across different developmental stages. Figure 18. Fv/Fm in various parts of P. lactiflora and the response of nectar production and Fv/Fm to shading. Note: (A) Fv/Fm ratios for various parts of four cultivars during S3; (B) daily nectar production for LHBB under shading treatment; (C) Fv/Fm ratio for LHBB under shading treatment; (D) daily nectar production under shading treatment for YFCY; (E) Fv/Fm ratio under shading treatment for YFCY. Uppercase letters are differences between cultivars of the same position; lowercase letters are differences between different positions of the same cultivar. Figure 18. Fv/Fm in various parts of P. lactiflora and the response of nectar production and Fv/Fm to shading. Note: (A) Fv/Fm ratios for various parts of four cultivars during S3; (B) daily nectar production for LHBB under shading treatment; (C) Fv/Fm ratio for LHBB under shading treatment; (D) daily nectar production under shading treatment for YFCY; (E) Fv/Fm ratio under shading treatment for YFCY. Uppercase letters are differences between cultivars of the same position; lowercase letters are differences between different positions of the same cultivar. Figure 19. Nectar secretion index of LHBB and YFCY after external liquid spraying. Note: Different uppercase letters indicate significant differences among different treatments within the same cultivar (p < 0.05). Figure 19. Nectar secretion index of LHBB and YFCY after external liquid spraying. Note: Different uppercase letters indicate significant differences among different treatments within the same cultivar (p < 0.05). Table 1. Basic information of 32 P. lactiflora cultivars. Table 1. Basic information of 32 P. lactiflora cultivars. Serial NumberCultivarFlowering PeriodFlower ColorFlower Type1‘Dong Fang Shao Nv’LId2‘Yang Fei Chu Yu’LIb3‘Zi Feng Yu’EIIIe4‘Lan Tian Piao Xiang’MIId5‘Lan Hai Bi Bo’LIId6‘Xiang Tian Ge’EIIc7‘Jin Dai Huan Jiao’MIId8‘Feng Huang Nie Pan’EIa9‘Fen Chi Jin Yu’MId10‘Hong Xiu Qiu’LIIIc11‘Qi Hua Lu Shuang’EIIe12‘Jin Xing Shan Shuo’MIIIe13‘Yan Zi Xiang Yang’EIIId14‘Da Fu Gui’EIIId15‘Xue Feng’MIc16‘Gao Gan Hong’EIIId17‘Kun Shan Xia Guang’MIb18‘Hong Cha Hua’MIIId19‘Zhao Yuan Hong’MIIIc20‘Xue Shan Zi Yu’LId21‘Lan Ju’MIIe22‘Hong Hua Lu Shuang’MIIIb23‘Chi Fen’LIIb24‘Da Fang Yi Cai’LIIa25‘Die Lian Hua’MIIIe26‘Fen Lan Ju Yun’MIIb27‘Huan Yan’MIIIb28‘Hui Cui’MIIIc29‘Ling Bo Zui’EIIa30‘Mei Ju’EIIe31‘Ran Fang Sai’EIa32‘Yang Wang Xing Kong’LIIIc Note: The flowering period was divided into early-, mid-, and late-flowering [23], represented as E, M, and L, respectively; flower color was divided into light, medium, and dark [24,25], represented as I, II, and III, respectively; flower type [23] was divided into a. simple form; b. rose or chrysanthemum form; c. crown or globular form; d. prolification form; e. anemone form. Table 2. Spearman’s correlation coefficients between nectar secretion index and flowering period/flower color/flower type. Table 2. Spearman’s correlation coefficients between nectar secretion index and flowering period/flower color/flower type. Phenotypic IndicatorsCorrelation Coefficient/|r|Flower PeriodFlower ColorFlower TypeNectar secretion index0.0880.0750.116 Table 3. Detection of sugar content of P. lactiflora nectar based on GC-MS. Table 3. Detection of sugar content of P. lactiflora nectar based on GC-MS. NumberIndexClassSugar Content mg/gLHBB (High Production)YFCY (Low Production)11,5-AnhydroglucitolMonosaccharide--22-Acetamido-2-deoxy-DglucopyranoseMonosaccharide0.048 ± 0.0090.068 ± 0.00132-Deoxy-D-riboseMonosaccharide--4Barium D-ribose-5-phosphateMonosaccharide0.077 ± 0.0110.094 ± 0.0135CellobioseDisaccharide0.098 ± 0.0170.106 ± 0.0166D-ArabinitolMonosaccharide0.009 ± 0.0010.014 ± 07D-ArabinoseMonosaccharide--8DeoxyglucoseMonosaccharide--9D-FructoseMonosaccharide0.798 ± 0.020.823 ± 0.02210D-GalactoseMonosaccharide0.01 ± 00.013 ± 0.00111D-Galacturonic acidMonosaccharide0.009 ± 0.0010.009 ± 012D-Glucuronic acidMonosaccharide--13D-MannoseMonosaccharide0.01 ± 00.009 ± 014D-Mannose-6-phosphate sodium saltMonosaccharide0.392 ± 0.0170.264 ± 0.03815D-Ribono-1,4-lactoneMonosaccharide--16D-RiboseMonosaccharide0.004 ± 0.0010.01 ± 0.005 *17D-SorbitolMonosaccharide0.01 ± 0.0020.02 ± 0.00118D-XyloseMonosaccharide0.043 ± 0.0090.065 ± 0.01819D-XyluloseMonosaccharide0.003 ± 0.0010.011 ± 0.001 *20GlucoseMonosaccharide0.617 ± 0.0180.671 ± 0.01421InositolMonosaccharide15.681 ± 1.77216.198 ± 1.44422LactoseDisaccharide--23LevoglucosanMonosaccharide1.066 ± 0.1111.253 ± 0.08624L-FucoseMonosaccharide0.014 ± 0.0020.015 ± 0.00125L-RhamnoseMonosaccharide0.01 ± 0.0010.01 ± 026MaltoseDisaccharide1.116 ± 0.1691.098 ± 0.12927MethylgalactosideMonosaccharide--28PhenylglucosideDisaccharide0.006 ± 00.007 ± 029RaffinoseTrisaccharide2.431 ± 0.1182.659 ± 0.13130SucroseDisaccharide307.98 ± 4.449357.44 ± 8.02231TrehaloseDisaccharide0.034 ± 0.0050.05 ± 0.00532XylitolMonosaccharide-- Note: The data presented in the table are expressed as the mean ± standard deviation. The symbol ‘*’ denotes a significant difference for that item (fold change ≥ 2 or ≤0.5). Table 4. The characteristics of the stomata in the nectary epidermis of four studied P. lactiflora cultivars at the S3 stage. Table 4. The characteristics of the stomata in the nectary epidermis of four studied P. lactiflora cultivars at the S3 stage. Tested FeatureCultivars‘Lan Hai Bi Bo’‘Jin Xing Shan Shuo’‘Yang Fei Chu Yu’ ‘Qi Hua Lu Shuang’ BractSepalBractSepalBractSepalBractSepalSL(μm)36.26 ± 1.5 Aa33.02 ± 1.92 ABb33.59 ± 2.96 Ba33.79 ± 6.06 ABa34.09 ± 1.8 Ba34.37 ± 2.92 Aa37.41 ± 3.7 Aa31.55 ± 4.75 BbSW(μm)29.59 ± 2.58 Aa26.71 ± 2.08 Ab27.25 ± 3.67 Ba25.63 ± 5.06 Aa25.51 ± 1.97 Cb27.75 ± 2.54 Aa21.45 ± 1.94 Da22.21 ± 3.31 BaSA’(μm2)811.8 ± 41.28 Aa741.78 ± 62.04 Ab786.59 ± 139.7 ABa650.99 ± 183.94 Bb710.25 ± 34.98 Cb755.26 ± 71.67 Aa742.21 ± 94.17 BCa543.68 ± 111.27 CbSA(μm)8.65 ± 0.84 Ba6.91 ± 0.71 Bb10.07 ± 1.44 Aa9.24 ± 2.25 Ab4.84 ± 0.27 Da4.74 ± 0.57 Da5.43 ± 0.94 Ca5.81 ± 1.13 CaSD/mm2(pc.)87.18 ± 6.92 Ba73.33 ± 5.72 Bb54.84 ± 8.36 Db65.59 ± 6.3 Ca140.51 ± 9.85 Aa121.54 ± 7.8 Ab76.56 ± 7.56 Ca76.13 ± 3.82 BaSS(pc.)64.33 ± 6.58 Ba54.96 ± 4.64 Bb70.3 ± 5.93 Ab74.37 ± 3.28 Aa29.22 ± 3.48 Ca29.54 ± 0.75 Ca18.65 ± 6.81 Da22.39 ± 2.59 Da SL: stomatal length; SW: stomatal width; SA’: stomatal area; SA: stomatal aperture; SD: stomatal density; SS: percentage of nectar-secreting stomata. Identical letters indicate no significant difference (p > 0.05). The uppercase letters are the differences between different cultivars in the same part, and the lowercase letters are the differences between different parts of the same cultivar. The data shown in the figure are mean ± standard deviation. Table 5. Spearman’s correlation coefficients between nectar secretion index and surface stomatal index of nectar secretion sites of different P. lactiflora cultivars. Table 5. Spearman’s correlation coefficients between nectar secretion index and surface stomatal index of nectar secretion sites of different P. lactiflora cultivars. Correlation CoefficientNectaryPhenotypicSLSWSA’SASDSSBractNectar secretion index0.0460.711 **0.4270.711 **−0.1480.725 **Sepal−0.1050.0840.2380.666 *−0.1480.725 ** ‘*’ represents a significant correlation at the 0.05 level, and ‘**’ represents a highly significant correlation at the 0.01 level. Disclaimer/Publisher’s Note: The statements, opinions and data contained in all publications are solely those of the individual author(s) and contributor(s) and not of MDPI and/or the editor(s). MDPI and/or the editor(s) disclaim responsibility for any injury to people or property resulting from any ideas, methods, instructions or products referred to in the content. © 2026 by the authors. Licensee MDPI, Basel, Switzerland. This article is an open access article distributed under the terms and conditions of the Creative Commons Attribution (CC BY) license. Share and Cite MDPI and ACS Style Cai, H.; Ma, W.; Wan, Y.; Liu, Y. Nectary Structure and Nectar Secretion Characteristics Among Various Cultivars of Paeonia lactiflora. Plants 2026, 15, 580. https://doi.org/10.3390/plants15040580 AMA Style Cai H, Ma W, Wan Y, Liu Y. Nectary Structure and Nectar Secretion Characteristics Among Various Cultivars of Paeonia lactiflora. Plants. 2026; 15(4):580. https://doi.org/10.3390/plants15040580 Chicago/Turabian Style Cai, Hui, Wenjie Ma, Yingling Wan, and Yan Liu. 2026. ""Nectary Structure and Nectar Secretion Characteristics Among Various Cultivars of Paeonia lactiflora"" Plants 15, no. 4: 580. https://doi.org/10.3390/plants15040580 APA Style Cai, H., Ma, W., Wan, Y., & Liu, Y. (2026). Nectary Structure and Nectar Secretion Characteristics Among Various Cultivars of Paeonia lactiflora. Plants, 15(4), 580. https://doi.org/10.3390/plants15040580 Note that from the first issue of 2016, this journal uses article numbers instead of page numbers. See further details here. Article Metrics No No Article Access Statistics For more information on the journal statistics, click here. Multiple requests from the same IP address are counted as one view.",NA,"https://doi.org/10.3390/plants15040580",NA,"openalex",FALSE,FALSE,NA,NA,NA
"W7128644738","Starching-induced heat transfer enhancement of food particles during stir-frying: Bubble mechanisms and quality effects","Xiang Ding; Guangrong Zhe; Qian Meng; Cuizhu Shi; Yong Yan; Aiquan Jiao; Li Deng; J. Li","2026-02-12",4,"https://api.elsevier.com/content/article/pii/S0260877426000634doi:10.1016/j.jfoodeng.2026.1130251-s2.0-S026087742600063410.1016/j.jfoodeng.2026.113025S0260-8774(26)00063-4Starching-induced heat transfer enhancement of food particles during stir-frying: Bubble mechanisms and quality effects Journal of Food EngineeringJournal026087742026-06-30June 20260falsefalse",NA,NA,NA,"openalex",FALSE,FALSE,NA,NA,NA
"W7128716780","Electrochemical Sensor Based on a Composite of Babassu Starch, Carbon Black, and Cobalt Phthalocyanine for the Detection of Hydroxychloroquine","João Pedro C. Silva; Gilvana P. Siqueira; Domingos Rosa Santos-Neto; Raquel G. Rocha; Jéssica S. Stefano; Luiza M. F. Dantas; L. H. M. Silva; Eduardo M. Richter; Rodrigo A. A. Muñoz; Iranaldo Santos da Silva","2026-02-12",4,"",NA,"https://doi.org/10.1021/acsomega.5c13354",NA,"openalex",FALSE,FALSE,NA,NA,NA
"W7128787199","Genome‐wide association study identifies consistent genomic loci for yield and nutritional quality in Ethiopian sorghum landraces","Chalachew Endalamaw; Chibueze Kelechi Ene; Firezer Girma Kebede; Zeleke Wondimu; Hailekiros Tadesse Tekle; Kwame W. Shamuyarira; Angeline Jacoby; Maryke Tine Labuschagne","2026-02-12",4,"Abstract Identifying genomic regions linked to yield and quality is crucial for sorghum ( Sorghum bicolor L.) improvement, but limited studies on its genome and diversity hinder breeding efforts. This study aimed to identify phenotypic variance and common quantitative trait nucleotides (QTNs) associated with genomic regions linked with grain yield and quality traits. The experiment was conducted during the 2020 and 2021 growing seasons across three Ethiopian agroecological zones—wet intermediate (Jimma), dry lowland irrigated (Melkassa), and natural drought‐prone lowland (Miesso)—using a diverse panel of 358 Ethiopian sorghum landraces. Grain yield reflected both genetic and environmental effects, while the other traits were mainly under genetic control. A multi‐locus genome‐wide association study (ML‐GWAS) was conducted using 209,572 high‐quality single‐nucleotide polymorphism markers. A total of 27 stable QTNs were identified across six environments using multiple ML‐GWAS models. Five QTNs were associated with grain yield, nine with protein content, seven with 1000‐seed weight, and six with amylopectin. Two QTNs, S01_65245223 and S09_50940522, were notable in grain yield, with candidate genes encoding a universal stress protein ( Sobic.001G363100 ) and an E3 ubiquitin ligase ( Sobic.009G153100 ), involved in stress response and protein turnover. For protein content, S01_1332500 and S05_53371984 localized with genes encoding EMC2 ( Sobic.001G014800 ) and HVA22‐like storage proteins ( Sobic.005G121200 and Sobic.005G121300 ), key for protein folding and accumulation. Note that 1000‐seed weight, QTNs S03_3571908 and S01_73998261 were linked to a phospholipase A1 ( Sobic.003G038000 ) and a peptidyl‐prolyl isomerase/E3 ligase ( Sobic.001G466700 ), supporting seed filling and growth regulation. For amylopectin, S04_62662803 and S08_53120256 corresponded to GBSSI/SSIIa ( Sobic.004G284400 ) and APS reductase ( Sobic.008G118900 ), central to starch biosynthesis and redox regulation. Multi‐locus GWAS revealed stable QTNs for yield and grain quality in sorghum, validating known and novel loci as targets for breeding resilient, biofortified cultivars.",NA,"https://doi.org/10.1002/tpg2.70201",NA,"openalex",FALSE,FALSE,NA,NA,NA
"W7128679735","Effects of β-glucanase on the dough and powder properties of highland barley–wheat blended dough","Ziyuan Guo; Xin Wang; Xiangbo Xu; Yingming Tang; Minglu Lan; Xiaoqing Deng","2026-02-12",4,"Summary This study investigated how β-glucanase (BGS) alters the dough and powder properties of two highland barley varieties, Kunlun-14 and Zangqing-18, to optimize high-fibre barley products via enzymatic modification. Peak viscosity decreased owing to reduced β-glucan barrier effects and weaker gluten networks. Breakdown value initially decreased before increasing. Final viscosity and retrogradation decreased as amylose recrystallization was inhibited. Zangqing-18 had a lower pasting temperature but higher shear and retrogradation resistance. β-Glucan content decreased with BGS level, while starch, amylose, and protein contents varied nonlinearly. β-glucan inversely correlated with amylose and positively with protein. Particle size remained stable, while molecular chains shortened. BGS reduced water absorption, development time, and stability, weakening gluten strength. Zangqing-18 demonstrated increased sensitivity, displaying enhanced starch stability and reduced retrogradation, whereas Kunlun-14 showed greater increases in tensile properties. BGS enhances gluten hydration, reduces pore size, and strengthens the gluten–starch network, demonstrating value in high-fibre barley food development.",NA,"https://doi.org/10.1093/ijfood/vvag029",NA,"openalex",FALSE,FALSE,NA,NA,NA
"2511.17742","Fracture and failure of shear-jammed dense suspensions under impact","Malcolm Slutzky; Alice Pelosse; Michael van der Naald; Heinrich M. Jaeger","2025-11-21",87,"Impacted with sufficiently large stress, a dense, initially liquid-like suspension can be forced into a solid-like state through a process known as shear jamming. While the onset of shear jamming has been investigated extensively, much less is known about the resulting solid-like state in the high stress limit and, in particular, about its failure mode. We report on experiments that produce such high-stress failure by impacting dense suspensions with a cylindrical rod moving at controlled speed. Using suspensions of cornstarch particles we vary the impact speed over several orders of magnitude and change the fluid viscosity as well as the surface tension in order to identify the conditions for failure. The results are compared with similarly dense suspensions of potato starch or polydisperse silica particles. In all cases where the shear-jammed suspension fails by fracturing, similar to brittle solids, we observe two types of cracks: a primary circular crack around the impacting rod followed by secondary radial cracks. Mapping out the onset of radial fracturing for different particle volume fractions ϕ\phi and impact speeds, we identify the requirements for failure via crack formation to occur with at least 50% likelihood and record the corresponding normal stress σN\sigma_{\text{N}} on the impactor. We find that this likelihood is not particularly sensitive to changes in particle diameter, but increases when the solvent’s viscosity or its surface tension are reduced. In the state diagram for dense suspensions we use these data to delineate the upper limit of shear-jammed rigidity and the crossover into a fracture regime at large ϕ\phi and large σN\sigma_{\text{N}}, several orders of magnitude above the stress required for the onset of shear-jamming. We find that the onset of fracturing in many cases is correlated with signatures of internal ductile deformation of the shear-jammed material underneath the impactor, observable in σN\sigma_{\text{N}} as a function of axial strain. However, for smaller suspension volumes and larger impact speeds, we find strain-hardening up to the point of fracturing. This more brittle behavior results in a modulus that, just before crack formation, is roughly an order of magnitude larger than what we observe in shear-jammed suspensions undergoing internal ductile deformation. ††preprint: APS/123-QED","https://arxiv.org/pdf/2511.17742v1.pdf",NA,NA,"arxiv",TRUE,FALSE,"arxiv_fracture_and_failure_251117742.pdf",9.52,"arxiv_pdf"
